PLAYER_ID,PLAYER_NAME,NICKNAME,TEAM_ID,TEAM_ABBREVIATION,AGE,GP_x,W_x,L_x,W_PCT_x,MIN_x,FGM_x,FGA_x,FG_PCT_x,FG3M_x,FG3A_x,FG3_PCT_x,FTM_x,FTA_x,FT_PCT_x,OREB_x,DREB_x,REB_x,AST_x,TOV_x,STL_x,BLK_x,BLKA_x,PF_x,PFD_x,PTS_x,PLUS_MINUS_x,NBA_FANTASY_PTS,DD2,TD3,WNBA_FANTASY_PTS,GP_RANK_x,W_RANK_x,L_RANK_x,W_PCT_RANK_x,MIN_RANK_x,FGM_RANK_x,FGA_RANK_x,FG_PCT_RANK_x,FG3M_RANK_x,FG3A_RANK_x,FG3_PCT_RANK_x,FTM_RANK_x,FTA_RANK_x,FT_PCT_RANK_x,OREB_RANK_x,DREB_RANK_x,REB_RANK_x,AST_RANK_x,TOV_RANK_x,STL_RANK_x,BLK_RANK_x,BLKA_RANK_x,PF_RANK_x,PFD_RANK_x,PTS_RANK_x,PLUS_MINUS_RANK_x,NBA_FANTASY_PTS_RANK,DD2_RANK,TD3_RANK,WNBA_FANTASY_PTS_RANK,TEAM_COUNT,E_OFF_RATING_x,OFF_RATING_x,sp_work_OFF_RATING,E_DEF_RATING_x,DEF_RATING_x,sp_work_DEF_RATING,E_NET_RATING_x,NET_RATING_x,sp_work_NET_RATING,AST_PCT_x,AST_TO_x,AST_RATIO_x,OREB_PCT_x,DREB_PCT_x,REB_PCT_x,TM_TOV_PCT_x,E_TOV_PCT,EFG_PCT_x,TS_PCT_x,USG_PCT,E_USG_PCT,E_PACE_x,PACE_x,PACE_PER40_x,sp_work_PACE,PIE_x,POSS_x,FGM_PG,FGA_PG,E_OFF_RATING_RANK,OFF_RATING_RANK_x,sp_work_OFF_RATING_RANK,E_DEF_RATING_RANK,DEF_RATING_RANK_x,sp_work_DEF_RATING_RANK,E_NET_RATING_RANK,NET_RATING_RANK_x,sp_work_NET_RATING_RANK,AST_PCT_RANK_x,AST_TO_RANK_x,AST_RATIO_RANK_x,OREB_PCT_RANK_x,DREB_PCT_RANK_x,REB_PCT_RANK_x,TM_TOV_PCT_RANK_x,E_TOV_PCT_RANK,EFG_PCT_RANK_x,TS_PCT_RANK_x,USG_PCT_RANK,E_USG_PCT_RANK,E_PACE_RANK,PACE_RANK_x,sp_work_PACE_RANK,PIE_RANK_x,FGM_PG_RANK,FGA_PG_RANK,PCT_FGM,PCT_FGA,PCT_FG3M,PCT_FG3A,PCT_FTM,PCT_FTA,PCT_OREB,PCT_DREB,PCT_REB,PCT_AST,PCT_TOV,PCT_STL,PCT_BLK,PCT_BLKA,PCT_PF,PCT_PFD,PCT_PTS,PCT_FGM_RANK,PCT_FGA_RANK,PCT_FG3M_RANK,PCT_FG3A_RANK,PCT_FTM_RANK,PCT_FTA_RANK,PCT_OREB_RANK,PCT_DREB_RANK,PCT_REB_RANK,PCT_AST_RANK,PCT_TOV_RANK,PCT_STL_RANK,PCT_BLK_RANK,PCT_BLKA_RANK,PCT_PF_RANK,PCT_PFD_RANK,PCT_PTS_RANK,PTS_OFF_TOV_x,PTS_2ND_CHANCE_x,PTS_FB_x,PTS_PAINT_x,OPP_PTS_OFF_TOV_x,OPP_PTS_2ND_CHANCE_x,OPP_PTS_FB_x,OPP_PTS_PAINT_x,PTS_OFF_TOV_RANK_x,PTS_2ND_CHANCE_RANK_x,PTS_FB_RANK_x,PTS_PAINT_RANK_x,OPP_PTS_OFF_TOV_RANK_x,OPP_PTS_2ND_CHANCE_RANK_x,OPP_PTS_FB_RANK_x,OPP_PTS_PAINT_RANK_x,PCT_FGA_2PT_x,PCT_FGA_3PT_x,PCT_PTS_2PT_x,PCT_PTS_2PT_MR_x,PCT_PTS_3PT_x,PCT_PTS_FB_x,PCT_PTS_FT_x,PCT_PTS_OFF_TOV_x,PCT_PTS_PAINT_x,PCT_AST_2PM_x,PCT_UAST_2PM_x,PCT_AST_3PM_x,PCT_UAST_3PM_x,PCT_AST_FGM_x,PCT_UAST_FGM_x,PCT_FGA_2PT_RANK_x,PCT_FGA_3PT_RANK_x,PCT_PTS_2PT_RANK_x,PCT_PTS_2PT_MR_RANK_x,PCT_PTS_3PT_RANK_x,PCT_PTS_FB_RANK_x,PCT_PTS_FT_RANK_x,PCT_PTS_OFF_TOV_RANK_x,PCT_PTS_PAINT_RANK_x,PCT_AST_2PM_RANK_x,PCT_UAST_2PM_RANK_x,PCT_AST_3PM_RANK_x,PCT_UAST_3PM_RANK_x,PCT_AST_FGM_RANK_x,PCT_UAST_FGM_RANK_x,DEF_WS,DEF_WS_RAW,DEF_WS_RANK,TEAM_NAME,GP_y,W_y,L_y,W_PCT_y,MIN_y,FGM_y,FGA_y,FG_PCT_y,FG3M_y,FG3A_y,FG3_PCT_y,FTM_y,FTA_y,FT_PCT_y,OREB_y,DREB_y,REB_y,AST_y,TOV_y,STL_y,BLK_y,BLKA_y,PF_y,PFD_y,PTS_y,PLUS_MINUS_y,GP_RANK_y,W_RANK_y,L_RANK_y,W_PCT_RANK_y,MIN_RANK_y,FGM_RANK_y,FGA_RANK_y,FG_PCT_RANK_y,FG3M_RANK_y,FG3A_RANK_y,FG3_PCT_RANK_y,FTM_RANK_y,FTA_RANK_y,FT_PCT_RANK_y,OREB_RANK_y,DREB_RANK_y,REB_RANK_y,AST_RANK_y,TOV_RANK_y,STL_RANK_y,BLK_RANK_y,BLKA_RANK_y,PF_RANK_y,PFD_RANK_y,PTS_RANK_y,PLUS_MINUS_RANK_y,E_OFF_RATING_y,OFF_RATING_y,E_DEF_RATING_y,DEF_RATING_y,E_NET_RATING_y,NET_RATING_y,AST_PCT_y,AST_TO_y,AST_RATIO_y,OREB_PCT_y,DREB_PCT_y,REB_PCT_y,TM_TOV_PCT_y,EFG_PCT_y,TS_PCT_y,E_PACE_y,PACE_y,PACE_PER40_y,POSS_y,PIE_y,OFF_RATING_RANK_y,DEF_RATING_RANK_y,NET_RATING_RANK_y,AST_PCT_RANK_y,AST_TO_RANK_y,AST_RATIO_RANK_y,OREB_PCT_RANK_y,DREB_PCT_RANK_y,REB_PCT_RANK_y,TM_TOV_PCT_RANK_y,EFG_PCT_RANK_y,TS_PCT_RANK_y,PACE_RANK_y,PIE_RANK_y,PTS_OFF_TOV_y,PTS_2ND_CHANCE_y,PTS_FB_y,PTS_PAINT_y,OPP_PTS_OFF_TOV_y,OPP_PTS_2ND_CHANCE_y,OPP_PTS_FB_y,OPP_PTS_PAINT_y,PTS_OFF_TOV_RANK_y,PTS_2ND_CHANCE_RANK_y,PTS_FB_RANK_y,PTS_PAINT_RANK_y,OPP_PTS_OFF_TOV_RANK_y,OPP_PTS_2ND_CHANCE_RANK_y,OPP_PTS_FB_RANK_y,OPP_PTS_PAINT_RANK_y,PCT_FGA_2PT_y,PCT_FGA_3PT_y,PCT_PTS_2PT_y,PCT_PTS_2PT_MR_y,PCT_PTS_3PT_y,PCT_PTS_FB_y,PCT_PTS_FT_y,PCT_PTS_OFF_TOV_y,PCT_PTS_PAINT_y,PCT_AST_2PM_y,PCT_UAST_2PM_y,PCT_AST_3PM_y,PCT_UAST_3PM_y,PCT_AST_FGM_y,PCT_UAST_FGM_y,PCT_FGA_2PT_RANK_y,PCT_FGA_3PT_RANK_y,PCT_PTS_2PT_RANK_y,PCT_PTS_2PT_MR_RANK_y,PCT_PTS_3PT_RANK_y,PCT_PTS_FB_RANK_y,PCT_PTS_FT_RANK_y,PCT_PTS_OFF_TOV_RANK_y,PCT_PTS_PAINT_RANK_y,PCT_AST_2PM_RANK_y,PCT_UAST_2PM_RANK_y,PCT_AST_3PM_RANK_y,PCT_UAST_3PM_RANK_y,PCT_AST_FGM_RANK_y,PCT_UAST_FGM_RANK_y,FTA_RATE,OPP_EFG_PCT,OPP_FTA_RATE,OPP_TOV_PCT,OPP_OREB_PCT,FTA_RATE_RANK,OPP_EFG_PCT_RANK,OPP_FTA_RATE_RANK,OPP_TOV_PCT_RANK,OPP_OREB_PCT_RANK,OPP_FGM,OPP_FGA,OPP_FG_PCT,OPP_FG3M,OPP_FG3A,OPP_FG3_PCT,OPP_FTM,OPP_FTA,OPP_FT_PCT,OPP_OREB,OPP_DREB,OPP_REB,OPP_AST,OPP_TOV,OPP_STL,OPP_BLK,OPP_BLKA,OPP_PF,OPP_PFD,OPP_PTS,OPP_FGM_RANK,OPP_FGA_RANK,OPP_FG_PCT_RANK,OPP_FG3M_RANK,OPP_FG3A_RANK,OPP_FG3_PCT_RANK,OPP_FTM_RANK,OPP_FTA_RANK,OPP_FT_PCT_RANK,OPP_OREB_RANK,OPP_DREB_RANK,OPP_REB_RANK,OPP_AST_RANK,OPP_TOV_RANK,OPP_STL_RANK,OPP_BLK_RANK,OPP_BLKA_RANK,OPP_PF_RANK,OPP_PFD_RANK,OPP_PTS_RANK,Pts Won,SEASON
1642846,Ace Bailey,Ace,1610612762,UTA,19.0,72,19,53,0.264,27.6,5.5,12.4,0.443,1.9,5.5,0.344,0.9,1.2,0.75,1.4,2.8,4.2,1.8,1.5,0.8,0.7,0.4,2.7,1.2,13.8,-6.2,24.6,1,0,24.7,10,34,5,72,10,4,4,47,11,8,32,44,40,56,15,23,18,34,18,22,14,31,12,35,6,87,12,21,5,8,1,109.5,109.8,109.8,119.8,120.4,120.4,-10.3,-10.7,-10.7,0.098,1.22,11.2,0.048,0.097,0.072,9.2,9.2,0.52,0.533,0.21,0.215,104.98,104.58,87.15,104.58,0.069,4337,5.5,12.4,54,48,48,83,82,82,71,73,73,63,71,86,37,62,58,38,38,51,60,16,17,22,27,27,56,4,4,0.227,0.236,0.272,0.266,0.084,0.088,0.212,0.15,0.167,0.108,0.173,0.164,0.302,0.129,0.212,0.105,0.209,9,9,18,21,80,84,39,64,53,79,61,70,26,35,39,79,20,1.8,2.1,1.5,5.2,10.7,9.4,10.7,30.5,16,7,20,16,91,93,93,13,0.554,0.446,0.52,0.145,0.414,0.111,0.066,0.127,0.375,0.69,0.31,0.898,0.102,0.762,0.238,53,51,50,8,40,65,85,67,61,35,65,49,32,38,62,0.028,0.02782906647500823,71,Utah Jazz,82,22,60,0.268,753.990667,617,1395,0.442,225,665,0.338,161,202,0.797,165,357,522,367,242.0,132,73,62,357,197,1620,-145.2,1,20,27,23,8,8,8,18,5,5,15,8,8,10,8,8,8,7,22,8,6,21,23,8,8,24,109.8,29.2,118.7,31.6,-8.9,-2.4,0.683,1.86,4.8,0.302,0.696,0.493,0.039,0.529,0.546,104.9,394.73,328.94,6204,0.459,11,20,24,8,8,12,20,12,17,17,21,19,19,24,287.4,238.0,282.2,810.8,310.6,252.4,284.0,825.6,7,8,6,8,23,22,22,22,0.523,0.477,0.484,0.106,0.417,0.148,0.099,0.139,0.378,0.661,0.339,0.867,0.133,0.736,0.264,16,14,15,4,13,14,21,23,20,12,18,20,9,17,13,0.274,0.577,0.297,0.037,0.304,6,28,24,12,12,700.0,1417.2,0.494,235.0,637.0,0.369,320.6,420.8,0.762,185.2,538.2,723.4,470.4,230.2,145.6,90.6,59.4,319.8,328.6,1955.6,22,22,24,23,22,21,23,23,8,22,22,22,22,8,22,23,9,22,8,22,107,2025-26
1642380,Adama Bal,Adama,1610612763,MEM,22.0,8,1,7,0.125,30.2,3.5,8.5,0.412,2.3,5.5,0.409,1.1,1.3,0.9,0.8,2.4,3.1,2.4,0.8,1.1,0.1,0.5,3.4,1.4,10.4,-20.8,20.7,0,0,20.6,78,88,65,96,9,19,19,62,6,9,14,31,37,19,41,31,32,25,50,12,69,22,5,26,17,102,21,38,5,18,1,99.1,99.6,99.6,127.9,130.0,130.0,-28.8,-30.3,-30.3,0.119,3.17,19.6,0.022,0.08,0.049,6.2,6.2,0.544,0.573,0.134,0.137,106.93,105.82,88.18,105.82,0.052,530,3.5,8.5,91,91,91,95,97,97,96,97,97,51,11,39,79,82,86,17,17,42,44,81,82,12,21,21,82,19,19,0.149,0.154,0.228,0.199,0.123,0.103,0.158,0.146,0.149,0.152,0.07,0.205,0.059,0.167,0.255,0.133,0.157,57,69,31,43,62,80,57,68,68,52,14,45,76,46,64,63,47,1.6,2.5,2.3,2.5,12.8,13.1,12.8,45.5,23,4,7,43,100,101,98,3,0.353,0.647,0.241,0.0,0.651,0.217,0.108,0.157,0.241,0.7,0.3,0.833,0.167,0.786,0.214,83,21,86,63,11,14,69,48,83,32,67,60,19,32,67,-0.054,-0.05353494466751361,100,Memphis Grizzlies,82,25,57,0.305,947.700667,717,1671,0.429,267,787,0.339,321,400,0.803,192,581,773,585,303.6,169,67,128,410,333,2022,-206.6,1,17,25,22,5,7,6,22,3,3,14,5,5,8,5,6,6,4,26,3,7,27,25,5,6,27,108.7,37.2,118.6,40.7,-9.9,-3.5,0.66,1.76,7.8,0.284,0.635,0.455,0.05,0.534,0.547,105.1,306.83,255.69,6067,0.443,3,28,27,13,17,3,22,27,28,27,16,16,27,26,370.0,284.6,286.6,948.4,385.0,386.4,319.8,1149.2,4,5,5,6,25,28,25,26,0.529,0.471,0.445,0.028,0.396,0.152,0.159,0.158,0.417,0.516,0.484,0.779,0.221,0.614,0.386,15,15,17,19,16,13,8,16,14,18,12,27,2,23,7,0.249,0.574,0.279,0.052,0.365,18,27,17,2,27,903.6,1810.2,0.499,272.4,746.4,0.365,383.4,504.6,0.76,269.8,688.8,958.6,584.8,314.0,188.0,113.2,93.8,368.4,411.0,2463.0,26,26,27,25,26,17,25,26,7,27,26,26,26,3,27,27,7,26,4,26,0,2025-26
1642876,Adou Thiero,Adou,1610612747,LAL,22.0,25,15,10,0.6,6.0,0.6,1.2,0.516,0.0,0.1,0.333,0.6,0.9,0.636,0.4,0.8,1.1,0.4,0.4,0.3,0.1,0.2,0.8,0.6,1.9,-1.3,4.5,0,0,4.2,54,40,59,22,87,91,96,25,79,91,38,60,57,78,70,84,81,81,77,71,78,62,76,70,90,53,88,38,5,90,1,112.7,109.2,109.2,124.1,122.4,122.4,-11.4,-13.2,-13.2,0.094,1.11,16.9,0.068,0.139,0.104,15.3,15.1,0.532,0.578,0.143,0.152,98.15,100.41,83.68,100.41,0.054,315,0.6,1.2,26,52,52,91,89,89,75,79,79,66,74,57,25,34,29,87,86,46,39,70,68,86,70,70,79,91,96,0.131,0.127,0.023,0.027,0.25,0.275,0.429,0.229,0.269,0.118,0.196,0.226,0.167,0.357,0.396,0.273,0.137,78,83,76,90,12,7,13,34,24,71,73,32,45,96,97,10,70,0.4,0.4,0.5,1.2,2.4,2.3,2.1,7.0,72,71,68,72,19,23,18,79,0.903,0.097,0.638,0.0,0.064,0.255,0.298,0.234,0.638,0.867,0.133,1.0,0.0,0.875,0.125,14,90,28,63,78,7,8,17,23,10,90,1,57,15,84,0.003,0.0026487158440466328,91,Los Angeles Lakers,29,17,12,0.586,38.997667,18,37,0.486,1,6,0.167,17,26,0.654,11,27,38,13,12.2,12,4,5,25,18,54,-6.8,27,25,3,8,29,29,29,8,28,28,27,26,26,25,26,27,27,29,1,25,26,4,2,28,29,16,111.5,25.4,119.2,28.0,-7.7,-2.6,0.701,1.8,3.2,0.239,0.613,0.433,0.035,0.575,0.557,98.8,427.1,355.92,351,0.475,16,17,25,4,14,22,29,28,29,15,3,12,14,19,18.2,12.0,11.6,34.4,17.6,18.2,13.2,46.8,28,29,29,29,3,2,1,1,0.838,0.162,0.63,0.0,0.056,0.259,0.315,0.278,0.63,0.824,0.176,1.0,0.0,0.833,0.167,2,28,6,28,28,1,1,1,5,3,27,1,24,4,26,0.345,0.592,0.206,0.042,0.387,1,29,1,7,28,36.8,72.0,0.511,11.6,27.6,0.42,10.8,14.8,0.73,12.4,23.6,36.0,22.2,14.4,8.2,3.4,3.2,15.6,13.6,96.0,1,1,29,1,1,29,1,1,4,1,1,1,1,28,1,1,29,1,29,1,0,2025-26
1630828,Alex Antetokounmpo,Alex,1610612749,MIL,24.0,6,2,4,0.333,3.4,0.5,1.3,0.375,0.3,1.2,0.286,1.8,2.5,0.733,0.3,0.7,1.0,0.2,0.2,0.0,0.2,0.0,0.2,1.2,3.2,0.8,5.0,0,0,5.0,84,81,77,54,99,92,95,82,63,65,63,12,7,63,72,87,84,97,92,95,61,85,101,37,72,20,86,38,5,80,1,102.4,102.2,102.2,98.5,89.4,89.4,3.9,12.8,12.8,0.083,1.0,5.9,0.083,0.138,0.113,5.9,6.0,0.5,0.651,0.314,0.313,102.99,108.15,90.12,108.15,0.196,46,0.5,1.3,83,81,81,2,2,2,16,8,8,77,79,96,18,36,25,16,16,60,14,2,2,43,8,8,2,92,95,0.2,0.229,0.5,0.368,0.846,0.833,0.5,0.222,0.273,0.125,0.143,0.0,0.5,0.0,0.333,0.778,0.404,20,12,3,5,1,1,7,36,21,68,44,95,11,1,87,1,1,0.0,0.3,0.0,0.0,1.2,1.8,0.8,3.7,91,83,92,99,5,16,4,98,0.125,0.875,0.105,0.105,0.316,0.0,0.579,0.0,0.0,1.0,0.0,1.0,0.0,1.0,0.0,102,2,98,13,56,92,2,91,99,1,92,1,57,1,92,0.038,0.037515788705498154,53,Milwaukee Bucks,19,4,15,0.211,63.479667,62,123,0.504,33,74,0.446,41,49,0.837,11,25,36,22,24.2,11,4,4,32,34,198,-0.2,29,29,5,27,26,25,24,5,22,24,1,20,20,4,26,28,28,26,6,26,26,3,4,23,24,15,114.5,24.3,117.2,24.2,-2.6,0.0,0.643,1.4,3.0,0.31,0.679,0.498,0.039,0.601,0.685,97.7,466.54,388.79,616,0.484,20,11,13,16,28,23,16,19,13,18,1,2,9,17,21.6,19.0,13.0,53.6,31.6,19.8,20.6,59.6,27,26,28,27,6,4,4,4,0.398,0.602,0.293,0.02,0.5,0.066,0.207,0.237,0.273,0.379,0.621,0.879,0.121,0.645,0.355,23,7,26,21,7,28,2,5,26,29,1,19,10,19,11,0.273,0.549,0.326,0.029,0.321,7,17,28,26,19,51.2,109.2,0.469,17.6,48.0,0.367,29.8,35.6,0.837,15.2,36.0,51.2,33.2,18.2,13.0,4.0,5.4,24.2,28.2,149.8,4,3,16,4,3,19,5,4,29,3,3,3,3,27,5,2,28,4,26,4,0,2025-26
1631457,Alex Morales,Alex,1610612753,ORL,28.0,4,3,1,0.75,5.9,0.8,1.8,0.429,0.0,0.3,0.0,0.5,0.5,1.0,0.3,0.5,0.8,1.0,1.0,0.0,0.0,0.3,1.8,0.3,2.0,2.0,3.4,0,0,3.8,92,76,93,11,88,84,90,52,81,88,81,63,77,1,80,93,93,53,32,95,82,55,39,89,88,9,94,38,5,93,1,113.0,120.4,120.4,113.5,104.1,104.1,-0.5,16.3,16.3,0.19,1.0,25.0,0.043,0.111,0.073,25.0,25.2,0.429,0.508,0.203,0.204,98.84,99.73,83.11,99.73,-0.006,49,0.8,1.8,24,7,7,51,12,12,34,5,5,21,79,17,44,54,57,101,101,86,73,21,28,81,77,77,98,84,90,0.125,0.149,0.0,0.056,0.5,0.4,0.167,0.167,0.167,0.333,0.444,0.0,0.0,0.333,0.538,0.125,0.136,82,73,81,88,2,4,54,56,54,7,100,95,82,93,103,69,71,0.0,0.5,0.5,1.0,3.3,0.5,1.3,2.0,91,68,65,76,31,3,9,103,0.857,0.143,0.75,0.25,0.0,0.25,0.25,0.0,0.5,0.0,1.0,0.0,0.0,0.0,1.0,19,85,16,2,81,8,17,91,44,96,1,81,57,98,1,0.033,0.032976991279667016,61,Orlando Magic,69,36,33,0.522,273.521333,174,398,0.437,58,173,0.335,68,96,0.708,89,164,253,132,86.2,49,20,18,130,90,474,-12.8,14,8,17,14,17,16,15,20,17,17,17,14,13,22,13,15,16,14,15,16,16,11,13,13,17,18,110.3,27.7,115.1,28.1,-4.8,-0.4,0.645,1.74,4.6,0.361,0.706,0.525,0.037,0.518,0.538,100.6,406.78,338.99,2313,0.487,12,18,16,15,18,15,2,8,5,16,26,21,18,15,102.4,93.2,82.4,296.8,103.4,79.4,82.8,280.4,17,16,15,15,15,14,14,14,0.565,0.435,0.489,0.042,0.367,0.16,0.143,0.192,0.447,0.5,0.5,0.931,0.069,0.644,0.356,13,17,13,14,18,11,15,8,11,19,11,13,15,20,10,0.277,0.557,0.313,0.036,0.294,5,20,27,15,8,232.4,480.6,0.484,70.6,195.8,0.361,117.4,150.4,0.781,63.4,173.4,236.8,146.6,83.6,47.6,32.0,26.0,121.6,119.4,652.8,14,13,19,12,12,14,15,16,17,15,13,13,14,17,15,16,18,16,15,14,0,2025-26
1642918,Alijah Martin,Alijah,1610612761,TOR,24.0,23,10,13,0.435,6.3,0.7,2.2,0.32,0.2,0.9,0.19,0.7,0.8,0.789,0.4,0.5,0.9,0.5,0.3,0.3,0.2,0.1,0.5,0.5,2.2,-0.6,5.3,0,0,4.9,56,50,51,50,85,87,83,92,72,73,76,54,59,45,66,92,91,76,79,66,60,75,92,73,85,44,82,38,5,84,1,102.0,101.3,101.3,109.9,107.1,107.1,-7.9,-5.8,-5.8,0.129,1.5,15.2,0.053,0.086,0.068,10.1,10.2,0.36,0.437,0.185,0.195,96.48,98.07,81.72,98.07,0.062,299,0.7,2.2,85,85,85,32,26,26,63,57,57,42,58,70,32,73,61,50,50,92,90,31,32,95,95,95,68,87,83,0.147,0.189,0.222,0.228,0.224,0.209,0.209,0.145,0.167,0.16,0.222,0.348,0.211,0.214,0.2,0.185,0.168,60,35,32,31,17,22,40,69,54,47,85,8,38,72,31,33,39,0.2,0.2,0.4,1.0,1.9,1.7,1.2,6.1,89,90,71,75,13,13,8,86,0.58,0.42,0.471,0.0,0.235,0.196,0.294,0.078,0.471,0.583,0.417,1.0,0.0,0.688,0.313,46,57,57,63,65,25,10,88,46,54,46,1,57,57,43,0.03,0.02979632762412452,68,Toronto Raptors,64,33,31,0.516,280.889667,214,398,0.538,21,76,0.276,86,127,0.677,142,165,307,120,77.8,61,57,30,161,97,535,3.4,17,11,15,15,15,13,15,2,25,22,26,12,12,24,9,14,11,16,11,13,9,16,17,12,15,11,109.9,22.7,109.0,22.5,0.9,0.2,0.707,2.15,3.5,0.319,0.696,0.502,0.028,0.522,0.589,99.6,481.56,401.3,2810,0.507,26,4,11,3,2,19,11,11,10,3,25,9,8,11,108.6,85.6,105.0,288.0,96.6,74.4,76.0,258.4,15,19,13,16,14,12,11,13,0.809,0.191,0.721,0.019,0.118,0.194,0.161,0.17,0.703,0.824,0.176,1.0,0.0,0.841,0.159,3,27,3,23,26,3,6,12,3,2,28,1,24,3,27,0.26,0.529,0.286,0.032,0.304,13,6,20,19,11,222.4,492.2,0.452,75.8,215.8,0.351,115.2,140.8,0.818,62.2,187.8,250.0,142.2,91.4,44.2,31.4,30.8,111.2,120.4,635.8,13,14,5,13,14,9,14,13,28,14,14,14,13,14,12,15,12,13,14,13,0,2025-26
1642873,Amari Williams,Amari,1610612738,BOS,24.0,22,15,7,0.682,6.6,0.5,0.9,0.5,0.0,0.0,0.0,0.5,0.6,0.714,0.4,1.4,1.8,0.5,0.5,0.1,0.5,0.1,0.9,0.6,1.4,-2.6,5.5,0,0,4.8,57,40,65,16,83,94,98,29,81,94,81,68,67,68,61,59,62,80,64,86,24,79,73,68,93,66,80,38,5,85,1,90.8,89.0,89.0,109.5,106.4,106.4,-18.8,-17.4,-17.4,0.116,0.91,21.3,0.054,0.187,0.12,23.4,23.3,0.5,0.573,0.103,0.109,99.96,102.44,85.37,102.44,0.079,309,0.5,0.9,97,97,97,30,20,20,88,89,89,54,84,30,31,15,21,100,100,60,43,96,94,74,50,50,42,94,98,0.104,0.079,0.0,0.0,0.233,0.237,0.243,0.27,0.263,0.192,0.177,0.176,0.556,0.143,0.333,0.233,0.109,92,100,81,94,16,13,33,19,25,32,65,61,8,41,87,20,88,0.1,0.6,0.2,0.9,2.6,2.0,3.0,5.5,90,63,85,78,22,17,33,89,1.0,0.0,0.667,0.0,0.0,0.133,0.333,0.067,0.667,0.8,0.2,0.0,0.0,0.8,0.2,1,94,23,63,81,56,6,90,20,17,81,81,57,28,70,0.036,0.03560777981973541,54,Boston Celtics,75,52,23,0.693,261.565333,133,288,0.462,46,130,0.354,29,46,0.63,74,224,298,54,78.0,48,31,24,158,71,341,34.6,11,2,10,4,18,19,19,11,20,19,8,22,21,27,15,11,12,20,12,17,14,15,15,18,19,3,113.8,25.0,106.9,23.4,6.9,1.6,0.578,1.65,1.8,0.351,0.698,0.527,0.032,0.549,0.553,98.3,448.5,373.75,2437,0.534,19,7,2,27,23,27,4,10,3,10,9,14,12,2,97.2,100.2,60.2,234.0,82.2,80.0,81.8,209.2,18,14,19,18,11,15,13,11,0.549,0.451,0.51,0.006,0.405,0.138,0.085,0.202,0.504,0.69,0.31,1.0,0.0,0.797,0.203,14,16,10,26,15,15,26,6,9,8,22,1,24,6,24,0.204,0.513,0.26,0.031,0.302,26,2,11,22,10,201.4,467.6,0.431,76.6,219.0,0.35,94.6,121.4,0.779,59.8,162.6,222.4,129.6,75.8,38.4,26.0,29.6,99.4,107.0,574.0,12,12,2,14,15,8,12,12,16,13,12,12,12,19,11,11,14,12,18,12,0,2025-26
1643158,Andersson Garcia,Andersson,1610612762,UTA,25.0,5,1,4,0.2,33.8,1.8,5.8,0.31,0.2,2.6,0.077,1.4,1.8,0.778,3.4,5.0,8.4,2.8,1.4,1.6,0.8,0.6,3.2,2.6,5.2,-7.4,25.3,0,0,21.4,88,88,77,84,3,52,37,94,69,35,80,21,23,51,3,5,2,18,23,3,11,15,8,4,50,92,9,38,5,15,1,105.7,105.8,105.8,116.2,115.6,115.6,-10.4,-9.8,-9.8,0.107,2.0,25.9,0.089,0.15,0.117,13.0,13.0,0.328,0.394,0.094,0.096,103.45,103.68,86.4,103.68,0.052,364,1.8,5.8,73,71,71,70,66,66,73,69,69,61,30,15,17,28,23,79,79,96,96,99,101,38,35,35,81,52,37,0.064,0.091,0.022,0.095,0.117,0.11,0.333,0.24,0.271,0.154,0.113,0.211,0.333,0.188,0.242,0.183,0.068,98,98,78,74,65,73,18,27,22,49,26,41,21,55,58,34,99,1.2,0.2,1.6,3.2,14.6,9.6,14.4,34.0,37,89,18,35,101,94,100,9,0.552,0.448,0.615,0.0,0.115,0.308,0.27,0.231,0.615,0.625,0.375,1.0,0.0,0.667,0.333,54,50,30,63,72,4,14,19,26,48,52,1,57,62,36,0.08,0.0801475516210455,11,Utah Jazz,82,22,60,0.268,753.990667,617,1395,0.442,225,665,0.338,161,202,0.797,165,357,522,367,242.0,132,73,62,357,197,1620,-145.2,1,20,27,23,8,8,8,18,5,5,15,8,8,10,8,8,8,7,22,8,6,21,23,8,8,24,109.8,29.2,118.7,31.6,-8.9,-2.4,0.683,1.86,4.8,0.302,0.696,0.493,0.039,0.529,0.546,104.9,394.73,328.94,6204,0.459,11,20,24,8,8,12,20,12,17,17,21,19,19,24,287.4,238.0,282.2,810.8,310.6,252.4,284.0,825.6,7,8,6,8,23,22,22,22,0.523,0.477,0.484,0.106,0.417,0.148,0.099,0.139,0.378,0.661,0.339,0.867,0.133,0.736,0.264,16,14,15,4,13,14,21,23,20,12,18,20,9,17,13,0.274,0.577,0.297,0.037,0.304,6,28,24,12,12,700.0,1417.2,0.494,235.0,637.0,0.369,320.6,420.8,0.762,185.2,538.2,723.4,470.4,230.2,145.6,90.6,59.4,319.8,328.6,1955.6,22,22,24,23,22,21,23,23,8,22,22,22,22,8,22,23,9,22,8,22,0,2025-26
1642854,Asa Newell,Asa,1610612737,ATL,20.0,44,23,21,0.523,11.4,2.1,3.8,0.538,0.7,1.7,0.387,0.4,0.7,0.552,1.0,1.2,2.2,0.6,0.5,0.4,0.3,0.3,1.5,0.7,5.2,-1.0,10.3,2,0,10.0,37,25,41,38,61,47,55,20,45,54,21,75,66,82,25,67,55,72,62,63,32,43,50,61,52,50,58,13,5,57,1,111.1,110.2,110.2,115.9,114.0,114.0,-4.8,-3.8,-3.8,0.072,1.13,11.4,0.078,0.106,0.091,10.0,10.0,0.624,0.624,0.16,0.167,104.4,105.72,88.1,105.72,0.074,1100,2.1,3.8,35,46,46,68,59,59,51,50,50,82,72,84,22,58,39,47,46,15,20,50,49,29,23,23,47,47,55,0.201,0.173,0.179,0.167,0.111,0.142,0.333,0.159,0.209,0.079,0.148,0.182,0.306,0.298,0.293,0.177,0.187,19,53,48,53,67,54,18,59,41,88,48,58,25,90,80,38,30,1.5,0.9,0.7,2.8,4.2,3.1,4.5,13.2,29,42,54,40,41,34,47,58,0.556,0.444,0.546,0.0,0.383,0.128,0.071,0.286,0.546,0.677,0.323,1.0,0.0,0.78,0.22,51,52,46,63,45,58,84,11,36,39,61,1,57,36,64,0.033,0.033239526701966574,61,Atlanta Hawks,44,23,21,0.523,105.088333,95,177,0.537,29,76,0.382,19,32,0.594,44,52,96,35,32.6,17,15,14,67,35,238,-11.0,23,19,8,13,23,21,23,3,23,22,6,24,24,28,21,25,23,23,7,22,18,9,9,22,22,17,112.0,23.1,117.5,24.1,-5.5,-0.9,0.721,2.12,2.6,0.301,0.717,0.496,0.029,0.552,0.623,104.3,507.46,422.88,1110,0.468,24,10,18,1,3,25,21,5,16,6,6,5,4,22,42.6,33.6,30.2,110.8,39.4,30.2,42.8,126.0,23,23,23,23,7,7,9,9,0.571,0.429,0.555,0.008,0.366,0.13,0.08,0.273,0.546,0.667,0.333,1.0,0.0,0.768,0.232,11,19,9,25,19,19,27,2,7,10,20,1,24,9,21,0.21,0.573,0.305,0.029,0.283,25,26,26,27,5,96.4,192.2,0.502,27.6,72.6,0.38,47.2,58.6,0.805,22.8,74.8,97.6,59.0,32.6,20.6,9.8,10.0,38.0,46.8,267.6,7,7,28,7,7,25,9,7,26,6,7,7,7,23,8,8,24,7,23,7,0,2025-26
1642879,Ben Saraf,Ben,1610612751,BKN,20.0,44,10,34,0.227,20.8,2.7,6.9,0.396,0.4,2.0,0.211,1.7,2.0,0.83,0.5,1.6,2.1,3.3,2.3,0.9,0.2,1.1,1.8,1.6,7.5,-5.4,15.9,0,0,15.5,37,50,21,82,34,35,26,73,60,45,73,16,17,34,58,52,57,14,6,21,57,3,36,19,36,84,40,38,5,39,1,102.4,103.6,103.6,115.6,116.0,116.0,-13.3,-12.5,-12.5,0.244,1.46,24.7,0.021,0.085,0.052,16.9,16.9,0.427,0.486,0.202,0.207,100.87,100.13,83.44,100.13,0.06,1912,2.7,6.9,82,77,77,67,70,70,83,77,77,11,62,21,81,76,84,93,92,87,79,23,23,63,73,73,73,35,26,0.168,0.189,0.086,0.13,0.222,0.213,0.105,0.132,0.125,0.305,0.293,0.22,0.125,0.417,0.188,0.196,0.168,42,36,67,68,20,21,76,79,79,11,95,37,58,99,23,26,41,1.4,0.8,0.9,4.6,9.2,6.4,7.5,22.2,30,50,41,18,74,69,76,35,0.703,0.297,0.608,0.0,0.172,0.117,0.22,0.19,0.608,0.366,0.634,0.789,0.211,0.433,0.567,32,72,32,63,68,63,21,32,28,89,11,68,13,91,9,0.048,0.04819216235060611,35,Brooklyn Nets,82,20,62,0.244,1343.201333,907,2231,0.407,352,1073,0.328,397,486,0.817,179,705,884,839,449.0,219,112,172,578,380,2563,-306.2,1,23,28,26,1,3,1,25,2,1,21,2,2,7,7,4,4,1,29,2,5,29,29,4,2,29,104.4,38.5,115.5,42.4,-11.1,-3.9,0.67,1.54,9.0,0.282,0.688,0.475,0.059,0.517,0.524,99.5,270.36,225.3,7556,0.429,2,29,29,10,26,1,24,15,25,29,27,23,29,29,459.6,367.4,359.0,1249.6,560.8,396.8,474.6,1467.6,1,2,2,2,29,29,29,29,0.519,0.481,0.433,0.036,0.412,0.121,0.155,0.15,0.397,0.465,0.535,0.864,0.136,0.62,0.38,17,13,18,17,14,21,10,20,17,23,7,21,8,22,8,0.265,0.571,0.296,0.054,0.312,10,25,23,1,15,1166.2,2345.8,0.497,344.2,909.4,0.378,538.6,695.0,0.775,280.8,938.4,1219.2,757.2,412.6,263.6,153.8,119.6,514.4,591.2,3215.2,29,29,26,29,28,24,29,29,14,29,29,29,29,1,29,29,1,28,1,29,0,2025-26
1643016,Bez Mbeng,Bez,1610612762,UTA,23.0,15,2,13,0.133,32.8,3.3,6.7,0.5,0.4,2.1,0.194,1.1,1.7,0.64,1.2,2.6,3.8,4.1,1.5,2.3,0.3,0.3,3.1,1.9,8.1,-9.9,25.2,1,1,21.7,61,81,51,95,5,23,28,29,62,44,75,34,29,77,19,27,21,5,19,2,33,38,9,14,33,97,10,21,2,13,1,107.0,107.2,107.2,119.5,120.4,120.4,-12.4,-13.2,-13.2,0.158,2.82,31.8,0.032,0.078,0.054,11.3,11.3,0.53,0.55,0.106,0.108,107.92,107.42,89.52,107.42,0.06,1100,3.3,6.7,68,64,64,80,81,81,78,80,80,29,14,6,63,83,78,65,65,47,53,95,97,8,9,9,74,23,28,0.113,0.105,0.057,0.09,0.084,0.094,0.141,0.127,0.131,0.207,0.135,0.304,0.109,0.085,0.231,0.125,0.103,90,94,72,76,81,81,65,82,75,31,39,14,66,25,52,69,93,2.5,0.9,3.1,5.9,15.3,11.8,14.5,42.1,4,39,3,13,102,100,101,4,0.69,0.31,0.721,0.0,0.148,0.377,0.131,0.311,0.721,0.705,0.295,0.833,0.167,0.72,0.28,34,70,19,63,70,2,55,7,16,31,69,60,19,50,50,0.035,0.034510612278584464,55,Utah Jazz,82,22,60,0.268,753.990667,617,1395,0.442,225,665,0.338,161,202,0.797,165,357,522,367,242.0,132,73,62,357,197,1620,-145.2,1,20,27,23,8,8,8,18,5,5,15,8,8,10,8,8,8,7,22,8,6,21,23,8,8,24,109.8,29.2,118.7,31.6,-8.9,-2.4,0.683,1.86,4.8,0.302,0.696,0.493,0.039,0.529,0.546,104.9,394.73,328.94,6204,0.459,11,20,24,8,8,12,20,12,17,17,21,19,19,24,287.4,238.0,282.2,810.8,310.6,252.4,284.0,825.6,7,8,6,8,23,22,22,22,0.523,0.477,0.484,0.106,0.417,0.148,0.099,0.139,0.378,0.661,0.339,0.867,0.133,0.736,0.264,16,14,15,4,13,14,21,23,20,12,18,20,9,17,13,0.274,0.577,0.297,0.037,0.304,6,28,24,12,12,700.0,1417.2,0.494,235.0,637.0,0.369,320.6,420.8,0.762,185.2,538.2,723.4,470.4,230.2,145.6,90.6,59.4,319.8,328.6,1955.6,22,22,24,23,22,21,23,23,8,22,22,22,22,8,22,23,9,22,8,22,0,2025-26
1642396,Blake Hinson,Blake,1610612762,UTA,26.0,14,4,10,0.286,20.4,4.2,8.2,0.513,2.6,5.6,0.468,0.9,1.1,0.75,0.8,1.6,2.4,1.1,0.4,0.4,0.1,0.3,1.7,1.0,11.9,3.2,17.6,0,0,19.1,63,71,59,67,41,13,21,26,2,6,5,45,44,56,36,54,47,49,78,64,64,46,42,43,10,7,34,38,5,24,1,114.0,114.5,114.5,107.8,107.8,107.8,6.1,6.7,6.7,0.077,3.2,11.3,0.035,0.071,0.053,3.5,3.5,0.674,0.684,0.175,0.179,104.22,104.01,86.68,104.01,0.101,620,4.2,8.2,17,17,17,23,28,28,13,12,12,80,10,85,54,93,80,10,10,5,10,39,40,31,33,33,21,13,21,0.222,0.206,0.43,0.335,0.13,0.126,0.129,0.109,0.115,0.09,0.053,0.089,0.091,0.129,0.22,0.124,0.235,13,29,6,9,59,61,72,94,90,85,10,87,70,36,46,72,10,2.3,0.9,2.0,2.7,9.4,6.3,7.2,21.4,8,40,9,41,79,68,70,39,0.313,0.687,0.263,0.036,0.665,0.168,0.072,0.192,0.228,0.864,0.136,0.946,0.054,0.915,0.085,89,15,84,38,10,40,82,31,84,11,89,38,43,12,88,0.094,0.09378234007873665,6,Utah Jazz,82,22,60,0.268,753.990667,617,1395,0.442,225,665,0.338,161,202,0.797,165,357,522,367,242.0,132,73,62,357,197,1620,-145.2,1,20,27,23,8,8,8,18,5,5,15,8,8,10,8,8,8,7,22,8,6,21,23,8,8,24,109.8,29.2,118.7,31.6,-8.9,-2.4,0.683,1.86,4.8,0.302,0.696,0.493,0.039,0.529,0.546,104.9,394.73,328.94,6204,0.459,11,20,24,8,8,12,20,12,17,17,21,19,19,24,287.4,238.0,282.2,810.8,310.6,252.4,284.0,825.6,7,8,6,8,23,22,22,22,0.523,0.477,0.484,0.106,0.417,0.148,0.099,0.139,0.378,0.661,0.339,0.867,0.133,0.736,0.264,16,14,15,4,13,14,21,23,20,12,18,20,9,17,13,0.274,0.577,0.297,0.037,0.304,6,28,24,12,12,700.0,1417.2,0.494,235.0,637.0,0.369,320.6,420.8,0.762,185.2,538.2,723.4,470.4,230.2,145.6,90.6,59.4,319.8,328.6,1955.6,22,22,24,23,22,21,23,23,8,22,22,22,22,8,22,23,9,22,8,22,0,2025-26
1642964,Brooks Barnhizer,Brooks,1610612760,OKC,24.0,40,29,11,0.725,8.7,0.7,1.8,0.38,0.2,0.6,0.292,0.2,0.3,0.7,0.5,1.5,2.0,0.6,0.3,0.3,0.1,0.3,0.7,0.3,1.7,-2.6,5.8,0,0,5.2,43,14,58,14,74,88,89,78,71,80,61,88,89,72,56,57,59,74,88,72,69,55,79,89,92,62,78,38,5,79,1,102.7,100.1,100.1,114.4,114.6,114.6,-11.7,-14.5,-14.5,0.094,2.2,20.6,0.049,0.159,0.103,9.3,9.3,0.43,0.451,0.103,0.108,100.14,101.34,84.45,101.34,0.062,736,0.7,1.8,81,87,87,58,62,62,77,85,85,68,28,34,36,24,30,40,40,85,89,97,98,69,59,59,64,88,89,0.103,0.113,0.068,0.081,0.063,0.07,0.253,0.252,0.252,0.127,0.099,0.193,0.156,0.227,0.196,0.08,0.092,93,90,70,79,89,88,30,22,29,65,20,55,47,75,28,92,97,0.4,0.3,0.3,0.9,3.6,3.0,2.7,8.1,82,87,75,82,34,33,24,73,0.662,0.338,0.588,0.088,0.309,0.191,0.103,0.206,0.5,0.55,0.45,0.857,0.143,0.63,0.37,37,67,38,18,57,28,72,22,44,58,42,56,25,67,33,0.023,0.02329314247669343,77,Oklahoma City Thunder,55,43,12,0.782,149.101333,82,208,0.394,36,107,0.336,20,29,0.69,34,101,135,77,43.4,21,8,18,68,27,220,-31.6,20,5,3,3,20,23,22,26,21,21,16,23,25,23,23,20,20,19,10,21,22,11,10,25,23,20,106.0,29.6,114.8,32.5,-8.8,-2.9,0.682,1.88,5.8,0.245,0.667,0.456,0.039,0.527,0.498,99.9,355.09,295.91,1103,0.455,10,22,26,9,6,7,28,23,27,19,22,26,21,25,51.4,41.4,40.4,119.2,54.8,43.8,48.6,139.6,21,21,20,22,10,10,10,10,0.486,0.514,0.418,0.036,0.491,0.191,0.091,0.182,0.382,0.587,0.413,0.944,0.056,0.744,0.256,20,10,19,15,8,4,25,9,19,16,14,11,18,14,16,0.192,0.553,0.22,0.039,0.333,29,18,2,9,23,131.2,282.0,0.465,49.6,121.8,0.407,46.4,62.0,0.748,40.4,113.2,153.6,81.2,43.4,25.8,17.6,15.6,47.4,54.2,358.4,10,10,10,10,10,28,8,9,6,10,10,10,10,21,10,10,20,9,22,10,0,2025-26
1643047,CJ Huntley,CJ,1610612756,PHX,24.0,4,3,1,0.75,10.1,1.5,2.8,0.545,0.0,0.8,0.0,0.0,0.0,0.0,0.5,0.8,1.3,0.5,0.0,0.3,0.0,0.3,0.5,0.0,3.0,3.8,6.0,0,0,5.3,92,76,93,11,65,64,70,18,81,77,81,99,99,99,53,85,76,78,98,74,82,55,93,100,76,4,77,38,5,78,1,119.1,122.4,122.4,106.9,104.7,104.7,12.2,17.6,17.6,0.053,0.0,15.4,0.053,0.081,0.067,0.0,0.0,0.545,0.545,0.107,0.109,101.32,100.99,84.16,100.99,0.061,85,1.5,2.8,9,6,6,17,15,15,5,4,4,89,97,65,32,80,65,1,1,41,57,93,95,57,63,63,72,64,70,0.136,0.134,0.0,0.088,0.0,0.0,0.143,0.107,0.119,0.077,0.0,0.125,0.0,0.143,0.154,0.0,0.115,73,80,81,77,99,99,63,95,83,89,1,81,82,41,11,100,83,0.0,0.0,0.0,2.5,5.3,2.5,5.8,8.5,91,93,92,43,50,28,56,69,0.727,0.273,1.0,0.167,0.0,0.0,0.0,0.0,0.833,1.0,0.0,0.0,0.0,1.0,0.0,29,75,1,4,81,92,99,91,5,1,92,81,57,1,92,0.057,0.056764308530987996,26,Phoenix Suns,55,29,26,0.527,241.738667,164,367,0.447,63,184,0.342,43,67,0.642,109,161,270,34,82.2,29,54,22,115,55,434,30.8,20,14,11,12,19,17,17,16,16,16,13,19,18,26,11,16,14,24,14,20,10,13,12,19,18,5,109.9,32.5,105.1,31.0,4.8,1.5,0.583,1.44,1.6,0.391,0.703,0.542,0.049,0.534,0.547,97.5,329.91,274.92,1671,0.518,7,19,3,26,27,28,1,9,1,26,18,17,25,7,90.4,89.8,70.0,222.8,93.2,66.2,79.2,227.2,19,17,18,19,13,11,12,12,0.499,0.501,0.465,0.018,0.435,0.134,0.099,0.171,0.447,0.683,0.317,0.968,0.032,0.793,0.207,18,12,16,24,12,18,22,11,12,9,21,8,21,7,23,0.199,0.522,0.256,0.046,0.297,27,4,10,3,9,187.0,416.4,0.449,60.8,179.8,0.338,78.0,106.4,0.733,52.2,141.2,193.4,122.2,76.8,45.0,27.2,29.6,80.2,87.8,512.8,11,11,3,11,11,2,11,11,5,11,11,11,11,18,13,12,14,11,19,11,0,2025-26
1631126,Caleb Love,Caleb,1610612757,POR,24.0,49,24,25,0.49,20.7,3.9,10.0,0.388,1.9,6.0,0.318,0.7,1.0,0.735,0.5,1.8,2.3,2.5,1.3,0.6,0.1,0.7,1.0,0.7,10.4,-2.6,17.6,0,0,18.4,34,22,36,45,35,15,10,75,12,4,49,50,51,62,52,48,49,23,28,45,77,12,69,59,16,63,35,38,5,27,1,107.7,108.2,108.2,114.3,114.5,114.5,-6.6,-6.3,-6.3,0.187,1.98,17.6,0.023,0.083,0.053,8.9,8.9,0.483,0.497,0.228,0.234,103.25,102.91,85.76,102.91,0.079,2175,3.9,10.0,63,58,58,57,60,60,58,59,59,23,36,49,76,78,83,34,34,67,76,5,5,40,47,47,40,15,10,0.224,0.259,0.315,0.326,0.099,0.104,0.096,0.136,0.124,0.248,0.177,0.163,0.036,0.254,0.121,0.087,0.216,11,3,10,10,75,78,82,76,80,19,64,71,79,86,8,88,14,1.7,1.1,1.4,3.2,9.1,6.7,7.7,21.9,19,32,22,34,73,73,77,36,0.404,0.596,0.381,0.071,0.548,0.136,0.071,0.167,0.31,0.412,0.588,0.828,0.172,0.616,0.384,76,28,67,24,21,55,83,42,72,79,21,63,18,69,31,0.056,0.05613173728866364,28,Portland Trail Blazers,65,33,32,0.508,287.903333,236,641,0.368,104,364,0.286,67,86,0.779,49,155,204,153,107.0,37,15,50,100,82,643,-57.2,16,11,16,17,14,12,11,28,11,9,24,15,15,14,18,17,17,13,16,18,18,19,11,15,12,22,103.1,25.3,112.8,27.6,-9.7,-2.3,0.576,1.26,5.0,0.32,0.676,0.496,0.042,0.513,0.474,103.3,421.72,351.44,2531,0.441,17,16,23,29,29,11,10,20,15,21,29,27,17,27,111.8,100.0,72.6,278.8,137.4,93.8,105.8,297.2,14,15,17,17,17,16,17,16,0.432,0.568,0.411,0.059,0.485,0.121,0.104,0.168,0.351,0.462,0.538,0.837,0.163,0.627,0.373,22,8,20,10,9,20,20,13,21,24,6,23,6,21,9,0.242,0.542,0.269,0.036,0.324,22,12,15,14,20,252.8,539.2,0.469,79.0,228.8,0.345,113.0,145.2,0.778,75.8,193.0,268.8,161.4,91.0,67.8,39.8,30.2,118.0,114.4,697.6,16,16,15,15,16,5,13,14,15,16,15,16,16,15,18,18,13,15,17,16,0,2025-26
1642868,Carter Bryant,Carter,1610612759,SAS,20.0,71,56,15,0.789,11.5,1.5,3.7,0.408,0.7,2.2,0.335,0.4,0.6,0.714,0.5,2.0,2.5,0.7,0.5,0.2,0.3,0.2,1.3,0.4,4.2,-0.1,9.4,0,0,9.2,11,1,50,9,60,63,56,63,41,43,36,70,69,68,50,40,44,70,69,78,38,65,54,80,63,36,64,38,5,62,1,110.2,109.1,109.1,108.1,108.4,108.4,2.1,0.8,0.8,0.08,1.42,12.9,0.044,0.154,0.1,9.1,9.1,0.506,0.526,0.158,0.165,101.66,102.06,85.05,102.06,0.071,1731,1.5,3.7,49,54,54,25,29,29,25,31,31,79,63,75,42,26,32,36,36,58,63,56,51,53,52,52,52,63,56,0.156,0.176,0.256,0.238,0.099,0.108,0.185,0.237,0.224,0.109,0.136,0.128,0.245,0.171,0.27,0.084,0.158,49,47,22,28,74,75,47,29,36,77,40,79,33,51,71,89,46,0.6,0.4,0.6,1.5,3.8,3.5,2.5,10.9,65,72,56,66,36,42,23,63,0.415,0.585,0.376,0.013,0.523,0.151,0.101,0.134,0.362,0.661,0.339,0.981,0.019,0.815,0.185,72,32,69,56,25,47,74,62,63,44,56,26,55,24,76,0.052,0.051920853736686874,30,San Antonio Spurs,78,61,17,0.782,488.759333,452,946,0.478,116,338,0.343,123,167,0.737,96,329,425,331,138.6,76,48,72,239,130,1143,67.4,10,1,6,2,10,10,10,9,9,10,12,10,10,18,12,9,10,9,20,11,11,22,21,10,10,2,114.5,27.4,107.2,25.7,7.3,1.7,0.635,1.99,6.3,0.324,0.718,0.525,0.032,0.545,0.561,102.0,426.32,355.27,4333,0.535,14,13,1,18,4,6,9,4,4,9,11,11,15,1,182.0,160.2,156.6,553.2,152.0,134.8,128.8,476.0,10,10,10,10,20,20,20,20,0.643,0.357,0.588,0.054,0.304,0.175,0.108,0.157,0.534,0.39,0.61,0.931,0.069,0.529,0.471,8,22,8,12,22,6,18,17,8,28,2,13,15,27,3,0.264,0.518,0.24,0.031,0.282,11,3,5,21,4,411.6,915.4,0.45,124.6,363.0,0.343,170.2,219.8,0.774,105.6,321.8,427.4,260.8,136.6,73.6,47.8,55.0,196.6,205.0,1118.0,20,20,4,20,20,4,20,20,13,20,20,20,20,10,20,20,10,20,10,20,3,2025-26
1642907,Cedric Coward,Cedric,1610612763,MEM,22.0,62,20,42,0.323,25.8,4.9,10.5,0.471,1.5,4.4,0.338,2.3,2.7,0.843,1.3,4.5,5.9,2.8,1.7,0.6,0.4,0.7,2.0,2.1,13.6,0.4,26.3,7,0,25.9,20,32,13,58,13,7,9,39,15,15,35,5,6,30,16,6,9,19,11,36,26,9,28,8,7,30,6,4,5,6,1,113.4,113.8,113.8,113.6,113.5,113.5,-0.2,0.3,0.3,0.154,1.63,17.2,0.05,0.16,0.106,10.6,10.5,0.542,0.585,0.207,0.214,104.43,104.31,86.92,104.31,0.11,3478,4.9,10.5,21,19,19,52,56,56,32,33,33,31,51,53,35,22,28,55,54,43,37,17,18,28,30,30,10,7,9,0.215,0.217,0.202,0.218,0.212,0.205,0.221,0.252,0.244,0.18,0.203,0.165,0.158,0.26,0.188,0.191,0.213,17,21,40,36,23,26,37,23,31,37,78,69,46,87,22,28,16,1.8,2.0,2.4,6.4,10.2,9.1,7.3,26.4,13,10,6,8,89,91,72,23,0.576,0.424,0.503,0.033,0.331,0.174,0.166,0.133,0.47,0.505,0.495,0.86,0.14,0.613,0.387,49,55,55,40,54,37,37,63,48,64,36,55,26,70,30,0.079,0.07857536674280227,13,Memphis Grizzlies,82,25,57,0.305,947.700667,717,1671,0.429,267,787,0.339,321,400,0.803,192,581,773,585,303.6,169,67,128,410,333,2022,-206.6,1,17,25,22,5,7,6,22,3,3,14,5,5,8,5,6,6,4,26,3,7,27,25,5,6,27,108.7,37.2,118.6,40.7,-9.9,-3.5,0.66,1.76,7.8,0.284,0.635,0.455,0.05,0.534,0.547,105.1,306.83,255.69,6067,0.443,3,28,27,13,17,3,22,27,28,27,16,16,27,26,370.0,284.6,286.6,948.4,385.0,386.4,319.8,1149.2,4,5,5,6,25,28,25,26,0.529,0.471,0.445,0.028,0.396,0.152,0.159,0.158,0.417,0.516,0.484,0.779,0.221,0.614,0.386,15,15,17,19,16,13,8,16,14,18,12,27,2,23,7,0.249,0.574,0.279,0.052,0.365,18,27,17,2,27,903.6,1810.2,0.499,272.4,746.4,0.365,383.4,504.6,0.76,269.8,688.8,958.6,584.8,314.0,188.0,113.2,93.8,368.4,411.0,2463.0,26,26,27,25,26,17,25,26,7,27,26,26,26,3,27,27,7,26,4,26,125,2025-26
1643052,Chaney Johnson,Chaney,1610612751,BKN,23.0,17,4,13,0.235,20.4,3.0,5.5,0.543,0.5,1.8,0.3,1.6,2.1,0.8,1.9,2.7,4.6,2.1,1.2,0.9,0.5,0.4,3.0,1.4,8.2,-4.6,20.0,1,0,18.3,60,71,51,80,38,32,41,19,54,53,54,18,16,42,9,24,17,28,30,20,18,29,10,23,32,81,25,21,5,29,1,107.0,107.0,107.0,116.4,116.0,116.0,-9.4,-9.0,-9.0,0.165,1.8,21.6,0.096,0.146,0.12,12.0,12.1,0.59,0.635,0.16,0.163,101.13,101.29,84.41,101.29,0.099,728,3.0,5.5,69,65,65,71,69,69,65,66,66,28,40,29,15,29,20,72,72,24,16,51,55,59,60,60,23,32,41,0.19,0.159,0.096,0.112,0.19,0.192,0.5,0.236,0.303,0.218,0.163,0.221,0.346,0.179,0.266,0.173,0.178,28,63,66,71,29,34,7,30,16,27,54,36,19,54,69,43,34,1.6,1.8,1.0,4.4,9.4,6.9,7.0,20.7,25,11,33,21,77,75,68,43,0.681,0.319,0.604,0.072,0.194,0.122,0.202,0.194,0.532,0.5,0.5,0.778,0.222,0.549,0.451,35,69,33,22,67,59,23,30,38,65,29,70,11,80,20,0.049,0.0485081828389813,32,Brooklyn Nets,82,20,62,0.244,1343.201333,907,2231,0.407,352,1073,0.328,397,486,0.817,179,705,884,839,449.0,219,112,172,578,380,2563,-306.2,1,23,28,26,1,3,1,25,2,1,21,2,2,7,7,4,4,1,29,2,5,29,29,4,2,29,104.4,38.5,115.5,42.4,-11.1,-3.9,0.67,1.54,9.0,0.282,0.688,0.475,0.059,0.517,0.524,99.5,270.36,225.3,7556,0.429,2,29,29,10,26,1,24,15,25,29,27,23,29,29,459.6,367.4,359.0,1249.6,560.8,396.8,474.6,1467.6,1,2,2,2,29,29,29,29,0.519,0.481,0.433,0.036,0.412,0.121,0.155,0.15,0.397,0.465,0.535,0.864,0.136,0.62,0.38,17,13,18,17,14,21,10,20,17,23,7,21,8,22,8,0.265,0.571,0.296,0.054,0.312,10,25,23,1,15,1166.2,2345.8,0.497,344.2,909.4,0.378,538.6,695.0,0.775,280.8,938.4,1219.2,757.2,412.6,263.6,153.8,119.6,514.4,591.2,3215.2,29,29,26,29,28,24,29,29,14,29,29,29,29,1,29,29,1,28,1,29,0,2025-26
1642404,Chaz Lanier,Chaz,1610612765,DET,24.0,34,28,6,0.824,7.7,0.8,2.6,0.315,0.6,2.0,0.284,0.1,0.2,0.833,0.2,0.4,0.7,0.5,0.1,0.2,0.0,0.1,0.4,0.1,2.4,0.2,4.4,0,0,4.5,49,17,70,6,78,82,73,93,53,47,64,91,94,32,84,96,94,78,96,79,82,80,96,95,84,34,89,38,5,87,1,107.5,107.7,107.7,108.3,105.7,105.7,-0.9,2.0,2.0,0.085,5.67,15.3,0.029,0.055,0.042,2.7,2.7,0.421,0.436,0.147,0.152,101.2,102.32,85.27,102.32,0.045,556,0.8,2.6,66,61,61,26,16,16,37,27,27,75,2,68,69,97,97,8,8,89,91,67,69,58,51,51,88,82,73,0.123,0.185,0.297,0.353,0.062,0.048,0.119,0.089,0.098,0.108,0.034,0.106,0.0,0.086,0.101,0.036,0.134,83,40,13,8,92,95,74,99,97,78,7,85,82,26,6,98,76,0.3,0.4,0.0,0.2,2.4,2.8,2.7,7.1,84,76,92,97,20,31,29,78,0.247,0.753,0.225,0.15,0.713,0.0,0.062,0.138,0.075,0.778,0.222,0.947,0.053,0.893,0.107,95,9,88,7,6,92,88,60,97,20,80,36,44,13,87,0.041,0.0410597823291155,47,Detroit Pistons,34,28,6,0.824,52.401,28,89,0.315,19,67,0.284,5,6,0.833,8,15,23,17,17.8,7,0,3,12,4,80,1.2,26,15,1,1,28,28,26,29,26,25,25,29,29,5,29,29,29,27,3,27,28,1,1,29,28,14,107.5,21.5,108.3,21.1,-0.9,0.4,0.692,1.76,2.5,0.308,0.655,0.482,0.032,0.54,0.436,101.2,511.59,426.33,556,0.525,29,1,9,6,16,26,18,26,21,11,14,29,3,5,22.4,15.2,13.8,55.6,16.6,19.0,18.6,48.4,26,27,27,26,1,3,2,2,0.247,0.753,0.225,0.15,0.713,0.0,0.063,0.138,0.075,0.778,0.222,0.947,0.053,0.893,0.107,29,1,29,1,1,29,29,25,29,4,26,10,19,2,28,0.263,0.534,0.358,0.035,0.345,12,7,29,17,26,40.4,89.4,0.452,14.6,38.6,0.378,23.2,32.0,0.725,13.8,35.0,48.8,23.0,19.8,9.4,7.0,6.2,22.2,23.8,118.6,2,2,6,2,2,23,3,3,3,2,2,2,2,26,3,4,26,3,27,2,0,2025-26
1643024,Chris Mañon,Chris,1610612747,LAL,24.0,9,4,5,0.444,5.1,0.2,0.7,0.333,0.0,0.3,0.0,0.3,0.4,0.75,0.2,0.9,1.1,0.3,0.1,0.6,0.2,0.0,0.7,0.3,0.8,-0.1,4.8,0,0,3.8,75,71,75,49,90,98,101,89,81,87,81,78,82,56,85,78,82,87,95,43,52,85,80,82,97,38,87,38,5,92,1,107.8,105.2,105.2,104.3,108.4,108.4,3.5,-3.3,-3.3,0.091,3.0,25.0,0.043,0.14,0.096,8.3,8.5,0.333,0.451,0.081,0.083,100.74,99.99,83.32,99.99,0.086,97,0.2,0.7,62,74,74,9,30,30,18,48,48,71,13,17,45,32,35,24,27,95,88,102,102,64,74,74,37,98,101,0.057,0.078,0.0,0.081,0.15,0.129,0.182,0.308,0.27,0.12,0.067,0.5,0.5,0.0,0.3,0.13,0.069,99,102,81,78,48,58,50,10,23,70,13,2,11,1,81,64,98,0.4,0.0,0.2,0.4,3.0,3.8,1.4,6.4,71,93,83,93,27,46,10,84,0.5,0.5,0.571,0.0,0.0,0.286,0.429,0.571,0.571,0.5,0.5,0.0,0.0,0.5,0.5,61,42,43,63,81,6,3,1,34,65,29,81,57,85,14,0.023,0.022517795057342794,77,Los Angeles Lakers,29,17,12,0.586,38.997667,18,37,0.486,1,6,0.167,17,26,0.654,11,27,38,13,12.2,12,4,5,25,18,54,-6.8,27,25,3,8,29,29,29,8,28,28,27,26,26,25,26,27,27,29,1,25,26,4,2,28,29,16,111.5,25.4,119.2,28.0,-7.7,-2.6,0.701,1.8,3.2,0.239,0.613,0.433,0.035,0.575,0.557,98.8,427.1,355.92,351,0.475,16,17,25,4,14,22,29,28,29,15,3,12,14,19,18.2,12.0,11.6,34.4,17.6,18.2,13.2,46.8,28,29,29,29,3,2,1,1,0.838,0.162,0.63,0.0,0.056,0.259,0.315,0.278,0.63,0.824,0.176,1.0,0.0,0.833,0.167,2,28,6,28,28,1,1,1,5,3,27,1,24,4,26,0.345,0.592,0.206,0.042,0.387,1,29,1,7,28,36.8,72.0,0.511,11.6,27.6,0.42,10.8,14.8,0.73,12.4,23.6,36.0,22.2,14.4,8.2,3.4,3.2,15.6,13.6,96.0,1,1,29,1,1,29,1,1,4,1,1,1,1,28,1,1,29,1,29,1,0,2025-26
1642959,Chris Youngblood,Chris,1610612757,POR,24.0,34,29,5,0.853,5.4,0.6,1.9,0.349,0.5,1.6,0.333,0.3,0.3,0.9,0.2,0.6,0.8,0.4,0.1,0.1,0.1,0.1,0.6,0.3,2.1,0.3,4.2,0,0,4.2,49,14,75,3,89,90,88,88,54,56,38,80,87,19,91,89,92,86,97,89,75,83,83,88,87,32,92,38,5,89,2,110.2,106.6,106.6,107.3,104.3,104.3,2.9,2.3,2.3,0.092,6.0,14.8,0.039,0.095,0.07,2.5,2.5,0.492,0.527,0.162,0.17,98.58,101.66,84.71,101.66,0.059,392,0.6,1.9,48,66,66,20,13,13,21,26,26,69,1,71,51,66,59,7,7,63,62,47,47,83,55,55,75,90,88,0.145,0.194,0.277,0.309,0.184,0.156,0.241,0.149,0.165,0.113,0.036,0.167,0.13,0.2,0.333,0.173,0.17,62,33,17,12,34,48,34,65,56,75,8,66,56,66,87,42,37,0.4,0.2,0.3,0.2,1.7,1.0,1.9,4.5,76,88,76,97,8,6,16,95,0.143,0.857,0.113,0.028,0.761,0.155,0.126,0.183,0.085,0.75,0.25,1.0,0.0,0.955,0.045,101,3,97,46,3,45,57,36,95,21,79,1,57,9,91,0.03,0.030307497042396894,68,Portland Trail Blazers,65,33,32,0.508,287.903333,236,641,0.368,104,364,0.286,67,86,0.779,49,155,204,153,107.0,37,15,50,100,82,643,-57.2,16,11,16,17,14,12,11,28,11,9,24,15,15,14,18,17,17,13,16,18,18,19,11,15,12,22,103.1,25.3,112.8,27.6,-9.7,-2.3,0.576,1.26,5.0,0.32,0.676,0.496,0.042,0.513,0.474,103.3,421.72,351.44,2531,0.441,17,16,23,29,29,11,10,20,15,21,29,27,17,27,111.8,100.0,72.6,278.8,137.4,93.8,105.8,297.2,14,15,17,17,17,16,17,16,0.432,0.568,0.411,0.059,0.485,0.121,0.104,0.168,0.351,0.462,0.538,0.837,0.163,0.627,0.373,22,8,20,10,9,20,20,13,21,24,6,23,6,21,9,0.242,0.542,0.269,0.036,0.324,22,12,15,14,20,252.8,539.2,0.469,79.0,228.8,0.345,113.0,145.2,0.778,75.8,193.0,268.8,161.4,91.0,67.8,39.8,30.2,118.0,114.4,697.6,16,16,15,15,16,5,13,14,15,16,15,16,16,15,18,18,13,15,17,16,0,2025-26
1642935,Chucky Hepburn,Chucky,1610612761,TOR,23.0,2,0,2,0.0,6.6,0.0,3.0,0.0,0.0,2.5,0.0,0.0,0.0,0.0,0.0,0.5,0.5,1.0,0.5,0.5,0.0,0.0,1.0,0.5,0.0,-8.0,3.1,0,0,2.5,99,98,89,98,84,100,65,100,81,37,81,99,99,99,95,93,97,53,64,52,82,85,65,74,101,95,98,38,5,98,1,72.2,73.1,73.1,133.6,120.7,120.7,-61.4,-47.6,-47.6,0.286,2.0,22.2,0.0,0.067,0.029,11.1,11.1,0.0,0.0,0.219,0.223,95.25,99.75,83.12,99.75,-0.1,26,0.0,3.0,102,102,102,98,83,83,102,100,100,5,30,26,95,95,100,63,63,100,101,11,11,100,76,76,103,100,65,0.0,0.231,0.0,0.417,0.0,0.0,0.0,0.143,0.083,0.5,0.25,0.5,0.0,0.0,0.5,0.333,0.0,100,11,81,3,99,99,95,70,100,1,91,2,82,1,102,4,101,0.0,0.0,0.0,0.0,3.0,3.5,3.0,7.0,91,93,92,99,27,41,33,81,0.167,0.833,0.0,0.0,0.0,0.0,1.0,0.0,0.0,0.0,0.0,0.0,0.0,0.0,0.0,98,5,100,63,81,92,99,91,99,96,92,81,57,98,92,0.007,0.006525134768535214,89,Toronto Raptors,64,33,31,0.516,280.889667,214,398,0.538,21,76,0.276,86,127,0.677,142,165,307,120,77.8,61,57,30,161,97,535,3.4,17,11,15,15,15,13,15,2,25,22,26,12,12,24,9,14,11,16,11,13,9,16,17,12,15,11,109.9,22.7,109.0,22.5,0.9,0.2,0.707,2.15,3.5,0.319,0.696,0.502,0.028,0.522,0.589,99.6,481.56,401.3,2810,0.507,26,4,11,3,2,19,11,11,10,3,25,9,8,11,108.6,85.6,105.0,288.0,96.6,74.4,76.0,258.4,15,19,13,16,14,12,11,13,0.809,0.191,0.721,0.019,0.118,0.194,0.161,0.17,0.703,0.824,0.176,1.0,0.0,0.841,0.159,3,27,3,23,26,3,6,12,3,2,28,1,24,3,27,0.26,0.529,0.286,0.032,0.304,13,6,20,19,11,222.4,492.2,0.452,75.8,215.8,0.351,115.2,140.8,0.818,62.2,187.8,250.0,142.2,91.4,44.2,31.4,30.8,111.2,120.4,635.8,13,14,5,13,14,9,14,13,28,14,14,14,13,14,12,15,12,13,14,13,0,2025-26
1642867,Collin Murray-Boyles,Collin,1610612761,TOR,20.0,57,31,26,0.544,21.9,3.5,6.0,0.579,0.3,0.9,0.34,1.2,1.9,0.657,2.3,2.7,5.0,1.9,1.0,0.9,0.9,0.5,2.6,1.5,8.5,0.8,21.8,4,0,19.3,25,12,34,30,29,21,35,13,66,74,34,25,22,76,8,25,15,32,31,18,8,26,16,21,27,21,18,8,5,23,1,111.1,111.7,111.7,108.6,109.1,109.1,2.5,2.6,2.6,0.122,1.8,19.1,0.102,0.121,0.112,10.6,10.6,0.604,0.621,0.15,0.155,99.96,99.54,82.95,99.54,0.098,2574,3.5,6.0,34,33,33,29,32,32,23,22,22,47,42,42,13,49,26,59,59,17,21,64,65,73,81,81,26,21,35,0.186,0.149,0.055,0.059,0.163,0.187,0.436,0.188,0.256,0.14,0.169,0.236,0.398,0.193,0.273,0.172,0.168,29,72,73,87,45,36,12,46,28,58,59,27,17,63,73,44,38,1.5,1.1,1.6,6.2,7.6,5.7,6.1,20.0,28,34,16,11,62,61,57,46,0.854,0.146,0.748,0.021,0.105,0.194,0.147,0.18,0.727,0.84,0.16,1.0,0.0,0.854,0.146,20,84,17,53,74,26,48,38,15,13,87,1,57,21,79,0.093,0.09298134833584767,7,Toronto Raptors,64,33,31,0.516,280.889667,214,398,0.538,21,76,0.276,86,127,0.677,142,165,307,120,77.8,61,57,30,161,97,535,3.4,17,11,15,15,15,13,15,2,25,22,26,12,12,24,9,14,11,16,11,13,9,16,17,12,15,11,109.9,22.7,109.0,22.5,0.9,0.2,0.707,2.15,3.5,0.319,0.696,0.502,0.028,0.522,0.589,99.6,481.56,401.3,2810,0.507,26,4,11,3,2,19,11,11,10,3,25,9,8,11,108.6,85.6,105.0,288.0,96.6,74.4,76.0,258.4,15,19,13,16,14,12,11,13,0.809,0.191,0.721,0.019,0.118,0.194,0.161,0.17,0.703,0.824,0.176,1.0,0.0,0.841,0.159,3,27,3,23,26,3,6,12,3,2,28,1,24,3,27,0.26,0.529,0.286,0.032,0.304,13,6,20,19,11,222.4,492.2,0.452,75.8,215.8,0.351,115.2,140.8,0.818,62.2,187.8,250.0,142.2,91.4,44.2,31.4,30.8,111.2,120.4,635.8,13,14,5,13,14,9,14,13,28,14,14,14,13,14,12,15,12,13,14,13,66,2025-26
1642843,Cooper Flagg,Cooper,1610612742,DAL,19.0,70,22,48,0.314,33.5,8.0,17.1,0.468,1.0,3.5,0.295,4.0,4.9,0.827,1.2,5.4,6.7,4.5,2.3,1.2,0.9,1.1,2.0,4.1,21.0,-3.8,39.8,13,0,37.5,12,26,8,64,4,1,1,41,30,21,59,1,1,36,17,3,8,2,5,8,9,2,29,1,1,74,1,3,5,1,1,108.9,109.5,109.5,113.7,114.7,114.7,-4.8,-5.2,-5.2,0.212,1.96,17.4,0.035,0.151,0.093,8.9,8.8,0.498,0.548,0.264,0.271,103.64,102.96,85.8,102.96,0.128,5026,8.0,17.1,57,50,50,53,63,63,52,55,55,15,37,50,55,27,37,33,32,62,55,3,3,37,46,46,7,1,1,0.273,0.273,0.141,0.164,0.316,0.297,0.171,0.229,0.216,0.258,0.241,0.233,0.258,0.313,0.16,0.292,0.268,3,2,58,58,7,6,53,33,39,18,88,29,30,91,12,8,4,2.9,1.6,3.5,11.3,11.2,9.9,11.1,38.7,2,17,1,1,93,95,95,6,0.796,0.204,0.661,0.125,0.147,0.166,0.192,0.136,0.536,0.402,0.598,0.708,0.292,0.442,0.558,23,81,26,10,71,42,25,61,37,83,17,73,8,89,11,0.089,0.08858065737636178,9,Dallas Mavericks,79,25,54,0.316,886.295333,842,1834,0.459,161,489,0.329,353,462,0.764,197,672,869,664,258.0,139,116,105,341,406,2198,-64.0,7,17,23,21,7,4,4,12,6,7,20,4,4,15,4,5,5,2,23,6,3,25,22,3,4,23,109.5,32.3,112.9,33.3,-3.4,-1.0,0.617,1.86,8.5,0.282,0.71,0.498,0.04,0.532,0.539,103.5,350.92,292.43,6479,0.486,8,23,19,20,10,2,23,6,14,20,19,20,22,16,286.4,255.8,323.2,951.6,302.8,272.4,294.8,1020.4,8,7,4,5,22,23,23,24,0.733,0.267,0.62,0.127,0.22,0.157,0.161,0.14,0.492,0.419,0.581,0.783,0.217,0.488,0.512,7,23,7,2,23,12,7,22,10,26,4,26,3,28,2,0.259,0.539,0.234,0.037,0.29,15,11,4,13,6,805.4,1709.0,0.471,233.0,670.4,0.348,313.8,400.0,0.785,212.6,635.8,848.4,514.8,239.4,152.2,93.2,98.8,362.2,336.8,2157.6,23,23,17,22,23,6,22,22,19,24,24,24,23,7,23,24,4,25,7,23,200,2025-26
1642504,Cormac Ryan,Cormac,1610612749,MIL,27.0,11,2,9,0.182,24.6,4.8,9.3,0.52,2.5,5.4,0.458,2.2,2.4,0.923,0.7,1.8,2.5,1.7,1.5,1.0,0.3,0.4,2.5,1.9,14.3,-1.6,22.2,1,0,23.5,69,81,63,90,21,9,13,24,3,11,6,6,12,17,44,47,43,36,17,15,46,33,17,12,4,56,17,21,5,11,1,113.6,116.0,116.0,119.9,119.0,119.0,-6.3,-3.1,-3.1,0.11,1.12,12.8,0.032,0.078,0.055,11.5,11.4,0.652,0.692,0.206,0.213,97.4,96.73,80.61,96.73,0.104,545,4.8,9.3,19,13,13,84,78,78,56,47,47,59,73,76,64,84,74,68,68,9,8,18,20,92,100,100,18,9,13,0.235,0.222,0.27,0.244,0.3,0.232,0.14,0.12,0.126,0.131,0.163,0.282,0.15,0.211,0.216,0.212,0.248,5,18,19,26,9,16,66,85,78,62,56,15,49,71,42,23,8,3.5,2.5,1.2,4.5,12.4,7.2,7.8,23.6,1,3,28,19,98,78,79,30,0.422,0.578,0.331,0.013,0.516,0.083,0.153,0.248,0.318,0.385,0.615,0.889,0.111,0.642,0.358,70,34,76,57,26,78,45,14,71,87,13,51,29,66,34,0.034,0.03380898551586223,60,Milwaukee Bucks,19,4,15,0.211,63.479667,62,123,0.504,33,74,0.446,41,49,0.837,11,25,36,22,24.2,11,4,4,32,34,198,-0.2,29,29,5,27,26,25,24,5,22,24,1,20,20,4,26,28,28,26,6,26,26,3,4,23,24,15,114.5,24.3,117.2,24.2,-2.6,0.0,0.643,1.4,3.0,0.31,0.679,0.498,0.039,0.601,0.685,97.7,466.54,388.79,616,0.484,20,11,13,16,28,23,16,19,13,18,1,2,9,17,21.6,19.0,13.0,53.6,31.6,19.8,20.6,59.6,27,26,28,27,6,4,4,4,0.398,0.602,0.293,0.02,0.5,0.066,0.207,0.237,0.273,0.379,0.621,0.879,0.121,0.645,0.355,23,7,26,21,7,28,2,5,26,29,1,19,10,19,11,0.273,0.549,0.326,0.029,0.321,7,17,28,26,19,51.2,109.2,0.469,17.6,48.0,0.367,29.8,35.6,0.837,15.2,36.0,51.2,33.2,18.2,13.0,4.0,5.4,24.2,28.2,149.8,4,3,16,4,3,19,5,4,29,3,3,3,3,27,5,2,28,4,26,4,0,2025-26
1642938,Curtis Jones,Curtis,1610612743,DEN,24.0,10,8,2,0.8,8.8,1.1,2.7,0.407,0.6,1.8,0.333,0.1,0.2,0.5,0.2,0.9,1.1,1.0,0.2,0.4,0.0,0.1,0.6,0.3,2.9,2.6,6.7,0,0,6.4,73,55,89,7,72,77,72,64,47,50,38,97,91,85,92,77,83,53,90,61,82,77,86,84,78,8,75,38,5,77,1,120.2,117.9,117.9,105.6,104.4,104.4,14.5,13.6,13.6,0.147,5.0,25.0,0.022,0.077,0.053,5.0,5.0,0.519,0.52,0.142,0.147,98.89,100.41,83.68,100.41,0.075,184,1.1,2.7,7,10,10,12,14,14,4,7,7,33,3,17,78,87,79,14,14,52,69,73,73,80,69,69,46,77,72,0.139,0.166,0.24,0.254,0.029,0.05,0.087,0.122,0.113,0.213,0.087,0.308,0.0,0.167,0.2,0.088,0.134,68,57,25,23,95,94,85,84,92,29,17,13,82,46,31,87,75,0.0,0.5,0.6,0.6,2.8,2.3,3.5,7.4,91,68,59,89,23,24,40,77,0.333,0.667,0.345,0.138,0.621,0.207,0.034,0.0,0.207,0.8,0.2,0.667,0.333,0.727,0.273,86,16,73,9,13,18,95,91,87,17,81,77,2,44,56,0.049,0.049057647552391996,32,Denver Nuggets,28,19,9,0.679,59.445333,42,88,0.477,26,63,0.413,12,16,0.75,10,36,46,26,17.0,5,6,3,25,20,122,2.0,28,24,2,5,27,26,27,10,24,26,3,28,28,16,28,26,26,25,2,29,24,1,2,26,26,12,111.9,24.2,110.8,23.8,1.1,0.4,0.664,1.86,4.0,0.253,0.663,0.48,0.031,0.558,0.642,96.4,446.93,372.44,553,0.515,21,8,10,12,11,18,26,24,22,8,5,3,13,8,17.8,14.8,17.0,45.6,17.4,18.0,20.4,50.0,29,28,26,28,2,1,3,3,0.284,0.716,0.262,0.066,0.639,0.098,0.098,0.066,0.197,0.938,0.063,0.923,0.077,0.929,0.071,28,2,28,8,2,26,23,29,28,1,29,15,14,1,29,0.234,0.505,0.248,0.024,0.337,24,1,6,29,24,47.4,112.8,0.42,19.2,55.0,0.349,18.0,28.0,0.643,19.4,40.6,60.0,33.2,13.4,9.0,6.0,5.6,20.6,23.0,132.0,3,4,1,5,5,7,2,2,1,5,4,4,3,29,2,3,27,2,28,3,0,2025-26
1641747,DaRon Holmes II,DaRon,1610612743,DEN,23.0,25,17,8,0.68,8.4,1.2,2.4,0.508,0.8,1.8,0.444,0.4,0.6,0.786,0.3,1.1,1.4,0.6,0.5,0.0,0.2,0.1,0.8,0.7,3.7,-0.6,6.7,0,0,7.1,54,35,64,17,76,71,75,27,38,50,7,69,71,49,76,71,73,71,67,94,49,82,76,65,69,45,75,38,5,73,1,108.3,107.9,107.9,113.1,110.9,110.9,-4.8,-3.0,-3.0,0.125,1.33,16.8,0.04,0.113,0.08,12.6,12.6,0.672,0.692,0.171,0.177,95.42,96.57,80.47,96.57,0.095,420,1.2,2.4,58,60,60,49,41,41,50,45,45,44,66,58,49,53,44,76,75,6,7,42,43,99,101,101,28,71,75,0.195,0.174,0.278,0.238,0.175,0.175,0.276,0.185,0.2,0.144,0.194,0.04,0.3,0.083,0.224,0.246,0.205,26,50,16,27,41,38,28,48,43,56,72,94,27,23,49,17,21,0.3,0.3,0.2,0.7,2.4,2.7,2.7,7.0,85,86,82,84,18,30,28,79,0.262,0.738,0.237,0.043,0.645,0.065,0.118,0.086,0.194,1.0,0.0,1.0,0.0,1.0,0.0,93,11,87,36,12,83,61,86,89,1,92,1,57,1,92,0.03,0.03030720821395484,68,Denver Nuggets,28,19,9,0.679,59.445333,42,88,0.477,26,63,0.413,12,16,0.75,10,36,46,26,17.0,5,6,3,25,20,122,2.0,28,24,2,5,27,26,27,10,24,26,3,28,28,16,28,26,26,25,2,29,24,1,2,26,26,12,111.9,24.2,110.8,23.8,1.1,0.4,0.664,1.86,4.0,0.253,0.663,0.48,0.031,0.558,0.642,96.4,446.93,372.44,553,0.515,21,8,10,12,11,18,26,24,22,8,5,3,13,8,17.8,14.8,17.0,45.6,17.4,18.0,20.4,50.0,29,28,26,28,2,1,3,3,0.284,0.716,0.262,0.066,0.639,0.098,0.098,0.066,0.197,0.938,0.063,0.923,0.077,0.929,0.071,28,2,28,8,2,26,23,29,28,1,29,15,14,1,29,0.234,0.505,0.248,0.024,0.337,24,1,6,29,24,47.4,112.8,0.42,19.2,55.0,0.349,18.0,28.0,0.643,19.4,40.6,60.0,33.2,13.4,9.0,6.0,5.6,20.6,23.0,132.0,3,4,1,5,5,7,2,2,1,5,4,4,3,29,2,3,27,2,28,3,0,2025-26
1642874,Danny Wolf,Danny,1610612751,BKN,22.0,57,14,43,0.246,20.8,3.1,7.7,0.405,1.2,3.7,0.322,1.5,1.9,0.771,1.0,3.9,4.9,2.2,1.3,0.5,0.6,0.6,2.2,1.3,8.9,-4.1,20.2,2,0,19.4,25,42,12,78,33,31,23,66,21,18,48,20,21,52,25,12,16,26,25,49,17,19,19,31,22,78,23,13,5,22,1,102.7,102.9,102.9,112.3,111.9,111.9,-9.6,-9.0,-9.0,0.178,1.74,18.4,0.046,0.195,0.117,10.6,10.6,0.482,0.521,0.201,0.207,98.0,98.09,81.74,98.09,0.096,2420,3.1,7.7,80,80,80,42,45,45,66,67,67,25,46,44,40,12,24,57,58,70,68,24,24,87,94,94,27,31,23,0.2,0.214,0.231,0.232,0.202,0.198,0.199,0.305,0.275,0.212,0.176,0.156,0.26,0.209,0.254,0.173,0.204,20,23,29,29,26,28,44,11,19,30,63,76,29,69,63,40,22,1.4,1.2,1.3,3.8,9.2,5.6,7.2,21.6,31,28,27,24,75,58,71,38,0.52,0.48,0.433,0.008,0.402,0.144,0.165,0.152,0.425,0.591,0.409,0.941,0.059,0.725,0.275,58,46,62,59,42,48,40,51,56,51,48,39,42,46,54,0.072,0.07191204294333235,16,Brooklyn Nets,82,20,62,0.244,1343.201333,907,2231,0.407,352,1073,0.328,397,486,0.817,179,705,884,839,449.0,219,112,172,578,380,2563,-306.2,1,23,28,26,1,3,1,25,2,1,21,2,2,7,7,4,4,1,29,2,5,29,29,4,2,29,104.4,38.5,115.5,42.4,-11.1,-3.9,0.67,1.54,9.0,0.282,0.688,0.475,0.059,0.517,0.524,99.5,270.36,225.3,7556,0.429,2,29,29,10,26,1,24,15,25,29,27,23,29,29,459.6,367.4,359.0,1249.6,560.8,396.8,474.6,1467.6,1,2,2,2,29,29,29,29,0.519,0.481,0.433,0.036,0.412,0.121,0.155,0.15,0.397,0.465,0.535,0.864,0.136,0.62,0.38,17,13,18,17,14,21,10,20,17,23,7,21,8,22,8,0.265,0.571,0.296,0.054,0.312,10,25,23,1,15,1166.2,2345.8,0.497,344.2,909.4,0.378,538.6,695.0,0.775,280.8,938.4,1219.2,757.2,412.6,263.6,153.8,119.6,514.4,591.2,3215.2,29,29,26,29,28,24,29,29,14,29,29,29,29,1,29,29,1,28,1,29,0,2025-26
1642468,Darius Brown,Darius,1610612739,CLE,26.0,1,1,0,1.0,2.7,0.0,1.0,0.0,0.0,0.0,0.0,0.0,0.0,0.0,0.0,1.0,1.0,0.0,0.0,0.0,0.0,0.0,0.0,0.0,0.0,-4.0,1.2,0,0,1.0,102,88,103,1,102,100,97,100,81,94,81,99,99,99,95,74,84,100,98,95,82,85,102,100,101,77,102,38,5,101,1,128.9,100.0,100.0,180.0,180.0,180.0,-51.1,-80.0,-80.0,0.0,0.0,0.0,0.0,1.0,0.25,0.0,0.0,0.0,0.0,0.167,0.205,79.92,90.0,75.0,90.0,0.0,5,0.0,1.0,2,88,88,103,103,103,101,102,102,100,97,100,95,1,1,1,1,100,101,45,25,103,103,103,97,100,97,0.0,0.25,0.0,0.0,0.0,0.0,0.0,1.0,0.5,0.0,0.0,0.0,0.0,0.0,0.0,0.0,0.0,100,4,81,94,99,99,95,1,2,100,1,95,82,1,1,100,101,0.0,0.0,0.0,0.0,0.0,0.0,0.0,6.0,91,93,92,99,1,1,1,87,1.0,0.0,0.0,0.0,0.0,0.0,1.0,0.0,0.0,0.0,0.0,0.0,0.0,0.0,0.0,1,94,100,63,81,92,99,91,99,96,92,81,57,98,92,-0.038,-0.03786438210022491,97,Cleveland Cavaliers,52,35,17,0.673,126.577333,107,254,0.421,49,141,0.348,46,53,0.868,18,61,79,81,40.6,30,0,14,62,44,309,6.4,22,9,6,6,22,20,20,24,18,18,11,18,19,1,24,23,25,18,9,19,28,9,8,20,20,7,112.8,25.3,111.4,24.7,1.4,0.6,0.664,1.81,5.5,0.346,0.669,0.506,0.034,0.551,0.557,101.3,454.87,379.06,1198,0.513,18,12,7,11,13,9,5,22,9,14,7,13,10,10,54.8,49.2,39.8,133.2,46.8,40.8,35.4,113.2,20,20,21,20,9,9,8,8,0.445,0.555,0.375,0.071,0.476,0.136,0.149,0.243,0.304,0.466,0.534,0.714,0.286,0.579,0.421,21,9,22,7,10,17,14,3,24,22,8,28,1,25,5,0.257,0.546,0.277,0.038,0.331,16,15,16,11,22,104.6,227.0,0.461,38.6,104.0,0.371,48.4,62.8,0.771,34.4,80.2,114.6,66.4,45.6,22.4,11.4,13.6,51.4,56.6,296.2,9,9,8,9,9,22,10,10,11,9,9,9,9,20,9,9,21,10,20,9,0,2025-26
1642357,David Jones Garcia,David,1610612759,SAS,24.0,11,7,4,0.636,6.2,1.2,2.3,0.52,0.3,0.5,0.6,0.3,0.5,0.5,0.4,0.8,1.2,1.6,0.5,0.5,0.1,0.4,0.5,0.7,2.9,3.5,8.2,0,0,7.3,69,59,77,20,86,74,80,23,68,84,1,79,72,85,68,79,78,37,71,47,74,33,91,61,77,5,71,38,5,72,1,124.1,123.1,123.1,103.6,100.0,100.0,20.6,23.1,23.1,0.316,3.6,36.0,0.06,0.143,0.1,10.0,9.9,0.58,0.579,0.18,0.189,107.12,109.45,91.21,109.45,0.133,156,1.2,2.3,3,4,4,6,4,4,3,1,1,3,7,4,29,31,33,45,44,28,38,37,35,11,6,6,5,74,80,0.186,0.197,0.158,0.1,0.091,0.128,0.222,0.209,0.213,0.4,0.2,0.273,0.333,0.5,0.194,0.235,0.167,31,31,52,73,78,59,36,41,40,4,76,17,21,101,25,18,43,0.4,0.4,0.2,1.8,1.9,1.0,1.9,6.4,80,79,85,61,12,6,15,85,0.8,0.2,0.625,0.0,0.281,0.063,0.094,0.125,0.625,0.1,0.9,0.667,0.333,0.231,0.769,21,82,29,63,61,84,77,69,25,95,5,77,2,97,3,0.045,0.045355083328527744,43,San Antonio Spurs,78,61,17,0.782,488.759333,452,946,0.478,116,338,0.343,123,167,0.737,96,329,425,331,138.6,76,48,72,239,130,1143,67.4,10,1,6,2,10,10,10,9,9,10,12,10,10,18,12,9,10,9,20,11,11,22,21,10,10,2,114.5,27.4,107.2,25.7,7.3,1.7,0.635,1.99,6.3,0.324,0.718,0.525,0.032,0.545,0.561,102.0,426.32,355.27,4333,0.535,14,13,1,18,4,6,9,4,4,9,11,11,15,1,182.0,160.2,156.6,553.2,152.0,134.8,128.8,476.0,10,10,10,10,20,20,20,20,0.643,0.357,0.588,0.054,0.304,0.175,0.108,0.157,0.534,0.39,0.61,0.931,0.069,0.529,0.471,8,22,8,12,22,6,18,17,8,28,2,13,15,27,3,0.264,0.518,0.24,0.031,0.282,11,3,5,21,4,411.6,915.4,0.45,124.6,363.0,0.343,170.2,219.8,0.774,105.6,321.8,427.4,260.8,136.6,73.6,47.8,55.0,196.6,205.0,1118.0,20,20,4,20,20,4,20,20,13,20,20,20,20,10,20,20,10,20,10,20,0,2025-26
1642852,Derik Queen,Derik,1610612740,NOP,21.0,81,26,55,0.321,25.0,4.4,9.2,0.473,0.3,1.1,0.261,2.7,3.4,0.795,1.7,5.4,7.1,3.7,2.3,1.0,0.9,0.8,2.7,2.7,11.7,-3.8,29.2,14,2,26.6,3,19,3,60,18,12,14,38,67,68,67,2,3,44,11,4,7,10,3,14,10,8,13,3,13,73,5,2,1,5,1,111.8,112.7,112.7,118.6,119.4,119.4,-6.8,-6.7,-6.7,0.208,1.57,21.9,0.065,0.207,0.136,14.0,14.0,0.489,0.546,0.214,0.217,104.07,103.32,86.1,103.32,0.109,4350,4.4,9.2,29,22,22,78,79,79,59,62,62,16,53,27,27,8,15,82,82,65,56,14,16,32,37,37,11,12,14,0.198,0.199,0.054,0.073,0.238,0.239,0.282,0.334,0.32,0.284,0.31,0.225,0.365,0.235,0.279,0.249,0.193,22,30,74,80,14,12,26,5,14,14,97,33,18,80,75,16,26,1.3,2.0,0.9,7.4,10.0,8.8,9.2,28.7,32,9,40,5,84,86,88,19,0.882,0.118,0.698,0.065,0.073,0.077,0.229,0.112,0.633,0.405,0.595,0.913,0.087,0.438,0.562,17,86,22,27,76,81,19,78,24,81,19,45,36,90,10,0.033,0.033210063333286896,61,New Orleans Pelicans,82,26,56,0.317,1034.492667,913,2060,0.443,152,508,0.299,438,556,0.788,255,762,1017,644,309.8,225,115,166,482,462,2416,-146.2,1,16,24,20,3,1,2,17,7,6,23,1,1,11,3,3,3,3,27,1,4,28,27,1,3,25,111.2,37.1,117.8,39.2,-6.7,-2.1,0.577,1.7,7.8,0.318,0.671,0.493,0.046,0.525,0.524,103.9,312.04,260.03,6715,0.468,4,27,21,28,21,4,12,21,18,24,24,24,26,21,386.6,339.8,378.8,1277.2,404.8,364.0,369.8,1165.2,2,3,1,1,27,27,27,27,0.753,0.247,0.63,0.056,0.189,0.163,0.181,0.162,0.574,0.413,0.587,0.783,0.217,0.474,0.526,5,25,5,11,24,9,3,15,6,27,3,25,4,29,1,0.284,0.568,0.25,0.046,0.329,4,23,8,4,21,967.2,1985.6,0.487,322.2,879.4,0.366,381.0,496.6,0.767,276.4,703.2,979.6,637.8,310.4,178.2,133.2,105.0,437.6,417.4,2637.6,27,27,23,27,27,18,24,25,10,28,27,27,27,4,24,28,3,27,3,27,110,2025-26
1642962,Drake Powell,Drake,1610612751,BKN,20.0,63,16,47,0.254,20.9,2.3,5.7,0.402,0.8,2.9,0.28,1.1,1.2,0.896,0.3,1.4,1.8,1.4,1.0,0.6,0.2,0.4,1.4,0.8,6.5,-7.1,12.2,0,0,12.1,19,38,10,73,32,45,38,69,37,31,66,32,40,21,72,58,64,41,37,41,52,28,52,55,42,91,51,38,5,50,1,99.8,100.3,100.3,115.3,116.3,116.3,-15.5,-16.1,-16.1,0.113,1.52,16.8,0.016,0.07,0.042,11.0,11.1,0.473,0.521,0.149,0.154,99.22,98.56,82.14,98.56,0.053,2704,2.3,5.7,89,86,86,63,73,73,86,88,88,57,57,59,86,94,96,62,62,76,67,65,66,78,89,89,80,45,38,0.151,0.162,0.155,0.181,0.144,0.126,0.095,0.112,0.109,0.144,0.132,0.173,0.116,0.193,0.153,0.097,0.15,53,61,54,49,53,62,83,92,94,57,36,62,62,62,10,84,59,1.0,0.4,0.9,2.3,9.0,6.5,7.4,23.7,46,75,38,53,72,70,73,29,0.492,0.508,0.456,0.098,0.375,0.14,0.169,0.162,0.358,0.452,0.548,0.882,0.118,0.604,0.396,63,41,60,16,47,51,33,46,64,73,27,54,27,71,29,0.046,0.04599056963863277,39,Brooklyn Nets,82,20,62,0.244,1343.201333,907,2231,0.407,352,1073,0.328,397,486,0.817,179,705,884,839,449.0,219,112,172,578,380,2563,-306.2,1,23,28,26,1,3,1,25,2,1,21,2,2,7,7,4,4,1,29,2,5,29,29,4,2,29,104.4,38.5,115.5,42.4,-11.1,-3.9,0.67,1.54,9.0,0.282,0.688,0.475,0.059,0.517,0.524,99.5,270.36,225.3,7556,0.429,2,29,29,10,26,1,24,15,25,29,27,23,29,29,459.6,367.4,359.0,1249.6,560.8,396.8,474.6,1467.6,1,2,2,2,29,29,29,29,0.519,0.481,0.433,0.036,0.412,0.121,0.155,0.15,0.397,0.465,0.535,0.864,0.136,0.62,0.38,17,13,18,17,14,21,10,20,17,23,7,21,8,22,8,0.265,0.571,0.296,0.054,0.312,10,25,23,1,15,1166.2,2345.8,0.497,344.2,909.4,0.378,538.6,695.0,0.775,280.8,938.4,1219.2,757.2,412.6,263.6,153.8,119.6,514.4,591.2,3215.2,29,29,26,29,28,24,29,29,14,29,29,29,29,1,29,29,1,28,1,29,0,2025-26
1642928,Dylan Cardwell,Dylan,1610612758,SAC,24.0,44,13,31,0.295,20.6,2.4,4.1,0.587,0.0,0.1,0.5,0.6,1.2,0.51,3.3,4.2,7.5,1.4,0.9,0.7,1.5,0.4,3.7,1.2,5.4,-1.5,22.3,3,0,18.8,37,45,25,65,37,42,53,12,78,92,2,59,43,84,4,8,4,42,42,34,1,27,3,38,48,55,16,10,5,25,1,108.0,108.6,108.6,112.3,111.1,111.1,-4.3,-2.5,-2.5,0.095,1.59,20.5,0.148,0.202,0.174,12.9,12.9,0.592,0.591,0.108,0.11,100.05,100.31,83.59,100.31,0.089,1886,2.4,4.1,60,57,57,43,42,42,46,43,43,65,52,35,2,9,4,78,78,23,32,92,93,71,72,72,33,42,53,0.138,0.106,0.009,0.006,0.083,0.12,0.523,0.316,0.383,0.132,0.127,0.194,0.588,0.192,0.398,0.147,0.116,71,93,80,92,82,67,6,9,6,61,34,54,6,61,98,56,82,0.7,1.7,0.3,4.5,7.8,6.1,6.1,18.8,61,16,77,20,63,67,59,48,0.978,0.022,0.866,0.034,0.025,0.05,0.109,0.126,0.832,0.718,0.282,1.0,0.0,0.724,0.276,12,92,3,39,79,88,67,68,7,26,74,1,57,47,53,0.076,0.07575244963547802,14,Sacramento Kings,79,21,58,0.266,950.468667,737,1446,0.51,103,309,0.333,228,316,0.722,354,816,1170,341,291.0,136,130,96,487,266,1805,-149.2,7,22,26,24,4,6,7,4,12,12,18,7,7,20,1,2,1,8,24,7,2,24,28,7,7,26,109.7,33.5,116.5,35.7,-6.8,-2.1,0.614,1.74,4.2,0.313,0.696,0.501,0.044,0.527,0.569,101.6,332.17,276.81,6566,0.465,6,24,22,21,19,17,15,13,11,23,23,10,24,23,327.6,296.4,270.4,1013.6,354.4,300.4,301.4,994.8,5,4,8,4,24,24,24,23,0.786,0.214,0.702,0.065,0.171,0.118,0.126,0.148,0.637,0.732,0.268,0.922,0.078,0.758,0.242,4,26,4,9,25,22,16,21,4,6,24,16,13,11,19,0.259,0.564,0.283,0.042,0.304,14,22,19,8,13,844.6,1738.8,0.486,273.2,717.0,0.381,387.2,491.6,0.788,212.4,631.0,843.4,541.4,274.2,178.8,88.0,98.4,360.2,392.2,2349.6,24,25,22,26,25,26,26,24,21,23,23,23,24,6,25,22,5,24,6,24,0,2025-26
1642844,Dylan Harper,Dylan,1610612759,SAS,20.0,69,53,16,0.768,22.6,4.8,9.5,0.505,0.9,2.6,0.343,1.3,1.7,0.756,0.8,2.6,3.4,3.9,1.4,0.8,0.3,0.8,2.0,1.4,11.8,4.4,23.6,0,0,22.2,13,2,49,10,24,10,11,28,35,36,33,23,26,55,37,26,27,7,20,27,31,7,30,27,12,2,14,38,5,12,1,116.3,116.9,116.9,106.8,107.4,107.4,9.5,9.5,9.5,0.246,2.69,24.9,0.033,0.106,0.07,9.3,9.2,0.551,0.574,0.211,0.218,102.03,101.49,84.57,101.49,0.113,3290,4.8,9.5,12,12,12,16,27,27,8,10,10,10,18,20,60,59,60,39,39,39,40,15,15,50,56,56,9,10,11,0.234,0.223,0.147,0.153,0.149,0.154,0.134,0.156,0.15,0.294,0.233,0.226,0.135,0.355,0.215,0.153,0.211,6,17,56,62,50,50,70,61,64,12,86,31,54,95,41,52,18,2.0,1.3,2.2,7.0,6.8,6.0,6.4,22.3,12,25,8,6,59,64,63,33,0.729,0.271,0.664,0.071,0.225,0.188,0.111,0.167,0.593,0.344,0.656,0.902,0.098,0.447,0.553,28,76,25,23,66,30,65,41,32,91,9,47,34,87,13,0.107,0.10685544813372676,2,San Antonio Spurs,78,61,17,0.782,488.759333,452,946,0.478,116,338,0.343,123,167,0.737,96,329,425,331,138.6,76,48,72,239,130,1143,67.4,10,1,6,2,10,10,10,9,9,10,12,10,10,18,12,9,10,9,20,11,11,22,21,10,10,2,114.5,27.4,107.2,25.7,7.3,1.7,0.635,1.99,6.3,0.324,0.718,0.525,0.032,0.545,0.561,102.0,426.32,355.27,4333,0.535,14,13,1,18,4,6,9,4,4,9,11,11,15,1,182.0,160.2,156.6,553.2,152.0,134.8,128.8,476.0,10,10,10,10,20,20,20,20,0.643,0.357,0.588,0.054,0.304,0.175,0.108,0.157,0.534,0.39,0.61,0.931,0.069,0.529,0.471,8,22,8,12,22,6,18,17,8,28,2,13,15,27,3,0.264,0.518,0.24,0.031,0.282,11,3,5,21,4,411.6,915.4,0.45,124.6,363.0,0.343,170.2,219.8,0.774,105.6,321.8,427.4,260.8,136.6,73.6,47.8,55.0,196.6,205.0,1118.0,20,20,4,20,20,4,20,20,13,20,20,20,20,10,20,20,10,20,10,20,193,2025-26
1642856,Egor Dëmin,Egor,1610612751,BKN,20.0,52,14,38,0.269,25.2,3.4,8.6,0.399,2.4,6.2,0.385,1.0,1.3,0.831,0.4,2.8,3.2,3.3,1.7,0.8,0.3,0.3,1.8,1.2,10.3,-3.1,20.9,1,0,21.5,31,42,17,71,16,22,17,72,4,3,22,35,37,33,63,22,30,13,13,24,37,44,38,36,19,69,19,21,5,14,1,107.6,109.5,109.5,115.3,115.4,115.4,-7.7,-5.9,-5.9,0.199,2.01,23.5,0.015,0.116,0.063,11.7,11.7,0.537,0.561,0.182,0.185,100.08,99.16,82.63,99.16,0.081,2702,3.4,8.6,65,49,49,64,64,64,62,58,58,18,29,24,88,51,67,70,71,44,48,33,38,70,83,83,38,22,17,0.171,0.19,0.305,0.277,0.118,0.108,0.071,0.179,0.15,0.234,0.203,0.188,0.15,0.131,0.176,0.117,0.181,40,34,11,18,64,74,88,52,66,23,79,56,48,37,15,73,33,1.1,1.2,1.0,1.8,10.0,7.0,9.1,28.6,44,29,36,62,84,77,85,20,0.283,0.717,0.205,0.03,0.694,0.093,0.101,0.106,0.175,0.509,0.491,0.823,0.177,0.726,0.274,92,12,92,45,8,75,73,80,92,63,37,64,17,45,55,0.062,0.061920459275882606,20,Brooklyn Nets,82,20,62,0.244,1343.201333,907,2231,0.407,352,1073,0.328,397,486,0.817,179,705,884,839,449.0,219,112,172,578,380,2563,-306.2,1,23,28,26,1,3,1,25,2,1,21,2,2,7,7,4,4,1,29,2,5,29,29,4,2,29,104.4,38.5,115.5,42.4,-11.1,-3.9,0.67,1.54,9.0,0.282,0.688,0.475,0.059,0.517,0.524,99.5,270.36,225.3,7556,0.429,2,29,29,10,26,1,24,15,25,29,27,23,29,29,459.6,367.4,359.0,1249.6,560.8,396.8,474.6,1467.6,1,2,2,2,29,29,29,29,0.519,0.481,0.433,0.036,0.412,0.121,0.155,0.15,0.397,0.465,0.535,0.864,0.136,0.62,0.38,17,13,18,17,14,21,10,20,17,23,7,21,8,22,8,0.265,0.571,0.296,0.054,0.312,10,25,23,1,15,1166.2,2345.8,0.497,344.2,909.4,0.378,538.6,695.0,0.775,280.8,938.4,1219.2,757.2,412.6,263.6,153.8,119.6,514.4,591.2,3215.2,29,29,26,29,28,24,29,29,14,29,29,29,29,1,29,29,1,28,1,29,0,2025-26
1630679,Ethan Thompson,Ethan,1610612754,IND,27.0,32,8,24,0.25,20.4,2.3,6.1,0.378,1.2,3.6,0.328,1.2,1.5,0.787,0.5,1.6,2.2,1.8,0.8,0.6,0.3,0.4,2.2,1.4,7.0,0.0,14.2,0,0,13.9,51,55,38,74,40,44,34,81,22,19,45,27,32,47,51,53,56,35,47,39,44,30,21,24,40,35,45,38,5,43,1,110.6,109.8,109.8,110.7,109.9,109.9,-0.1,-0.1,-0.1,0.122,2.28,19.3,0.025,0.078,0.051,8.4,8.4,0.474,0.515,0.154,0.16,101.11,101.84,84.87,101.84,0.051,1387,2.3,6.1,42,47,47,36,35,35,31,35,35,49,27,41,73,85,85,26,25,75,72,61,62,60,54,54,83,44,34,0.137,0.165,0.204,0.217,0.146,0.147,0.124,0.117,0.119,0.154,0.137,0.187,0.17,0.21,0.257,0.168,0.146,72,58,38,38,52,51,73,88,84,51,41,57,44,70,65,46,64,0.5,0.7,1.3,1.9,6.4,5.9,4.6,20.9,66,54,25,60,57,62,48,42,0.408,0.592,0.323,0.045,0.511,0.193,0.166,0.072,0.278,0.694,0.306,0.947,0.053,0.824,0.176,74,30,78,35,28,27,39,89,77,34,66,36,44,23,77,0.081,0.08146228928648894,10,Indiana Pacers,59,11,48,0.186,352.357333,202,523,0.386,101,316,0.32,51,71,0.718,42,146,188,216,118.4,64,13,30,146,73,556,-48.4,18,27,22,29,12,15,12,27,13,11,22,17,17,21,22,18,19,11,19,12,20,16,14,16,14,21,107.1,29.9,113.4,31.6,-6.3,-1.7,0.714,1.78,6.7,0.253,0.707,0.479,0.044,0.543,0.502,103.0,369.38,307.81,2708,0.473,9,21,20,2,15,5,27,7,23,22,13,25,20,20,108.0,88.8,120.8,344.4,141.0,104.2,102.6,403.6,16,18,11,12,19,19,16,19,0.396,0.604,0.363,0.036,0.545,0.165,0.092,0.103,0.327,0.564,0.436,0.911,0.089,0.738,0.262,25,5,23,16,6,7,24,27,22,17,13,17,12,16,14,0.234,0.554,0.25,0.039,0.293,23,19,7,10,7,320.2,659.4,0.486,90.0,253.8,0.355,127.2,164.6,0.773,81.6,255.8,337.4,185.8,106.0,69.8,37.2,28.0,131.8,133.8,857.6,19,18,21,17,18,11,18,18,12,18,19,19,17,12,19,17,17,17,13,18,0,2025-26
1641761,Grant Nelson,Grant,1610612751,BKN,24.0,4,0,4,0.0,8.8,1.3,2.3,0.556,0.0,0.0,0.0,1.8,2.5,0.7,0.3,1.3,1.5,1.3,1.0,0.3,1.3,0.5,1.5,2.0,4.3,-1.8,11.4,0,0,10.0,92,98,77,98,73,68,81,17,81,94,81,14,7,72,80,63,71,47,32,74,3,22,49,9,61,59,53,38,5,57,1,111.2,112.7,112.7,123.7,122.5,122.5,-12.5,-9.9,-9.9,0.217,1.25,21.7,0.029,0.167,0.094,17.4,17.9,0.556,0.634,0.222,0.232,97.51,97.34,81.12,97.34,0.1,71,1.3,2.3,33,23,23,89,90,90,79,70,70,14,70,28,68,19,36,94,95,37,17,8,6,91,98,98,22,68,81,0.179,0.155,0.0,0.0,0.5,0.556,0.333,0.294,0.3,0.217,0.444,0.2,1.0,0.5,0.273,0.5,0.213,37,67,81,94,2,2,18,15,17,28,100,47,1,101,72,2,17,1.8,1.8,1.0,2.5,2.0,3.3,1.5,6.5,16,13,33,43,14,37,11,83,1.0,0.0,0.588,0.0,0.0,0.235,0.412,0.412,0.588,1.0,0.0,0.0,0.0,1.0,0.0,1,94,38,63,81,10,4,3,33,1,92,81,57,1,92,0.004,0.0035504387278124582,90,Brooklyn Nets,82,20,62,0.244,1343.201333,907,2231,0.407,352,1073,0.328,397,486,0.817,179,705,884,839,449.0,219,112,172,578,380,2563,-306.2,1,23,28,26,1,3,1,25,2,1,21,2,2,7,7,4,4,1,29,2,5,29,29,4,2,29,104.4,38.5,115.5,42.4,-11.1,-3.9,0.67,1.54,9.0,0.282,0.688,0.475,0.059,0.517,0.524,99.5,270.36,225.3,7556,0.429,2,29,29,10,26,1,24,15,25,29,27,23,29,29,459.6,367.4,359.0,1249.6,560.8,396.8,474.6,1467.6,1,2,2,2,29,29,29,29,0.519,0.481,0.433,0.036,0.412,0.121,0.155,0.15,0.397,0.465,0.535,0.864,0.136,0.62,0.38,17,13,18,17,14,21,10,20,17,23,7,21,8,22,8,0.265,0.571,0.296,0.054,0.312,10,25,23,1,15,1166.2,2345.8,0.497,344.2,909.4,0.378,538.6,695.0,0.775,280.8,938.4,1219.2,757.2,412.6,263.6,153.8,119.6,514.4,591.2,3215.2,29,29,26,29,28,24,29,29,14,29,29,29,29,1,29,29,1,28,1,29,0,2025-26
1643060,Hayden Gray,Hayden,1610612762,UTA,23.0,1,0,1,0.0,24.8,2.0,3.0,0.667,0.0,1.0,0.0,2.0,2.0,1.0,0.0,0.0,0.0,1.0,1.0,1.0,1.0,0.0,0.0,1.0,6.0,-18.0,12.5,0,0,11.0,102,98,93,98,19,48,65,4,81,69,81,8,17,1,95,102,102,53,32,15,5,85,102,43,46,101,49,38,5,52,1,103.5,103.8,103.8,128.1,132.7,132.7,-24.6,-29.0,-29.0,0.05,1.0,16.7,0.0,0.0,0.0,16.7,17.0,0.667,0.773,0.079,0.079,106.82,104.73,87.27,104.73,0.05,53,2.0,3.0,78,76,76,97,98,98,92,95,95,91,79,60,95,102,102,92,93,7,2,103,103,13,26,26,85,48,65,0.091,0.061,0.0,0.063,0.222,0.143,0.0,0.0,0.0,0.1,0.143,0.167,0.5,0.0,0.0,0.1,0.109,95,103,81,84,19,53,95,102,102,80,44,66,11,1,1,83,88,0.0,0.0,2.0,2.0,11.0,7.0,7.0,30.0,91,93,9,56,92,76,68,15,0.667,0.333,0.667,0.333,0.0,0.333,0.333,0.0,0.333,0.0,1.0,0.0,0.0,0.0,1.0,36,68,23,1,81,3,6,91,68,96,1,81,57,98,1,-0.063,-0.06330935884569064,102,Utah Jazz,82,22,60,0.268,753.990667,617,1395,0.442,225,665,0.338,161,202,0.797,165,357,522,367,242.0,132,73,62,357,197,1620,-145.2,1,20,27,23,8,8,8,18,5,5,15,8,8,10,8,8,8,7,22,8,6,21,23,8,8,24,109.8,29.2,118.7,31.6,-8.9,-2.4,0.683,1.86,4.8,0.302,0.696,0.493,0.039,0.529,0.546,104.9,394.73,328.94,6204,0.459,11,20,24,8,8,12,20,12,17,17,21,19,19,24,287.4,238.0,282.2,810.8,310.6,252.4,284.0,825.6,7,8,6,8,23,22,22,22,0.523,0.477,0.484,0.106,0.417,0.148,0.099,0.139,0.378,0.661,0.339,0.867,0.133,0.736,0.264,16,14,15,4,13,14,21,23,20,12,18,20,9,17,13,0.274,0.577,0.297,0.037,0.304,6,28,24,12,12,700.0,1417.2,0.494,235.0,637.0,0.369,320.6,420.8,0.762,185.2,538.2,723.4,470.4,230.2,145.6,90.6,59.4,319.8,328.6,1955.6,22,22,24,23,22,21,23,23,8,22,22,22,22,8,22,23,9,22,8,22,0,2025-26
1642864,Hugo González,Hugo,1610612738,BOS,20.0,74,51,23,0.689,14.6,1.6,3.3,0.476,0.6,1.6,0.362,0.2,0.4,0.5,0.8,2.5,3.3,0.5,0.5,0.6,0.3,0.3,1.7,0.7,3.9,3.3,10.7,2,0,10.0,7,3,40,15,54,59,59,35,52,58,24,87,85,85,33,29,29,75,63,42,43,47,43,64,65,6,56,13,5,56,1,117.9,118.0,118.0,106.5,106.2,106.2,11.4,11.9,11.9,0.047,1.05,11.9,0.055,0.158,0.107,11.3,11.3,0.561,0.561,0.114,0.118,97.72,97.78,81.48,97.78,0.067,2201,1.6,3.3,10,9,9,15,18,18,6,9,9,94,78,80,30,25,27,67,66,34,47,89,89,89,97,97,59,59,59,0.121,0.121,0.118,0.122,0.042,0.066,0.212,0.244,0.235,0.072,0.131,0.235,0.174,0.196,0.285,0.129,0.111,85,85,62,69,94,91,38,25,33,91,35,28,42,65,76,65,86,0.8,0.7,0.5,2.0,4.4,4.5,3.9,11.6,54,52,61,56,43,48,43,60,0.528,0.472,0.519,0.007,0.436,0.138,0.045,0.215,0.512,0.667,0.333,1.0,0.0,0.786,0.214,57,47,51,60,37,53,92,21,43,40,57,1,57,31,69,0.076,0.07578658836082021,14,Boston Celtics,75,52,23,0.693,261.565333,133,288,0.462,46,130,0.354,29,46,0.63,74,224,298,54,78.0,48,31,24,158,71,341,34.6,11,2,10,4,18,19,19,11,20,19,8,22,21,27,15,11,12,20,12,17,14,15,15,18,19,3,113.8,25.0,106.9,23.4,6.9,1.6,0.578,1.65,1.8,0.351,0.698,0.527,0.032,0.549,0.553,98.3,448.5,373.75,2437,0.534,19,7,2,27,23,27,4,10,3,10,9,14,12,2,97.2,100.2,60.2,234.0,82.2,80.0,81.8,209.2,18,14,19,18,11,15,13,11,0.549,0.451,0.51,0.006,0.405,0.138,0.085,0.202,0.504,0.69,0.31,1.0,0.0,0.797,0.203,14,16,10,26,15,15,26,6,9,8,22,1,24,6,24,0.204,0.513,0.26,0.031,0.302,26,2,11,22,10,201.4,467.6,0.431,76.6,219.0,0.35,94.6,121.4,0.779,59.8,162.6,222.4,129.6,75.8,38.4,26.0,29.6,99.4,107.0,574.0,12,12,2,14,15,8,12,12,16,13,12,12,12,19,11,11,14,12,18,12,5,2025-26
1630621,Hunter Dickinson,Hunter,1610612740,NOP,25.0,5,1,4,0.2,8.5,1.0,2.8,0.357,0.0,0.8,0.0,0.4,0.4,1.0,0.4,0.6,1.0,0.4,0.6,0.2,0.4,0.0,1.2,0.2,2.4,-7.4,5.4,0,0,5.0,88,88,77,84,75,78,69,86,81,75,81,74,84,1,64,90,84,81,57,80,28,85,58,93,83,92,81,38,5,80,1,96.9,100.0,100.0,136.7,135.7,135.7,-39.8,-35.7,-35.7,0.065,0.67,10.0,0.036,0.063,0.049,15.0,15.1,0.357,0.403,0.162,0.162,110.99,109.61,91.34,109.61,0.01,96,1.0,2.8,92,88,88,99,99,99,99,98,98,85,90,90,53,96,89,86,87,93,95,48,57,4,5,5,96,78,69,0.139,0.157,0.0,0.167,0.105,0.087,0.182,0.107,0.128,0.118,0.273,0.333,0.333,0.0,0.261,0.059,0.125,69,66,81,54,71,85,50,95,77,71,93,9,21,1,67,94,78,0.8,0.4,0.0,1.6,3.4,2.0,5.6,15.2,56,77,92,65,33,17,55,54,0.714,0.286,0.833,0.167,0.0,0.0,0.167,0.333,0.667,0.8,0.2,0.0,0.0,0.8,0.2,30,74,8,4,81,92,35,5,20,17,81,81,57,28,70,-0.031,-0.03091294173601884,96,New Orleans Pelicans,82,26,56,0.317,1034.492667,913,2060,0.443,152,508,0.299,438,556,0.788,255,762,1017,644,309.8,225,115,166,482,462,2416,-146.2,1,16,24,20,3,1,2,17,7,6,23,1,1,11,3,3,3,3,27,1,4,28,27,1,3,25,111.2,37.1,117.8,39.2,-6.7,-2.1,0.577,1.7,7.8,0.318,0.671,0.493,0.046,0.525,0.524,103.9,312.04,260.03,6715,0.468,4,27,21,28,21,4,12,21,18,24,24,24,26,21,386.6,339.8,378.8,1277.2,404.8,364.0,369.8,1165.2,2,3,1,1,27,27,27,27,0.753,0.247,0.63,0.056,0.189,0.163,0.181,0.162,0.574,0.413,0.587,0.783,0.217,0.474,0.526,5,25,5,11,24,9,3,15,6,27,3,25,4,29,1,0.284,0.568,0.25,0.046,0.329,4,23,8,4,21,967.2,1985.6,0.487,322.2,879.4,0.366,381.0,496.6,0.767,276.4,703.2,979.6,637.8,310.4,178.2,133.2,105.0,437.6,417.4,2637.6,27,27,23,27,27,18,24,25,10,28,27,27,27,4,24,28,3,27,3,27,0,2025-26
1642282,Hunter Sallis,Hunter,1610612755,PHI,23.0,7,3,4,0.429,3.7,0.4,0.7,0.6,0.0,0.0,0.0,0.1,0.3,0.5,0.0,0.1,0.1,0.6,0.7,0.0,0.1,0.0,0.3,0.3,1.0,-1.9,1.7,0,0,2.0,80,76,77,51,98,95,100,10,81,94,81,92,88,85,95,100,101,73,52,95,64,85,99,86,95,60,99,38,5,99,1,89.0,89.5,89.5,115.4,112.3,112.3,-26.3,-22.8,-22.8,0.235,0.8,26.7,0.0,0.034,0.017,33.3,33.6,0.6,0.595,0.169,0.175,105.41,106.57,88.81,106.57,0.024,57,0.4,0.7,98,96,96,65,46,46,94,91,91,12,86,14,95,101,101,103,103,19,31,44,45,18,15,15,93,95,100,0.15,0.106,0.0,0.0,0.2,0.167,0.0,0.059,0.045,0.286,0.5,0.0,0.5,0.0,0.2,0.25,0.137,55,92,81,94,28,42,95,101,101,13,102,95,11,1,31,12,69,0.0,0.0,0.0,0.9,1.9,1.7,2.0,4.6,91,93,92,81,11,14,17,94,1.0,0.0,0.857,0.0,0.0,0.0,0.143,0.0,0.857,0.333,0.667,0.0,0.0,0.333,0.667,1,94,4,63,81,92,51,91,1,92,8,81,57,95,5,0.013,0.012902780175318889,87,Philadelphia 76ers,79,44,35,0.557,540.748,458,1059,0.432,149,426,0.35,151,189,0.799,129,311,440,323,149.2,110,42,57,223,153,1216,5.2,7,3,18,9,9,9,9,21,8,8,10,9,9,9,10,10,9,10,21,9,12,20,19,9,9,9,112.9,23.1,111.9,23.0,1.1,0.1,0.591,1.85,4.8,0.309,0.679,0.492,0.027,0.531,0.532,101.9,497.36,414.46,5605,0.495,25,5,12,24,12,13,17,18,20,1,20,22,6,14,211.0,181.4,177.6,554.8,179.8,179.0,188.6,554.4,9,9,9,9,21,21,21,21,0.598,0.402,0.508,0.109,0.368,0.187,0.124,0.164,0.4,0.434,0.566,0.812,0.188,0.557,0.443,9,21,11,3,17,5,17,14,16,25,5,24,5,26,4,0.271,0.542,0.263,0.031,0.321,8,13,12,24,18,467.2,996.8,0.469,146.8,413.6,0.355,206.0,262.0,0.786,132.6,371.4,504.0,305.2,171.2,83.8,59.8,63.8,219.4,225.8,1287.2,21,21,14,21,21,12,21,21,20,21,21,21,21,9,21,21,8,21,9,21,0,2025-26
1642942,Jahmai Mashack,Jahmai,1610612763,MEM,23.0,31,10,21,0.323,21.7,2.5,6.3,0.395,0.6,2.4,0.253,0.6,1.1,0.543,0.7,1.9,2.6,2.2,1.6,1.2,0.5,0.3,2.2,1.1,6.2,-6.8,16.0,2,1,14.9,52,50,41,58,30,41,33,74,46,39,69,57,47,83,42,43,41,27,14,9,25,42,20,41,44,90,38,13,2,40,1,105.7,106.2,106.2,118.7,120.7,120.7,-13.0,-14.5,-14.5,0.141,1.41,21.0,0.031,0.086,0.057,14.9,14.9,0.444,0.456,0.156,0.16,105.14,104.0,86.67,104.0,0.041,1459,2.5,6.3,74,68,68,79,84,84,82,86,86,36,64,31,67,74,71,85,84,81,86,59,60,21,34,34,91,41,33,0.136,0.155,0.101,0.133,0.082,0.119,0.152,0.153,0.153,0.186,0.216,0.262,0.192,0.122,0.218,0.148,0.124,74,68,65,67,83,68,58,62,63,33,80,20,41,33,44,55,80,1.0,0.8,0.6,3.7,9.4,8.9,7.9,29.1,47,46,58,25,78,89,80,18,0.615,0.385,0.604,0.0,0.297,0.099,0.099,0.167,0.604,0.655,0.345,0.895,0.105,0.714,0.286,40,64,34,63,60,72,76,43,29,45,55,50,31,52,48,0.02,0.020495811449896206,79,Memphis Grizzlies,82,25,57,0.305,947.700667,717,1671,0.429,267,787,0.339,321,400,0.803,192,581,773,585,303.6,169,67,128,410,333,2022,-206.6,1,17,25,22,5,7,6,22,3,3,14,5,5,8,5,6,6,4,26,3,7,27,25,5,6,27,108.7,37.2,118.6,40.7,-9.9,-3.5,0.66,1.76,7.8,0.284,0.635,0.455,0.05,0.534,0.547,105.1,306.83,255.69,6067,0.443,3,28,27,13,17,3,22,27,28,27,16,16,27,26,370.0,284.6,286.6,948.4,385.0,386.4,319.8,1149.2,4,5,5,6,25,28,25,26,0.529,0.471,0.445,0.028,0.396,0.152,0.159,0.158,0.417,0.516,0.484,0.779,0.221,0.614,0.386,15,15,17,19,16,13,8,16,14,18,12,27,2,23,7,0.249,0.574,0.279,0.052,0.365,18,27,17,2,27,903.6,1810.2,0.499,272.4,746.4,0.365,383.4,504.6,0.76,269.8,688.8,958.6,584.8,314.0,188.0,113.2,93.8,368.4,411.0,2463.0,26,26,27,25,26,17,25,26,7,27,26,26,26,3,27,27,7,26,4,26,0,2025-26
1643141,Jahmyl Telfort,Jahmyl,1610612746,LAC,25.0,8,2,6,0.25,4.0,0.0,0.5,0.0,0.0,0.5,0.0,0.1,0.5,0.25,0.0,0.4,0.4,0.1,0.1,0.1,0.0,0.0,0.6,0.3,0.1,-0.9,1.0,0,0,0.9,78,81,70,74,95,100,102,100,81,82,81,93,77,97,95,98,99,99,94,87,82,85,85,89,100,48,103,38,5,103,1,102.3,94.0,94.0,104.4,102.9,102.9,-2.1,-8.9,-8.9,0.05,1.0,12.5,0.0,0.088,0.047,12.5,12.9,0.0,0.087,0.093,0.097,96.35,101.14,84.29,101.14,-0.064,67,0.0,0.5,84,93,93,10,10,10,41,65,65,91,79,77,95,70,94,74,77,100,100,100,99,96,62,62,101,100,102,0.0,0.083,0.0,0.167,0.063,0.167,0.0,0.13,0.097,0.071,0.091,0.2,0.0,0.0,0.385,0.133,0.016,100,99,81,54,89,42,95,81,99,92,18,47,82,1,95,62,100,0.0,0.0,0.1,0.0,1.8,1.1,2.3,2.5,91,93,89,99,9,9,21,100,0.0,1.0,0.0,0.0,0.0,1.0,1.0,0.0,0.0,0.0,0.0,0.0,0.0,0.0,0.0,103,1,100,63,81,1,1,91,99,96,92,81,57,98,92,0.025,0.02500226870412029,74,LA Clippers,73,37,36,0.507,372.359,255,513,0.497,84,216,0.389,108,138,0.783,70,213,283,129,111.4,56,40,30,225,113,702,4.0,13,7,19,18,11,11,13,6,15,15,5,11,11,12,17,12,13,15,17,14,13,16,20,11,11,10,113.1,26.3,111.6,26.4,1.6,-0.1,0.592,1.62,3.3,0.303,0.681,0.499,0.034,0.545,0.612,99.2,423.33,352.78,3297,0.502,15,14,15,23,24,21,19,16,12,13,10,7,16,12,136.0,105.2,104.4,377.6,129.8,98.6,123.0,376.8,12,13,14,11,16,17,19,18,0.579,0.421,0.487,0.048,0.359,0.108,0.154,0.138,0.439,0.626,0.374,0.976,0.024,0.741,0.259,10,20,14,13,20,23,11,24,13,14,16,7,22,15,15,0.322,0.536,0.267,0.032,0.319,2,8,13,20,16,311.6,672.2,0.464,97.6,277.2,0.352,141.6,179.6,0.788,83.0,237.6,320.6,197.0,104.8,64.2,41.8,36.8,153.8,152.0,862.4,18,19,9,19,19,10,19,19,22,19,18,18,19,13,17,19,11,19,11,19,0,2025-26
1642364,Jamir Watkins,Jamir,1610612764,WAS,24.0,50,10,40,0.2,20.6,2.6,5.9,0.446,0.9,3.2,0.297,1.1,1.6,0.695,1.0,2.9,3.9,1.3,0.8,1.1,0.5,0.3,2.6,1.5,7.4,-3.3,18.0,0,0,16.7,32,50,15,84,36,37,36,46,33,26,58,30,30,74,27,20,20,45,43,13,21,48,15,20,37,71,33,38,5,36,1,109.0,109.4,109.4,116.1,115.8,115.8,-7.1,-6.4,-6.4,0.089,1.68,15.3,0.046,0.14,0.092,9.1,9.1,0.525,0.554,0.148,0.153,103.3,103.26,86.05,103.26,0.069,2211,2.6,5.9,55,51,51,69,68,68,61,61,61,72,48,69,39,33,38,37,37,50,51,66,67,39,38,38,55,37,36,0.149,0.158,0.164,0.197,0.157,0.172,0.223,0.233,0.23,0.13,0.113,0.244,0.24,0.125,0.287,0.192,0.152,56,65,51,47,47,40,35,32,34,63,27,25,35,34,78,27,57,1.1,1.0,1.4,3.3,9.4,7.8,7.8,23.9,43,35,24,31,80,81,78,27,0.466,0.534,0.462,0.011,0.383,0.185,0.155,0.149,0.451,0.541,0.459,0.957,0.043,0.689,0.311,67,37,58,58,46,34,44,55,52,60,40,33,48,56,44,0.048,0.048206123271929836,35,Washington Wizards,81,16,65,0.198,924.803,748,1700,0.44,242,732,0.331,312,400,0.78,192,536,728,370,303.2,169,65,74,389,331,2050,-228.0,6,26,29,28,6,5,5,19,4,4,19,6,5,13,5,7,7,6,25,3,8,23,24,6,5,28,108.0,33.5,119.8,37.2,-11.8,-3.6,0.586,1.54,4.8,0.281,0.662,0.466,0.047,0.538,0.546,103.7,334.05,278.37,6445,0.431,5,25,28,25,25,14,25,25,26,25,15,18,23,28,319.8,280.0,270.6,923.6,402.4,331.8,352.4,1108.4,6,6,7,7,26,25,26,25,0.569,0.431,0.494,0.077,0.354,0.137,0.152,0.153,0.417,0.492,0.508,0.847,0.153,0.607,0.393,12,18,12,6,21,16,12,19,15,20,10,22,7,24,6,0.244,0.569,0.301,0.043,0.338,21,24,25,5,25,861.4,1734.0,0.497,250.8,688.6,0.364,415.8,521.8,0.797,247.0,659.0,906.0,568.6,278.2,187.6,99.0,96.8,353.0,404.0,2389.4,25,24,25,24,24,16,28,28,23,25,25,25,25,5,26,25,6,23,5,25,0,2025-26
1642859,Jase Richardson,Jase,1610612753,ORL,20.0,54,26,28,0.481,10.9,1.6,3.5,0.473,0.5,1.5,0.354,0.6,0.9,0.717,0.4,0.8,1.2,1.1,0.5,0.4,0.0,0.1,1.0,0.9,4.4,-0.3,8.1,0,0,8.0,29,19,29,46,63,56,57,37,56,60,27,58,58,66,67,82,79,51,70,65,80,78,68,49,55,40,72,38,5,68,1,110.5,111.9,111.9,114.9,112.8,112.8,-4.4,-0.8,-0.8,0.145,2.32,20.0,0.034,0.074,0.053,8.6,8.6,0.548,0.574,0.162,0.167,100.66,100.95,84.12,100.95,0.074,1231,1.6,3.5,44,28,28,60,48,48,47,39,39,34,25,37,56,89,82,29,28,40,41,49,50,66,64,64,48,56,57,0.182,0.175,0.203,0.191,0.126,0.137,0.136,0.114,0.12,0.183,0.139,0.194,0.033,0.069,0.209,0.173,0.173,33,48,39,48,60,55,67,91,82,35,43,53,80,21,37,41,36,1.1,0.6,0.8,2.0,3.7,3.2,3.5,11.2,45,58,50,55,35,36,39,62,0.58,0.42,0.51,0.05,0.351,0.18,0.139,0.238,0.46,0.574,0.426,0.929,0.071,0.685,0.315,48,56,52,32,52,36,54,15,49,55,45,41,40,58,42,0.035,0.03471786004924012,55,Orlando Magic,69,36,33,0.522,273.521333,174,398,0.437,58,173,0.335,68,96,0.708,89,164,253,132,86.2,49,20,18,130,90,474,-12.8,14,8,17,14,17,16,15,20,17,17,17,14,13,22,13,15,16,14,15,16,16,11,13,13,17,18,110.3,27.7,115.1,28.1,-4.8,-0.4,0.645,1.74,4.6,0.361,0.706,0.525,0.037,0.518,0.538,100.6,406.78,338.99,2313,0.487,12,18,16,15,18,15,2,8,5,16,26,21,18,15,102.4,93.2,82.4,296.8,103.4,79.4,82.8,280.4,17,16,15,15,15,14,14,14,0.565,0.435,0.489,0.042,0.367,0.16,0.143,0.192,0.447,0.5,0.5,0.931,0.069,0.644,0.356,13,17,13,14,18,11,15,8,11,19,11,13,15,20,10,0.277,0.557,0.313,0.036,0.294,5,20,27,15,8,232.4,480.6,0.484,70.6,195.8,0.361,117.4,150.4,0.781,63.4,173.4,236.8,146.6,83.6,47.6,32.0,26.0,121.6,119.4,652.8,14,13,19,12,12,14,15,16,17,15,13,13,14,17,15,16,18,16,15,14,0,2025-26
1642914,Javon Small,Javon,1610612763,MEM,23.0,41,13,28,0.317,20.2,3.3,7.0,0.465,1.5,3.5,0.423,1.7,2.0,0.829,0.9,2.2,3.1,3.7,1.4,0.8,0.2,0.7,1.6,1.4,9.7,-2.6,20.7,0,0,20.0,41,45,29,61,42,26,24,44,17,22,12,17,17,35,30,34,33,9,24,23,54,11,45,22,21,65,20,38,5,20,1,111.4,111.7,111.7,116.4,117.4,117.4,-4.9,-5.7,-5.7,0.257,2.7,28.5,0.04,0.109,0.074,10.6,10.5,0.569,0.611,0.183,0.19,104.95,104.37,86.97,104.37,0.109,1802,3.3,7.0,31,31,31,72,74,74,53,56,56,9,17,12,48,57,55,58,55,32,25,32,33,23,29,29,13,26,24,0.186,0.184,0.24,0.206,0.212,0.197,0.188,0.19,0.189,0.323,0.221,0.194,0.099,0.264,0.182,0.182,0.197,30,41,25,42,24,32,45,45,46,9,84,52,68,88,17,35,25,1.8,0.9,1.8,3.3,8.1,8.5,6.7,23.9,14,43,13,32,65,84,65,28,0.507,0.493,0.374,0.03,0.455,0.184,0.171,0.184,0.343,0.365,0.635,0.5,0.5,0.425,0.575,59,45,70,44,35,35,32,35,65,90,10,80,1,92,8,0.039,0.0388852951156742,50,Memphis Grizzlies,82,25,57,0.305,947.700667,717,1671,0.429,267,787,0.339,321,400,0.803,192,581,773,585,303.6,169,67,128,410,333,2022,-206.6,1,17,25,22,5,7,6,22,3,3,14,5,5,8,5,6,6,4,26,3,7,27,25,5,6,27,108.7,37.2,118.6,40.7,-9.9,-3.5,0.66,1.76,7.8,0.284,0.635,0.455,0.05,0.534,0.547,105.1,306.83,255.69,6067,0.443,3,28,27,13,17,3,22,27,28,27,16,16,27,26,370.0,284.6,286.6,948.4,385.0,386.4,319.8,1149.2,4,5,5,6,25,28,25,26,0.529,0.471,0.445,0.028,0.396,0.152,0.159,0.158,0.417,0.516,0.484,0.779,0.221,0.614,0.386,15,15,17,19,16,13,8,16,14,18,12,27,2,23,7,0.249,0.574,0.279,0.052,0.365,18,27,17,2,27,903.6,1810.2,0.499,272.4,746.4,0.365,383.4,504.6,0.76,269.8,688.8,958.6,584.8,314.0,188.0,113.2,93.8,368.4,411.0,2463.0,26,26,27,25,26,17,25,26,7,27,26,26,26,3,27,27,7,26,4,26,0,2025-26
1631451,Javonte Cooke,Javonte,1610612757,POR,26.0,19,6,13,0.316,4.9,0.5,2.2,0.22,0.2,1.2,0.13,0.1,0.1,1.0,0.2,0.8,1.0,0.4,0.5,0.3,0.0,0.3,0.3,0.2,1.2,-3.1,3.4,0,0,3.4,58,61,51,63,92,93,84,98,73,64,77,96,97,1,90,81,84,84,68,69,82,52,98,92,94,70,93,38,5,96,1,76.1,74.3,74.3,104.2,102.9,102.9,-28.1,-28.6,-28.6,0.127,0.78,12.1,0.033,0.163,0.089,15.5,15.5,0.256,0.275,0.205,0.219,105.41,107.36,89.47,107.36,0.019,210,0.5,2.2,101,101,101,7,9,9,95,94,94,43,87,79,61,21,42,88,88,98,98,19,13,17,10,10,94,93,84,0.141,0.228,0.231,0.315,0.133,0.08,0.148,0.234,0.209,0.241,0.22,0.353,0.0,0.25,0.194,0.129,0.147,67,14,30,11,57,87,60,31,42,20,83,7,82,83,25,65,62,0.4,0.6,0.3,0.6,2.5,1.4,1.6,5.1,79,64,79,87,21,11,12,91,0.439,0.561,0.522,0.0,0.391,0.217,0.087,0.304,0.522,0.5,0.5,0.667,0.333,0.556,0.444,68,36,49,63,44,13,78,8,42,65,29,77,2,79,21,0.031,0.031074875632735716,66,Portland Trail Blazers,65,33,32,0.508,287.903333,236,641,0.368,104,364,0.286,67,86,0.779,49,155,204,153,107.0,37,15,50,100,82,643,-57.2,16,11,16,17,14,12,11,28,11,9,24,15,15,14,18,17,17,13,16,18,18,19,11,15,12,22,103.1,25.3,112.8,27.6,-9.7,-2.3,0.576,1.26,5.0,0.32,0.676,0.496,0.042,0.513,0.474,103.3,421.72,351.44,2531,0.441,17,16,23,29,29,11,10,20,15,21,29,27,17,27,111.8,100.0,72.6,278.8,137.4,93.8,105.8,297.2,14,15,17,17,17,16,17,16,0.432,0.568,0.411,0.059,0.485,0.121,0.104,0.168,0.351,0.462,0.538,0.837,0.163,0.627,0.373,22,8,20,10,9,20,20,13,21,24,6,23,6,21,9,0.242,0.542,0.269,0.036,0.324,22,12,15,14,20,252.8,539.2,0.469,79.0,228.8,0.345,113.0,145.2,0.778,75.8,193.0,268.8,161.4,91.0,67.8,39.8,30.2,118.0,114.4,697.6,16,16,15,15,16,5,13,14,15,16,15,16,16,15,18,18,13,15,17,16,0,2025-26
1643257,Jayson Kent,Jayson,1610612757,POR,24.0,5,4,1,0.8,4.5,0.8,1.4,0.571,0.2,0.8,0.25,0.2,0.2,1.0,0.0,1.0,1.0,0.0,0.0,0.2,0.2,0.0,0.2,0.2,2.0,-0.6,4.4,0,0,4.0,88,71,93,7,93,83,94,15,69,75,70,83,91,1,95,74,84,100,98,80,56,85,100,93,88,43,90,38,5,91,1,93.8,86.7,86.7,90.8,89.4,89.4,3.0,-2.7,-2.7,0.0,0.0,0.0,0.0,0.25,0.128,0.0,0.0,0.643,0.672,0.137,0.16,93.88,98.28,81.9,98.28,0.245,45,0.8,1.4,95,99,99,1,2,2,20,44,44,100,97,100,95,2,17,1,1,12,12,77,61,102,93,93,1,83,94,0.286,0.226,0.5,0.286,0.111,0.067,0.0,0.333,0.25,0.0,0.0,0.333,0.5,0.0,0.091,0.083,0.256,2,15,3,14,67,89,95,6,30,100,1,9,11,1,5,90,6,1.0,0.0,0.4,1.2,1.2,1.6,0.8,4.4,48,93,72,72,6,12,3,96,0.429,0.571,0.6,0.0,0.3,0.2,0.1,0.5,0.6,0.667,0.333,1.0,0.0,0.75,0.25,69,35,35,63,59,20,75,2,30,40,57,1,57,40,60,0.044,0.04355743613401764,44,Portland Trail Blazers,65,33,32,0.508,287.903333,236,641,0.368,104,364,0.286,67,86,0.779,49,155,204,153,107.0,37,15,50,100,82,643,-57.2,16,11,16,17,14,12,11,28,11,9,24,15,15,14,18,17,17,13,16,18,18,19,11,15,12,22,103.1,25.3,112.8,27.6,-9.7,-2.3,0.576,1.26,5.0,0.32,0.676,0.496,0.042,0.513,0.474,103.3,421.72,351.44,2531,0.441,17,16,23,29,29,11,10,20,15,21,29,27,17,27,111.8,100.0,72.6,278.8,137.4,93.8,105.8,297.2,14,15,17,17,17,16,17,16,0.432,0.568,0.411,0.059,0.485,0.121,0.104,0.168,0.351,0.462,0.538,0.837,0.163,0.627,0.373,22,8,20,10,9,20,20,13,21,24,6,23,6,21,9,0.242,0.542,0.269,0.036,0.324,22,12,15,14,20,252.8,539.2,0.469,79.0,228.8,0.345,113.0,145.2,0.778,75.8,193.0,268.8,161.4,91.0,67.8,39.8,30.2,118.0,114.4,697.6,16,16,15,15,16,5,13,14,15,16,15,16,16,15,18,18,13,15,17,16,0,2025-26
1642847,Jeremiah Fears,Jeremiah,1610612740,NOP,19.0,82,26,56,0.317,25.8,5.3,12.3,0.434,1.2,3.7,0.33,2.4,3.0,0.789,0.7,2.9,3.7,3.4,2.2,1.2,0.4,1.1,1.8,2.5,14.3,-3.5,26.2,3,0,25.6,1,19,2,61,14,5,5,50,20,17,43,4,4,46,43,18,23,11,7,10,30,4,35,5,5,72,7,10,5,7,1,110.8,111.8,111.8,117.6,118.2,118.2,-6.9,-6.4,-6.4,0.195,1.57,17.8,0.026,0.109,0.067,11.3,11.3,0.485,0.525,0.245,0.251,103.69,102.98,85.82,102.98,0.093,4532,5.3,12.3,37,29,29,75,76,76,60,60,60,20,54,47,71,56,64,66,67,66,64,4,4,35,45,45,29,5,5,0.234,0.25,0.218,0.225,0.223,0.223,0.104,0.175,0.154,0.258,0.28,0.245,0.145,0.32,0.177,0.235,0.231,7,7,35,33,18,18,77,55,62,17,94,24,50,92,16,19,11,2.4,1.0,3.2,7.4,10.0,8.9,9.1,29.2,5,36,2,4,84,88,86,17,0.696,0.304,0.575,0.053,0.259,0.227,0.166,0.171,0.522,0.369,0.631,0.693,0.307,0.444,0.556,33,71,41,30,62,12,38,40,41,88,12,76,5,88,12,0.043,0.042878206123696035,45,New Orleans Pelicans,82,26,56,0.317,1034.492667,913,2060,0.443,152,508,0.299,438,556,0.788,255,762,1017,644,309.8,225,115,166,482,462,2416,-146.2,1,16,24,20,3,1,2,17,7,6,23,1,1,11,3,3,3,3,27,1,4,28,27,1,3,25,111.2,37.1,117.8,39.2,-6.7,-2.1,0.577,1.7,7.8,0.318,0.671,0.493,0.046,0.525,0.524,103.9,312.04,260.03,6715,0.468,4,27,21,28,21,4,12,21,18,24,24,24,26,21,386.6,339.8,378.8,1277.2,404.8,364.0,369.8,1165.2,2,3,1,1,27,27,27,27,0.753,0.247,0.63,0.056,0.189,0.163,0.181,0.162,0.574,0.413,0.587,0.783,0.217,0.474,0.526,5,25,5,11,24,9,3,15,6,27,3,25,4,29,1,0.284,0.568,0.25,0.046,0.329,4,23,8,4,21,967.2,1985.6,0.487,322.2,879.4,0.366,381.0,496.6,0.767,276.4,703.2,979.6,637.8,310.4,178.2,133.2,105.0,437.6,417.4,2637.6,27,27,23,27,27,18,24,25,10,28,27,27,27,4,24,28,3,27,3,27,109,2025-26
1642866,Joan Beringer,Joan,1610612750,MIN,19.0,40,22,18,0.55,7.9,1.6,2.5,0.663,0.0,0.0,0.0,0.7,0.9,0.703,1.1,1.2,2.3,0.3,0.3,0.2,0.7,0.3,1.2,0.8,3.9,0.6,9.3,1,0,8.2,43,26,47,29,77,57,74,5,81,94,81,56,54,71,22,68,51,91,85,82,15,55,61,57,66,26,65,21,5,66,1,119.7,117.8,117.8,115.0,115.5,115.5,4.7,2.3,2.3,0.052,1.09,8.8,0.141,0.135,0.138,8.0,8.0,0.663,0.683,0.156,0.163,105.15,105.74,88.12,105.74,0.107,695,1.6,2.5,8,11,11,61,65,65,15,24,24,90,75,91,3,40,13,23,24,8,11,58,54,20,22,22,15,57,74,0.22,0.166,0.0,0.0,0.184,0.206,0.542,0.237,0.327,0.067,0.111,0.123,0.542,0.286,0.362,0.227,0.19,15,56,81,94,33,25,5,28,9,94,24,82,9,89,93,21,28,0.4,1.0,0.7,3.3,3.4,3.1,2.7,9.6,75,38,55,33,32,35,24,68,1.0,0.0,0.833,0.0,0.0,0.167,0.167,0.103,0.833,0.738,0.262,0.0,0.0,0.738,0.262,1,94,8,63,81,41,35,81,5,22,78,81,57,42,58,0.019,0.019493703930475382,81,Minnesota Timberwolves,43,22,21,0.512,70.123,70,106,0.66,0,0,0.0,30,41,0.732,47,59,106,14,21.6,7,31,10,50,32,170,6.0,24,20,8,16,24,24,25,1,29,29,29,21,22,19,19,24,22,28,5,27,14,7,5,24,25,8,119.8,23.9,114.6,23.3,5.3,0.6,0.609,1.86,1.5,0.332,0.602,0.476,0.028,0.579,0.685,104.8,519.89,433.24,763,0.526,22,6,8,22,9,29,7,29,24,5,2,1,2,4,27.4,25.0,23.2,85.6,29.8,29.8,22.4,85.2,24,25,25,24,5,6,5,6,1.0,0.0,0.824,0.0,0.0,0.165,0.176,0.094,0.824,0.757,0.243,0.0,0.0,0.757,0.243,1,29,1,28,29,8,4,28,1,5,25,29,24,12,18,0.307,0.526,0.292,0.03,0.398,3,5,22,25,29,64.4,138.4,0.465,16.8,49.4,0.34,30.8,40.4,0.762,24.8,41.2,66.0,41.8,22.6,13.2,7.4,11.2,29.2,28.6,176.4,6,6,11,3,4,3,6,6,9,8,5,5,6,25,6,5,22,6,25,6,0,2025-26
1642967,John Poulakidas,John,1610612742,DAL,23.0,13,3,10,0.231,19.5,3.0,7.0,0.429,2.4,5.9,0.403,0.5,0.5,0.857,0.3,2.0,2.3,0.8,0.3,0.5,0.3,0.0,2.2,0.4,8.8,-1.2,15.1,0,0,16.1,65,76,59,81,46,32,25,52,4,5,17,67,74,27,77,37,50,63,84,48,40,85,22,81,24,52,41,38,5,37,1,110.4,110.5,110.5,113.8,112.8,112.8,-3.4,-2.3,-2.3,0.061,2.75,10.1,0.014,0.096,0.053,3.7,3.7,0.599,0.611,0.153,0.157,105.86,106.25,88.54,106.25,0.069,560,3.0,7.0,45,40,40,55,49,49,42,42,42,87,15,89,91,65,81,12,12,21,24,62,64,15,18,18,57,32,25,0.179,0.184,0.449,0.363,0.053,0.048,0.062,0.138,0.119,0.08,0.061,0.171,0.143,0.0,0.233,0.043,0.186,36,43,5,7,93,95,89,74,85,87,12,63,51,1,55,97,31,1.8,1.6,1.8,0.6,5.9,5.7,6.4,21.4,15,18,14,88,54,59,62,40,0.154,0.846,0.139,0.07,0.809,0.2,0.052,0.2,0.07,0.875,0.125,0.968,0.032,0.949,0.051,100,4,94,25,2,20,91,25,98,9,91,30,51,10,90,0.064,0.06398922234593468,18,Dallas Mavericks,79,25,54,0.316,886.295333,842,1834,0.459,161,489,0.329,353,462,0.764,197,672,869,664,258.0,139,116,105,341,406,2198,-64.0,7,17,23,21,7,4,4,12,6,7,20,4,4,15,4,5,5,2,23,6,3,25,22,3,4,23,109.5,32.3,112.9,33.3,-3.4,-1.0,0.617,1.86,8.5,0.282,0.71,0.498,0.04,0.532,0.539,103.5,350.92,292.43,6479,0.486,8,23,19,20,10,2,23,6,14,20,19,20,22,16,286.4,255.8,323.2,951.6,302.8,272.4,294.8,1020.4,8,7,4,5,22,23,23,24,0.733,0.267,0.62,0.127,0.22,0.157,0.161,0.14,0.492,0.419,0.581,0.783,0.217,0.488,0.512,7,23,7,2,23,12,7,22,10,26,4,26,3,28,2,0.259,0.539,0.234,0.037,0.29,15,11,4,13,6,805.4,1709.0,0.471,233.0,670.4,0.348,313.8,400.0,0.785,212.6,635.8,848.4,514.8,239.4,152.2,93.2,98.8,362.2,336.8,2157.6,23,23,17,22,23,6,22,22,19,24,24,24,23,7,23,24,4,25,7,23,0,2025-26
1642910,John Tonje,John,1610612738,BOS,25.0,6,5,1,0.833,7.0,0.7,2.3,0.286,0.5,1.7,0.3,0.7,0.7,1.0,0.0,1.0,1.0,0.3,0.0,0.3,0.0,0.2,0.8,0.7,2.5,-1.0,5.2,0,0,5.0,84,66,93,4,81,89,77,96,58,55,54,51,65,1,95,74,84,87,98,67,82,67,75,67,81,50,84,38,5,80,1,109.7,106.6,106.6,113.3,108.4,108.4,-3.7,-1.8,-1.8,0.083,0.0,11.1,0.0,0.12,0.067,0.0,0.0,0.393,0.476,0.157,0.162,102.72,106.54,88.79,106.54,0.061,91,0.7,2.3,51,67,67,50,30,30,45,40,40,77,97,87,95,50,62,1,1,91,82,57,58,46,16,16,69,89,77,0.143,0.212,0.176,0.263,0.167,0.154,0.0,0.194,0.15,0.1,0.0,0.222,0.0,0.2,0.227,0.174,0.155,64,25,49,22,42,49,95,44,65,80,1,35,82,66,50,39,52,0.8,0.0,0.5,0.3,2.3,2.0,5.2,5.7,55,93,65,94,17,17,51,88,0.286,0.714,0.133,0.0,0.6,0.2,0.267,0.333,0.133,1.0,0.0,1.0,0.0,1.0,0.0,91,13,96,63,16,20,16,5,93,1,92,1,57,1,92,0.035,0.03504861824824903,55,Boston Celtics,75,52,23,0.693,261.565333,133,288,0.462,46,130,0.354,29,46,0.63,74,224,298,54,78.0,48,31,24,158,71,341,34.6,11,2,10,4,18,19,19,11,20,19,8,22,21,27,15,11,12,20,12,17,14,15,15,18,19,3,113.8,25.0,106.9,23.4,6.9,1.6,0.578,1.65,1.8,0.351,0.698,0.527,0.032,0.549,0.553,98.3,448.5,373.75,2437,0.534,19,7,2,27,23,27,4,10,3,10,9,14,12,2,97.2,100.2,60.2,234.0,82.2,80.0,81.8,209.2,18,14,19,18,11,15,13,11,0.549,0.451,0.51,0.006,0.405,0.138,0.085,0.202,0.504,0.69,0.31,1.0,0.0,0.797,0.203,14,16,10,26,15,15,26,6,9,8,22,1,24,6,24,0.204,0.513,0.26,0.031,0.302,26,2,11,22,10,201.4,467.6,0.431,76.6,219.0,0.35,94.6,121.4,0.779,59.8,162.6,222.4,129.6,75.8,38.4,26.0,29.6,99.4,107.0,574.0,12,12,2,14,15,8,12,12,16,13,12,12,12,19,11,11,14,12,18,12,0,2025-26
1641780,Johni Broome,Johni,1610612755,PHI,23.0,11,5,6,0.455,5.0,0.4,2.2,0.167,0.0,0.5,0.0,0.2,0.5,0.333,0.6,0.8,1.5,0.4,0.3,0.3,0.2,0.3,0.6,0.6,0.9,-1.6,4.3,0,0,3.6,69,66,70,48,91,96,82,99,81,84,81,85,72,96,48,79,72,85,86,73,57,50,84,68,96,56,91,38,5,94,1,88.2,88.9,88.9,107.4,102.5,102.5,-19.2,-13.6,-13.6,0.118,1.33,11.8,0.109,0.17,0.137,8.8,8.9,0.167,0.188,0.226,0.232,101.45,103.43,86.19,103.43,-0.02,117,0.4,2.2,99,98,98,21,8,8,89,81,81,52,66,82,9,18,14,32,35,99,99,6,7,55,36,36,99,96,82,0.105,0.25,0.0,0.152,0.125,0.222,0.7,0.273,0.372,0.167,0.15,0.375,0.333,0.375,0.292,0.304,0.096,91,4,81,63,61,19,1,18,7,43,49,5,21,97,79,6,95,0.2,0.4,0.2,0.7,2.0,1.8,2.2,4.9,88,79,85,83,14,15,19,93,0.792,0.208,0.8,0.0,0.0,0.2,0.2,0.2,0.8,0.25,0.75,0.0,0.0,0.25,0.75,24,80,12,63,81,20,24,25,9,94,6,81,57,96,4,0.031,0.031454729930611235,66,Philadelphia 76ers,79,44,35,0.557,540.748,458,1059,0.432,149,426,0.35,151,189,0.799,129,311,440,323,149.2,110,42,57,223,153,1216,5.2,7,3,18,9,9,9,9,21,8,8,10,9,9,9,10,10,9,10,21,9,12,20,19,9,9,9,112.9,23.1,111.9,23.0,1.1,0.1,0.591,1.85,4.8,0.309,0.679,0.492,0.027,0.531,0.532,101.9,497.36,414.46,5605,0.495,25,5,12,24,12,13,17,18,20,1,20,22,6,14,211.0,181.4,177.6,554.8,179.8,179.0,188.6,554.4,9,9,9,9,21,21,21,21,0.598,0.402,0.508,0.109,0.368,0.187,0.124,0.164,0.4,0.434,0.566,0.812,0.188,0.557,0.443,9,21,11,3,17,5,17,14,16,25,5,24,5,26,4,0.271,0.542,0.263,0.031,0.321,8,13,12,24,18,467.2,996.8,0.469,146.8,413.6,0.355,206.0,262.0,0.786,132.6,371.4,504.0,305.2,171.2,83.8,59.8,63.8,219.4,225.8,1287.2,21,21,14,21,21,12,21,21,20,21,21,21,21,9,21,21,8,21,9,21,0,2025-26
1642490,Josh Oduro,Josh,1610612740,NOP,25.0,3,1,2,0.333,27.3,3.7,5.7,0.647,0.0,0.7,0.0,1.0,2.0,0.5,3.7,4.0,7.7,1.3,0.7,0.0,0.0,0.0,4.7,2.3,8.3,0.3,18.9,1,0,17.3,97,88,89,54,11,16,39,6,81,79,81,37,17,85,2,11,3,46,55,95,82,85,1,7,28,31,28,21,5,34,1,122.6,127.8,127.8,126.1,124.6,124.6,-3.4,3.2,3.2,0.05,2.0,16.7,0.117,0.136,0.126,8.3,7.8,0.647,0.636,0.09,0.097,112.61,110.95,92.46,110.95,0.05,187,3.7,5.7,4,1,1,94,93,93,43,20,20,91,30,60,6,38,18,24,21,10,15,101,100,2,3,3,84,16,39,0.121,0.094,0.0,0.043,0.073,0.115,0.393,0.214,0.274,0.098,0.1,0.0,0.0,0.0,0.35,0.156,0.105,86,97,81,89,86,69,17,38,20,82,21,95,82,1,92,51,92,0.7,3.7,0.7,6.7,9.3,11.3,10.3,36.0,63,1,53,7,76,97,90,7,0.882,0.118,0.88,0.08,0.0,0.08,0.12,0.08,0.8,0.545,0.455,0.0,0.0,0.545,0.455,17,86,2,21,81,80,59,87,9,59,41,81,57,83,17,-0.005,-0.0054524503226966925,93,New Orleans Pelicans,82,26,56,0.317,1034.492667,913,2060,0.443,152,508,0.299,438,556,0.788,255,762,1017,644,309.8,225,115,166,482,462,2416,-146.2,1,16,24,20,3,1,2,17,7,6,23,1,1,11,3,3,3,3,27,1,4,28,27,1,3,25,111.2,37.1,117.8,39.2,-6.7,-2.1,0.577,1.7,7.8,0.318,0.671,0.493,0.046,0.525,0.524,103.9,312.04,260.03,6715,0.468,4,27,21,28,21,4,12,21,18,24,24,24,26,21,386.6,339.8,378.8,1277.2,404.8,364.0,369.8,1165.2,2,3,1,1,27,27,27,27,0.753,0.247,0.63,0.056,0.189,0.163,0.181,0.162,0.574,0.413,0.587,0.783,0.217,0.474,0.526,5,25,5,11,24,9,3,15,6,27,3,25,4,29,1,0.284,0.568,0.25,0.046,0.329,4,23,8,4,21,967.2,1985.6,0.487,322.2,879.4,0.366,381.0,496.6,0.767,276.4,703.2,979.6,637.8,310.4,178.2,133.2,105.0,437.6,417.4,2637.6,27,27,23,27,27,18,24,25,10,28,27,27,27,4,24,28,3,27,3,27,0,2025-26
1642882,Julian Reese,Julian,1610612764,WAS,22.0,13,1,12,0.077,30.9,4.8,9.2,0.529,0.0,0.0,0.0,2.2,3.4,0.636,4.2,6.3,10.5,1.8,2.5,1.4,0.6,1.8,3.2,3.5,11.8,-8.6,30.8,5,0,28.2,65,88,55,97,8,8,15,22,81,94,81,7,2,78,1,1,1,33,2,7,16,1,7,2,11,96,3,7,5,4,1,109.0,110.8,110.8,123.2,122.6,122.6,-14.2,-11.8,-11.8,0.084,0.75,12.3,0.133,0.219,0.174,16.4,16.5,0.529,0.557,0.173,0.176,103.1,102.52,85.43,102.52,0.092,853,4.8,9.2,56,38,38,88,91,91,84,76,76,76,88,78,4,4,5,90,90,48,49,41,44,42,49,49,31,8,15,0.18,0.163,0.0,0.0,0.189,0.216,0.545,0.336,0.397,0.127,0.216,0.269,0.242,0.444,0.223,0.25,0.163,35,60,81,94,30,20,4,3,4,66,81,19,34,100,48,12,44,1.7,3.4,0.6,9.4,15.3,9.3,13.2,38.9,21,2,57,2,103,92,99,5,1.0,0.0,0.818,0.026,0.0,0.052,0.182,0.143,0.792,0.667,0.333,0.0,0.0,0.667,0.333,1,94,11,49,81,87,28,56,11,40,57,81,57,62,36,0.012,0.011866673068078195,88,Washington Wizards,81,16,65,0.198,924.803,748,1700,0.44,242,732,0.331,312,400,0.78,192,536,728,370,303.2,169,65,74,389,331,2050,-228.0,6,26,29,28,6,5,5,19,4,4,19,6,5,13,5,7,7,6,25,3,8,23,24,6,5,28,108.0,33.5,119.8,37.2,-11.8,-3.6,0.586,1.54,4.8,0.281,0.662,0.466,0.047,0.538,0.546,103.7,334.05,278.37,6445,0.431,5,25,28,25,25,14,25,25,26,25,15,18,23,28,319.8,280.0,270.6,923.6,402.4,331.8,352.4,1108.4,6,6,7,7,26,25,26,25,0.569,0.431,0.494,0.077,0.354,0.137,0.152,0.153,0.417,0.492,0.508,0.847,0.153,0.607,0.393,12,18,12,6,21,16,12,19,15,20,10,22,7,24,6,0.244,0.569,0.301,0.043,0.338,21,24,25,5,25,861.4,1734.0,0.497,250.8,688.6,0.364,415.8,521.8,0.797,247.0,659.0,906.0,568.6,278.2,187.6,99.0,96.8,353.0,404.0,2389.4,25,24,25,24,24,16,28,28,23,25,25,25,25,5,26,25,6,23,5,25,0,2025-26
1642955,Kadary Richmond,Kadary,1610612764,WAS,24.0,3,2,1,0.667,22.3,3.3,5.3,0.625,0.7,1.3,0.5,1.0,1.0,1.0,0.3,3.0,3.3,2.7,0.7,2.7,0.3,0.0,0.7,1.0,8.3,1.7,24.7,0,0,21.0,97,81,93,18,26,23,42,8,44,63,2,37,51,1,72,17,28,20,55,1,33,85,80,43,28,13,11,38,5,16,1,112.5,110.6,110.6,106.0,106.6,106.6,6.5,4.0,4.0,0.138,4.0,29.6,0.016,0.136,0.077,7.4,7.3,0.688,0.722,0.114,0.121,108.24,108.86,90.72,108.86,0.129,151,3.3,5.3,28,39,39,13,23,23,12,18,18,37,5,11,87,38,47,19,19,4,5,88,88,6,7,7,6,23,42,0.147,0.126,0.182,0.093,0.15,0.115,0.091,0.214,0.189,0.167,0.095,0.364,0.111,0.0,0.087,0.103,0.15,59,84,47,75,48,69,84,38,47,43,19,6,64,1,4,82,61,2.3,0.7,1.3,5.3,9.7,6.7,11.0,18.0,7,56,26,15,83,74,94,49,0.75,0.25,0.64,0.0,0.24,0.16,0.12,0.28,0.64,0.5,0.5,1.0,0.0,0.6,0.4,26,77,27,63,64,43,59,12,22,65,29,1,57,72,28,0.117,0.11699868097740995,1,Washington Wizards,81,16,65,0.198,924.803,748,1700,0.44,242,732,0.331,312,400,0.78,192,536,728,370,303.2,169,65,74,389,331,2050,-228.0,6,26,29,28,6,5,5,19,4,4,19,6,5,13,5,7,7,6,25,3,8,23,24,6,5,28,108.0,33.5,119.8,37.2,-11.8,-3.6,0.586,1.54,4.8,0.281,0.662,0.466,0.047,0.538,0.546,103.7,334.05,278.37,6445,0.431,5,25,28,25,25,14,25,25,26,25,15,18,23,28,319.8,280.0,270.6,923.6,402.4,331.8,352.4,1108.4,6,6,7,7,26,25,26,25,0.569,0.431,0.494,0.077,0.354,0.137,0.152,0.153,0.417,0.492,0.508,0.847,0.153,0.607,0.393,12,18,12,6,21,16,12,19,15,20,10,22,7,24,6,0.244,0.569,0.301,0.043,0.338,21,24,25,5,25,861.4,1734.0,0.497,250.8,688.6,0.364,415.8,521.8,0.797,247.0,659.0,906.0,568.6,278.2,187.6,99.0,96.8,353.0,404.0,2389.4,25,24,25,24,24,16,28,28,23,25,25,25,25,5,26,25,6,23,5,25,0,2025-26
1642880,Kam Jones,Kam,1610612754,IND,24.0,37,6,31,0.162,16.7,1.8,4.6,0.402,0.6,2.0,0.293,0.1,0.2,0.5,0.4,1.2,1.6,3.2,1.0,0.5,0.0,0.3,1.1,0.3,4.4,-3.9,11.6,1,0,10.8,47,61,25,92,49,51,46,68,49,46,60,95,90,85,62,65,66,16,36,57,82,41,64,85,56,76,52,21,5,53,1,106.6,106.0,106.0,116.6,116.0,116.0,-9.9,-10.0,-10.0,0.262,3.31,36.3,0.024,0.071,0.048,11.0,11.0,0.467,0.47,0.141,0.145,103.65,104.2,86.84,104.2,0.061,1334,1.8,4.6,70,69,69,73,71,71,68,71,71,8,9,2,75,92,93,60,60,78,84,74,75,36,31,31,71,51,46,0.13,0.152,0.117,0.141,0.022,0.032,0.13,0.109,0.114,0.312,0.162,0.18,0.0,0.179,0.173,0.052,0.115,79,70,63,65,96,97,71,93,91,10,53,59,82,53,14,96,85,0.4,0.1,0.3,2.3,7.5,5.3,5.4,20.4,74,92,78,52,61,55,53,44,0.556,0.444,0.568,0.037,0.407,0.062,0.025,0.093,0.531,0.391,0.609,0.818,0.182,0.529,0.471,51,52,44,37,41,85,96,84,39,86,14,65,16,84,16,0.039,0.03854496746115595,50,Indiana Pacers,59,11,48,0.186,352.357333,202,523,0.386,101,316,0.32,51,71,0.718,42,146,188,216,118.4,64,13,30,146,73,556,-48.4,18,27,22,29,12,15,12,27,13,11,22,17,17,21,22,18,19,11,19,12,20,16,14,16,14,21,107.1,29.9,113.4,31.6,-6.3,-1.7,0.714,1.78,6.7,0.253,0.707,0.479,0.044,0.543,0.502,103.0,369.38,307.81,2708,0.473,9,21,20,2,15,5,27,7,23,22,13,25,20,20,108.0,88.8,120.8,344.4,141.0,104.2,102.6,403.6,16,18,11,12,19,19,16,19,0.396,0.604,0.363,0.036,0.545,0.165,0.092,0.103,0.327,0.564,0.436,0.911,0.089,0.738,0.262,25,5,23,16,6,7,24,27,22,17,13,17,12,16,14,0.234,0.554,0.25,0.039,0.293,23,19,7,10,7,320.2,659.4,0.486,90.0,253.8,0.355,127.2,164.6,0.773,81.6,255.8,337.4,185.8,106.0,69.8,37.2,28.0,131.8,133.8,857.6,19,18,21,17,18,11,18,18,12,18,19,19,17,12,19,17,17,17,13,18,0,2025-26
1642857,Kasparas Jakučionis,Kasparas,1610612748,MIA,20.0,53,28,25,0.528,17.8,1.9,4.5,0.429,1.2,2.9,0.423,1.1,1.2,0.879,0.8,1.8,2.6,2.6,0.9,0.6,0.1,0.3,1.9,1.2,6.2,1.4,14.5,0,0,14.1,30,17,36,36,48,49,50,52,19,30,11,33,39,24,34,50,42,21,38,40,67,45,34,39,45,15,42,38,5,41,1,115.9,115.9,115.9,112.6,112.9,112.9,3.3,3.0,3.0,0.178,2.74,30.2,0.04,0.096,0.067,11.0,11.0,0.567,0.614,0.129,0.134,107.13,106.96,89.14,106.96,0.073,2109,1.9,4.5,13,14,14,44,52,52,19,21,21,26,16,8,50,63,63,61,61,33,23,84,84,10,13,13,50,49,50,0.117,0.127,0.236,0.199,0.138,0.125,0.165,0.142,0.149,0.233,0.189,0.168,0.097,0.155,0.258,0.15,0.134,88,82,27,44,55,63,55,72,67,24,69,65,69,45,66,54,73,1.2,0.8,0.9,1.3,5.8,5.1,6.3,19.2,36,45,37,71,52,53,60,47,0.345,0.655,0.22,0.006,0.604,0.152,0.176,0.195,0.213,0.417,0.583,0.985,0.015,0.784,0.216,85,19,90,61,15,46,30,29,85,78,22,25,56,34,66,0.057,0.05707737795861959,26,Miami Heat,57,31,26,0.544,275.819,164,365,0.449,92,220,0.418,78,93,0.839,85,184,269,184,78.6,53,18,22,182,86,498,31.0,19,13,11,10,16,17,18,15,14,14,2,13,14,3,14,13,15,12,13,15,17,13,18,14,16,4,115.6,27.5,110.8,26.4,4.8,1.1,0.688,2.21,5.8,0.327,0.73,0.519,0.03,0.534,0.613,107.1,449.16,374.3,2587,0.522,13,15,5,7,1,8,8,2,7,7,17,6,11,6,123.0,111.0,105.6,312.8,90.6,76.6,91.8,283.6,13,12,12,13,12,13,15,15,0.397,0.603,0.289,0.004,0.554,0.163,0.157,0.171,0.285,0.486,0.514,0.967,0.033,0.756,0.244,24,6,27,27,4,10,9,10,25,21,9,9,20,13,17,0.269,0.546,0.288,0.035,0.27,9,14,21,16,2,240.2,515.2,0.466,81.8,214.2,0.382,118.6,148.4,0.799,57.0,196.6,253.6,154.6,91.0,45.6,28.0,22.2,115.0,118.6,680.8,15,15,13,16,13,27,16,15,25,12,16,15,15,15,14,13,19,14,16,15,1,2025-26
1642933,Keshon Gilbert,Keshon,1610612737,ATL,22.0,4,0,4,0.0,18.4,1.3,3.0,0.417,0.0,0.8,0.0,1.8,1.8,1.0,0.5,0.8,1.3,3.0,2.0,0.8,1.0,0.0,1.3,1.3,4.3,-14.5,13.5,0,0,12.0,92,98,77,98,47,68,65,58,81,77,81,14,25,1,53,85,76,17,8,28,5,85,56,32,61,99,47,38,5,51,2,105.8,103.2,103.2,141.1,141.3,141.3,-35.3,-38.1,-38.1,0.222,1.5,34.3,0.028,0.046,0.036,22.9,22.8,0.417,0.564,0.131,0.139,99.99,101.16,84.3,101.16,0.049,156,1.3,3.0,72,78,78,100,100,100,98,99,99,13,58,5,70,99,99,99,99,90,46,82,81,72,61,61,87,68,65,0.085,0.095,0.0,0.063,0.304,0.233,0.143,0.091,0.106,0.343,0.296,0.333,0.444,0.0,0.185,0.2,0.106,96,96,81,84,8,15,63,97,95,6,96,9,16,1,20,25,91,0.5,1.0,0.5,2.0,11.3,10.0,9.5,29.5,66,37,65,56,94,96,89,16,0.75,0.25,0.588,0.118,0.0,0.118,0.412,0.118,0.471,0.4,0.6,0.0,0.0,0.4,0.6,26,77,38,11,81,61,4,71,46,84,16,81,57,94,6,-0.089,-0.08912108489889323,103,Atlanta Hawks,44,23,21,0.523,105.088333,95,177,0.537,29,76,0.382,19,32,0.594,44,52,96,35,32.6,17,15,14,67,35,238,-11.0,23,19,8,13,23,21,23,3,23,22,6,24,24,28,21,25,23,23,7,22,18,9,9,22,22,17,112.0,23.1,117.5,24.1,-5.5,-0.9,0.721,2.12,2.6,0.301,0.717,0.496,0.029,0.552,0.623,104.3,507.46,422.88,1110,0.468,24,10,18,1,3,25,21,5,16,6,6,5,4,22,42.6,33.6,30.2,110.8,39.4,30.2,42.8,126.0,23,23,23,23,7,7,9,9,0.571,0.429,0.555,0.008,0.366,0.13,0.08,0.273,0.546,0.667,0.333,1.0,0.0,0.768,0.232,11,19,9,25,19,19,27,2,7,10,20,1,24,9,21,0.21,0.573,0.305,0.029,0.283,25,26,26,27,5,96.4,192.2,0.502,27.6,72.6,0.38,47.2,58.6,0.805,22.8,74.8,97.6,59.0,32.6,20.6,9.8,10.0,38.0,46.8,267.6,7,7,28,7,7,25,9,7,26,6,7,7,7,23,8,8,24,7,23,7,0,2025-26
1642863,Khaman Maluach,Khaman,1610612756,PHX,19.0,46,22,24,0.478,8.9,1.2,2.3,0.533,0.1,0.5,0.238,0.5,0.7,0.71,1.1,1.8,2.9,0.1,0.5,0.1,0.7,0.3,0.9,0.6,3.0,1.0,8.6,1,0,7.8,35,26,38,47,71,73,79,21,75,83,72,66,64,70,23,45,35,98,60,90,13,53,70,71,75,16,68,21,5,70,1,105.6,106.0,106.0,103.0,103.5,103.5,2.6,2.5,2.5,0.021,0.24,4.0,0.107,0.198,0.151,16.6,16.7,0.557,0.586,0.142,0.147,98.34,97.92,81.6,97.92,0.098,851,1.2,2.3,75,70,70,5,11,11,22,23,23,99,96,99,11,11,8,91,91,36,36,71,72,84,96,96,25,73,79,0.167,0.137,0.045,0.062,0.183,0.197,0.402,0.3,0.331,0.033,0.18,0.069,0.611,0.245,0.328,0.19,0.154,43,78,75,86,35,30,15,12,8,98,67,90,4,82,84,29,55,0.4,1.1,0.2,2.2,3.2,2.4,2.9,7.8,78,30,88,54,29,25,30,74,0.8,0.2,0.734,0.014,0.108,0.05,0.158,0.122,0.719,0.627,0.373,1.0,0.0,0.661,0.339,21,82,18,55,73,89,43,70,17,47,53,1,57,65,35,0.051,0.050942077298754725,31,Phoenix Suns,55,29,26,0.527,241.738667,164,367,0.447,63,184,0.342,43,67,0.642,109,161,270,34,82.2,29,54,22,115,55,434,30.8,20,14,11,12,19,17,17,16,16,16,13,19,18,26,11,16,14,24,14,20,10,13,12,19,18,5,109.9,32.5,105.1,31.0,4.8,1.5,0.583,1.44,1.6,0.391,0.703,0.542,0.049,0.534,0.547,97.5,329.91,274.92,1671,0.518,7,19,3,26,27,28,1,9,1,26,18,17,25,7,90.4,89.8,70.0,222.8,93.2,66.2,79.2,227.2,19,17,18,19,13,11,12,12,0.499,0.501,0.465,0.018,0.435,0.134,0.099,0.171,0.447,0.683,0.317,0.968,0.032,0.793,0.207,18,12,16,24,12,18,22,11,12,9,21,8,21,7,23,0.199,0.522,0.256,0.046,0.297,27,4,10,3,9,187.0,416.4,0.449,60.8,179.8,0.338,78.0,106.4,0.733,52.2,141.2,193.4,122.2,76.8,45.0,27.2,29.6,80.2,87.8,512.8,11,11,3,11,11,2,11,11,5,11,11,11,11,18,13,12,14,11,19,11,0,2025-26
1642920,Kobe Sanders,Kobe,1610612746,LAC,24.0,68,36,32,0.529,19.9,2.6,5.6,0.466,1.2,2.9,0.408,0.8,1.0,0.826,0.4,1.8,2.3,1.6,1.2,0.7,0.1,0.3,2.1,0.9,7.3,0.5,13.8,0,0,14.0,18,9,22,35,44,38,40,43,23,32,15,47,50,37,59,46,53,38,29,30,63,51,23,48,38,29,46,38,5,42,1,113.4,113.1,113.1,112.1,112.9,112.9,1.3,0.2,0.2,0.117,1.35,18.1,0.022,0.088,0.056,13.4,13.4,0.57,0.597,0.155,0.161,99.56,99.33,82.77,99.33,0.062,2808,2.6,5.6,20,21,21,41,51,51,28,34,34,53,65,46,80,71,73,80,80,31,29,60,59,76,82,82,65,38,40,0.161,0.164,0.232,0.206,0.093,0.092,0.106,0.138,0.13,0.166,0.2,0.209,0.081,0.118,0.263,0.114,0.156,46,59,28,41,77,82,75,75,76,46,75,42,73,30,68,76,50,1.1,0.8,0.9,2.4,6.8,5.3,6.4,20.2,42,50,42,49,60,56,64,45,0.49,0.51,0.4,0.069,0.485,0.121,0.115,0.152,0.331,0.556,0.444,0.975,0.025,0.743,0.257,64,40,66,26,30,60,63,52,69,57,43,28,53,41,59,0.063,0.06326526630009166,19,LA Clippers,73,37,36,0.507,372.359,255,513,0.497,84,216,0.389,108,138,0.783,70,213,283,129,111.4,56,40,30,225,113,702,4.0,13,7,19,18,11,11,13,6,15,15,5,11,11,12,17,12,13,15,17,14,13,16,20,11,11,10,113.1,26.3,111.6,26.4,1.6,-0.1,0.592,1.62,3.3,0.303,0.681,0.499,0.034,0.545,0.612,99.2,423.33,352.78,3297,0.502,15,14,15,23,24,21,19,16,12,13,10,7,16,12,136.0,105.2,104.4,377.6,129.8,98.6,123.0,376.8,12,13,14,11,16,17,19,18,0.579,0.421,0.487,0.048,0.359,0.108,0.154,0.138,0.439,0.626,0.374,0.976,0.024,0.741,0.259,10,20,14,13,20,23,11,24,13,14,16,7,22,15,15,0.322,0.536,0.267,0.032,0.319,2,8,13,20,16,311.6,672.2,0.464,97.6,277.2,0.352,141.6,179.6,0.788,83.0,237.6,320.6,197.0,104.8,64.2,41.8,36.8,153.8,152.0,862.4,18,19,9,19,19,10,19,19,22,19,18,18,19,13,17,19,11,19,11,19,0,2025-26
1642886,Koby Brea,Koby,1610612756,PHX,23.0,12,5,7,0.417,7.0,1.3,3.0,0.417,1.1,2.5,0.433,0.2,0.2,1.0,0.1,0.6,0.7,0.8,0.3,0.1,0.0,0.1,0.5,0.1,3.8,-0.4,5.7,0,0,6.5,67,66,65,52,80,68,65,58,26,37,9,89,95,1,94,91,95,64,80,92,82,81,93,98,68,42,79,38,5,76,1,101.2,101.8,101.8,107.5,106.0,106.0,-6.3,-4.2,-4.2,0.189,2.5,19.6,0.012,0.088,0.048,7.8,7.9,0.597,0.61,0.203,0.211,95.8,96.15,80.13,96.15,0.101,169,1.3,3.0,87,83,83,22,17,17,57,52,52,22,22,38,92,72,91,22,23,22,26,22,21,97,102,102,20,68,65,0.221,0.24,0.52,0.469,0.182,0.125,0.042,0.135,0.105,0.233,0.108,0.077,0.0,0.083,0.207,0.056,0.262,14,8,2,1,37,64,94,77,96,25,23,88,82,23,35,95,5,0.8,0.7,0.3,0.3,4.0,2.2,2.9,7.5,58,56,80,94,39,21,31,76,0.167,0.833,0.089,0.0,0.867,0.067,0.044,0.2,0.089,0.0,1.0,0.846,0.154,0.733,0.267,98,5,99,63,1,82,93,25,94,96,1,58,22,43,57,0.035,0.034700784451367636,55,Phoenix Suns,55,29,26,0.527,241.738667,164,367,0.447,63,184,0.342,43,67,0.642,109,161,270,34,82.2,29,54,22,115,55,434,30.8,20,14,11,12,19,17,17,16,16,16,13,19,18,26,11,16,14,24,14,20,10,13,12,19,18,5,109.9,32.5,105.1,31.0,4.8,1.5,0.583,1.44,1.6,0.391,0.703,0.542,0.049,0.534,0.547,97.5,329.91,274.92,1671,0.518,7,19,3,26,27,28,1,9,1,26,18,17,25,7,90.4,89.8,70.0,222.8,93.2,66.2,79.2,227.2,19,17,18,19,13,11,12,12,0.499,0.501,0.465,0.018,0.435,0.134,0.099,0.171,0.447,0.683,0.317,0.968,0.032,0.793,0.207,18,12,16,24,12,18,22,11,12,9,21,8,21,7,23,0.199,0.522,0.256,0.046,0.297,27,4,10,3,9,187.0,416.4,0.449,60.8,179.8,0.338,78.0,106.4,0.733,52.2,141.2,193.4,122.2,76.8,45.0,27.2,29.6,80.2,87.8,512.8,11,11,3,11,11,2,11,11,5,11,11,11,11,18,13,12,14,11,19,11,0,2025-26
1642851,Kon Knueppel,Kon,1610612766,CHA,20.0,81,44,37,0.543,31.5,6.4,13.4,0.475,3.4,7.9,0.425,2.4,2.8,0.863,1.2,4.1,5.3,3.4,2.0,0.7,0.2,0.6,2.1,2.3,18.5,4.0,30.8,7,0,32.5,3,4,19,31,7,2,3,36,1,1,10,3,5,26,20,9,14,12,9,32,50,14,25,6,2,3,4,4,5,2,1,116.4,119.2,119.2,112.8,113.0,113.0,3.6,6.2,6.2,0.158,1.7,17.0,0.036,0.128,0.082,10.0,9.9,0.601,0.633,0.216,0.221,101.07,99.73,83.11,99.73,0.115,5297,6.4,13.4,11,8,8,46,53,53,17,13,13,30,47,55,52,43,43,44,45,18,18,12,12,62,78,78,8,2,3,0.229,0.225,0.3,0.27,0.215,0.208,0.147,0.186,0.176,0.183,0.201,0.157,0.08,0.228,0.169,0.18,0.237,8,16,12,20,22,24,62,47,50,34,77,75,74,77,13,36,9,2.1,2.1,2.7,5.4,11.7,9.0,10.5,33.5,10,8,5,14,97,90,91,11,0.408,0.592,0.323,0.032,0.547,0.144,0.13,0.113,0.291,0.591,0.409,0.923,0.077,0.767,0.233,75,29,77,42,22,49,56,77,75,51,48,43,37,37,63,0.1,0.09982999917486923,4,Charlotte Hornets,82,44,38,0.537,1248.136,910,1842,0.494,380,943,0.403,392,479,0.818,326,843,1169,515,407.2,146,143,112,460,411,2592,88.2,1,3,20,11,2,2,3,7,1,2,4,3,3,6,2,1,2,5,28,5,1,26,26,2,1,1,113.5,39.5,111.7,38.3,1.9,1.2,0.651,1.68,5.4,0.345,0.733,0.539,0.054,0.549,0.631,100.4,290.55,242.12,7552,0.514,1,26,4,14,22,10,6,1,2,28,8,4,28,9,378.0,439.6,326.6,1193.6,475.2,348.0,414.8,1277.6,3,1,3,3,28,26,28,28,0.488,0.512,0.409,0.019,0.44,0.107,0.151,0.123,0.39,0.638,0.362,0.932,0.068,0.76,0.24,19,11,21,22,11,24,13,26,18,13,17,12,17,10,20,0.248,0.539,0.225,0.042,0.267,19,10,3,6,1,1072.4,2302.4,0.466,337.0,936.6,0.36,413.0,517.6,0.798,256.0,771.2,1027.2,677.4,317.8,214.6,112.0,119.0,519.0,485.0,2894.8,28,28,12,28,29,13,27,27,24,26,28,28,28,2,28,26,2,29,2,28,200,2025-26
1643018,LJ Cryer,LJ,1610612744,GSW,24.0,18,6,12,0.333,16.2,2.6,6.5,0.402,2.1,5.2,0.394,0.9,1.1,0.895,0.2,1.3,1.6,1.0,0.8,0.2,0.0,0.1,1.6,0.7,8.2,0.9,11.3,0,0,13.2,59,61,55,54,50,39,30,70,8,13,20,42,49,22,85,61,67,53,48,83,82,84,47,63,31,18,54,38,5,48,1,111.6,109.2,109.2,109.9,109.6,109.6,1.7,-0.4,-0.4,0.092,1.29,11.6,0.014,0.084,0.049,9.0,8.9,0.56,0.59,0.196,0.208,97.93,99.16,82.63,99.16,0.07,612,2.6,6.5,30,53,53,31,34,34,27,38,38,70,69,83,89,77,87,35,33,35,33,28,22,88,84,84,53,39,30,0.193,0.228,0.402,0.387,0.189,0.165,0.057,0.131,0.111,0.114,0.133,0.056,0.0,0.053,0.207,0.114,0.222,27,13,7,4,31,45,91,80,93,74,37,93,82,20,36,77,13,1.2,0.7,0.8,0.7,6.2,4.8,3.9,14.8,38,53,48,85,56,51,44,56,0.197,0.803,0.135,0.054,0.75,0.101,0.115,0.142,0.081,0.5,0.5,0.784,0.216,0.723,0.277,97,7,95,29,4,70,64,58,96,65,29,69,12,48,52,0.065,0.06470648060482369,17,Golden State Warriors,74,35,39,0.473,333.790333,209,463,0.451,108,306,0.353,63,73,0.863,71,129,200,111,112.8,83,9,13,159,73,589,-16.2,12,9,21,19,13,14,14,13,10,13,9,16,16,2,16,19,18,17,18,10,21,8,16,16,13,19,110.6,23.4,113.1,23.9,-2.6,-0.5,0.692,1.71,2.7,0.317,0.68,0.492,0.034,0.544,0.595,101.9,481.74,401.45,3354,0.483,23,9,17,5,20,24,13,17,19,12,12,8,7,18,146.8,112.6,80.8,302.4,139.2,102.0,108.2,351.6,11,11,16,14,18,18,18,17,0.339,0.661,0.343,0.034,0.55,0.207,0.107,0.239,0.309,0.663,0.337,0.907,0.093,0.789,0.211,27,3,24,18,5,2,19,4,23,11,19,18,11,8,22,0.246,0.56,0.254,0.034,0.32,20,21,9,18,17,293.2,604.2,0.485,90.2,245.6,0.367,124.0,153.2,0.809,77.8,224.8,302.6,186.0,113.8,62.2,28.6,29.0,132.4,139.8,800.6,17,17,20,18,17,20,17,17,27,17,17,17,18,11,16,14,16,18,12,17,0,2025-26
1642950,Lachlan Olbrich,Lachlan,1610612741,CHI,22.0,37,9,28,0.243,9.3,1.0,2.1,0.468,0.1,0.5,0.105,0.4,1.1,0.375,1.2,1.8,3.0,1.1,0.4,0.3,0.2,0.2,1.3,1.0,2.4,0.7,8.9,1,1,7.7,47,54,29,79,68,80,86,42,77,81,79,73,48,95,18,49,34,50,73,68,55,70,53,43,82,24,67,21,2,71,1,109.5,109.0,109.0,108.3,106.7,106.7,1.2,2.3,2.3,0.153,2.63,27.1,0.112,0.174,0.142,10.3,10.5,0.481,0.47,0.125,0.129,104.89,105.91,88.26,105.91,0.074,763,1.0,2.1,53,55,55,27,25,25,29,25,25,32,19,13,7,17,10,52,53,71,83,86,87,24,20,20,49,80,86,0.116,0.113,0.022,0.065,0.122,0.23,0.446,0.266,0.317,0.219,0.155,0.203,0.25,0.136,0.329,0.264,0.107,89,89,77,82,63,17,11,20,15,26,52,46,32,38,85,11,90,0.4,0.6,0.2,1.8,3.2,3.5,3.2,9.8,77,59,84,63,30,40,36,67,0.753,0.247,0.764,0.022,0.067,0.09,0.169,0.157,0.742,0.706,0.294,1.0,0.0,0.722,0.278,25,79,15,51,77,76,34,47,13,30,70,1,57,49,51,0.046,0.046411982728158704,39,Chicago Bulls,39,10,29,0.256,70.051,36,80,0.45,2,21,0.095,15,40,0.375,45,67,112,42,20.8,13,8,7,50,37,89,2.0,25,28,14,25,25,27,28,14,27,27,28,27,23,29,20,22,21,22,4,24,22,5,5,21,27,12,108.7,21.6,109.5,21.6,-0.8,0.0,0.618,1.87,4.4,0.352,0.693,0.517,0.027,0.517,0.456,105.0,530.36,441.96,778,0.496,28,3,14,19,7,16,3,14,8,2,28,28,1,13,24.2,29.4,26.6,84.4,24.4,26.4,23.8,74.4,25,24,24,25,4,5,6,5,0.738,0.263,0.764,0.022,0.067,0.09,0.169,0.157,0.742,0.706,0.294,1.0,0.0,0.722,0.278,6,24,2,20,27,27,5,18,2,7,23,1,24,18,12,0.25,0.547,0.282,0.031,0.307,17,16,18,23,14,60.8,129.0,0.471,19.4,57.6,0.337,25.2,36.4,0.692,16.8,49.4,66.2,38.0,23.6,12.2,9.2,6.4,28.0,30.4,166.2,5,5,18,6,6,1,4,5,2,4,6,6,5,24,4,6,25,5,24,5,0,2025-26
1643133,Lawson Lovering,Lawson,1610612763,MEM,23.0,2,1,1,0.5,24.6,3.0,5.0,0.6,0.0,0.0,0.0,1.0,2.5,0.4,3.0,4.5,7.5,1.5,1.0,1.5,0.5,0.5,3.5,2.0,7.0,0.5,23.3,1,0,20.0,99,88,93,40,20,32,45,10,81,94,81,37,7,93,5,7,6,39,32,5,21,22,4,9,39,28,15,21,5,21,1,112.9,110.5,110.5,113.8,110.6,110.6,-0.8,-0.1,-0.1,0.07,1.5,17.6,0.105,0.188,0.143,11.8,11.6,0.6,0.574,0.106,0.112,107.88,110.59,92.15,110.59,0.07,114,3.0,5.0,25,41,41,54,39,39,35,36,36,83,58,48,12,14,9,71,69,19,42,94,92,9,4,4,54,32,45,0.122,0.1,0.0,0.0,0.133,0.208,0.4,0.29,0.326,0.094,0.125,0.214,0.125,0.333,0.318,0.222,0.111,84,95,81,94,57,23,16,16,10,84,33,40,58,93,83,22,87,1.0,2.5,1.5,6.0,10.0,5.0,11.5,31.0,48,4,21,12,84,52,96,12,1.0,0.0,0.857,0.0,0.0,0.214,0.143,0.143,0.857,0.667,0.333,0.0,0.0,0.667,0.333,1,94,4,63,81,15,51,56,1,40,57,81,57,62,36,0.101,0.10094379747198266,3,Memphis Grizzlies,82,25,57,0.305,947.700667,717,1671,0.429,267,787,0.339,321,400,0.803,192,581,773,585,303.6,169,67,128,410,333,2022,-206.6,1,17,25,22,5,7,6,22,3,3,14,5,5,8,5,6,6,4,26,3,7,27,25,5,6,27,108.7,37.2,118.6,40.7,-9.9,-3.5,0.66,1.76,7.8,0.284,0.635,0.455,0.05,0.534,0.547,105.1,306.83,255.69,6067,0.443,3,28,27,13,17,3,22,27,28,27,16,16,27,26,370.0,284.6,286.6,948.4,385.0,386.4,319.8,1149.2,4,5,5,6,25,28,25,26,0.529,0.471,0.445,0.028,0.396,0.152,0.159,0.158,0.417,0.516,0.484,0.779,0.221,0.614,0.386,15,15,17,19,16,13,8,16,14,18,12,27,2,23,7,0.249,0.574,0.279,0.052,0.365,18,27,17,2,27,903.6,1810.2,0.499,272.4,746.4,0.365,383.4,504.6,0.76,269.8,688.8,958.6,584.8,314.0,188.0,113.2,93.8,368.4,411.0,2463.0,26,26,27,25,26,17,25,26,7,27,26,26,26,3,27,27,7,26,4,26,0,2025-26
1642862,Liam McNeeley,Liam,1610612766,CHA,20.0,31,12,19,0.387,11.9,1.2,3.1,0.4,0.8,1.9,0.4,1.0,1.3,0.821,0.4,1.9,2.4,0.8,0.4,0.2,0.1,0.2,1.2,0.9,4.3,0.3,8.6,0,0,8.7,52,47,44,53,59,72,63,71,40,48,18,36,36,39,60,42,48,67,75,85,73,64,63,51,60,33,69,38,5,65,1,110.7,111.5,111.5,112.0,109.9,109.9,-1.3,1.6,1.6,0.096,1.85,15.9,0.034,0.167,0.098,8.6,8.7,0.526,0.588,0.144,0.148,98.18,98.74,82.28,98.74,0.079,754,1.2,3.1,40,34,34,40,36,36,38,28,28,64,39,63,58,19,34,28,30,49,34,68,71,85,87,87,41,72,63,0.132,0.146,0.216,0.197,0.205,0.198,0.151,0.246,0.221,0.126,0.119,0.096,0.136,0.188,0.267,0.165,0.157,77,74,36,46,25,29,59,24,37,67,30,86,53,55,70,47,48,0.8,0.6,0.5,0.9,4.6,3.5,3.3,11.4,57,61,69,79,46,39,37,61,0.368,0.632,0.212,0.0,0.545,0.106,0.243,0.182,0.212,0.714,0.286,0.958,0.042,0.868,0.132,81,23,91,63,23,68,18,37,86,27,72,31,49,18,82,0.048,0.047992907655301405,35,Charlotte Hornets,82,44,38,0.537,1248.136,910,1842,0.494,380,943,0.403,392,479,0.818,326,843,1169,515,407.2,146,143,112,460,411,2592,88.2,1,3,20,11,2,2,3,7,1,2,4,3,3,6,2,1,2,5,28,5,1,26,26,2,1,1,113.5,39.5,111.7,38.3,1.9,1.2,0.651,1.68,5.4,0.345,0.733,0.539,0.054,0.549,0.631,100.4,290.55,242.12,7552,0.514,1,26,4,14,22,10,6,1,2,28,8,4,28,9,378.0,439.6,326.6,1193.6,475.2,348.0,414.8,1277.6,3,1,3,3,28,26,28,28,0.488,0.512,0.409,0.019,0.44,0.107,0.151,0.123,0.39,0.638,0.362,0.932,0.068,0.76,0.24,19,11,21,22,11,24,13,26,18,13,17,12,17,10,20,0.248,0.539,0.225,0.042,0.267,19,10,3,6,1,1072.4,2302.4,0.466,337.0,936.6,0.36,413.0,517.6,0.798,256.0,771.2,1027.2,677.4,317.8,214.6,112.0,119.0,519.0,485.0,2894.8,28,28,12,28,29,13,27,27,24,26,28,28,28,2,28,26,2,29,2,28,0,2025-26
1631351,Lucas Williamson,Lucas,1610612763,MEM,27.0,7,0,7,0.0,32.0,3.6,10.7,0.333,2.1,7.6,0.283,1.1,1.1,1.0,1.6,3.9,5.4,2.6,1.4,1.6,0.1,1.0,3.7,1.1,10.4,-17.9,24.5,1,0,24.0,80,98,65,98,6,18,8,89,7,2,65,29,44,1,13,13,13,22,21,4,64,5,2,40,15,100,13,21,5,9,1,104.8,105.2,105.2,127.9,129.7,129.7,-23.1,-24.5,-24.5,0.108,1.8,17.0,0.042,0.127,0.08,9.4,9.4,0.433,0.465,0.159,0.162,108.23,107.27,89.39,107.27,0.044,499,3.6,10.7,76,72,72,96,96,96,90,92,92,60,40,56,46,44,45,41,41,83,85,53,56,7,12,12,90,18,8,0.13,0.169,0.183,0.227,0.136,0.104,0.25,0.211,0.221,0.149,0.152,0.275,0.111,0.25,0.245,0.116,0.139,80,55,46,32,56,79,31,40,38,55,50,16,64,83,60,74,68,2.4,1.6,0.9,2.9,11.3,14.4,14.9,47.1,6,19,45,39,95,102,102,2,0.293,0.707,0.274,0.0,0.616,0.082,0.11,0.233,0.274,0.7,0.3,1.0,0.0,0.88,0.12,90,14,83,63,14,79,66,18,79,32,67,1,57,14,86,-0.055,-0.05527520044073686,101,Memphis Grizzlies,82,25,57,0.305,947.700667,717,1671,0.429,267,787,0.339,321,400,0.803,192,581,773,585,303.6,169,67,128,410,333,2022,-206.6,1,17,25,22,5,7,6,22,3,3,14,5,5,8,5,6,6,4,26,3,7,27,25,5,6,27,108.7,37.2,118.6,40.7,-9.9,-3.5,0.66,1.76,7.8,0.284,0.635,0.455,0.05,0.534,0.547,105.1,306.83,255.69,6067,0.443,3,28,27,13,17,3,22,27,28,27,16,16,27,26,370.0,284.6,286.6,948.4,385.0,386.4,319.8,1149.2,4,5,5,6,25,28,25,26,0.529,0.471,0.445,0.028,0.396,0.152,0.159,0.158,0.417,0.516,0.484,0.779,0.221,0.614,0.386,15,15,17,19,16,13,8,16,14,18,12,27,2,23,7,0.249,0.574,0.279,0.052,0.365,18,27,17,2,27,903.6,1810.2,0.499,272.4,746.4,0.365,383.4,504.6,0.76,269.8,688.8,958.6,584.8,314.0,188.0,113.2,93.8,368.4,411.0,2463.0,26,26,27,25,26,17,25,26,7,27,26,26,26,3,27,27,7,26,4,26,0,2025-26
1641869,Malachi Smith,Malachi,1610612751,BKN,26.0,15,3,12,0.2,23.9,3.2,6.6,0.485,1.3,3.1,0.435,0.5,0.5,1.0,0.8,2.6,3.4,3.3,0.9,0.8,0.3,0.3,0.9,1.3,8.3,-6.0,19.5,1,0,18.4,61,76,55,84,23,29,29,33,18,29,8,62,75,1,35,27,26,15,39,26,47,38,72,29,30,86,27,21,5,26,1,105.8,104.9,104.9,116.9,118.0,118.0,-11.1,-13.2,-13.2,0.204,3.5,29.9,0.032,0.123,0.073,8.5,8.5,0.586,0.605,0.136,0.143,100.65,100.6,83.83,100.6,0.102,756,3.2,6.6,71,75,75,74,75,75,74,78,78,17,8,10,65,48,56,27,26,26,28,78,78,67,67,67,19,29,29,0.167,0.152,0.213,0.159,0.065,0.053,0.176,0.198,0.192,0.277,0.139,0.158,0.138,0.109,0.078,0.152,0.156,43,71,37,59,88,93,52,42,44,16,42,74,52,29,3,53,49,1.5,1.3,1.4,3.3,8.4,7.5,7.4,26.0,27,23,23,29,66,79,74,24,0.535,0.465,0.452,0.048,0.484,0.169,0.064,0.185,0.403,0.393,0.607,0.85,0.15,0.583,0.417,56,48,61,33,31,39,86,34,58,85,15,57,24,75,25,0.041,0.04117719826318936,47,Brooklyn Nets,82,20,62,0.244,1343.201333,907,2231,0.407,352,1073,0.328,397,486,0.817,179,705,884,839,449.0,219,112,172,578,380,2563,-306.2,1,23,28,26,1,3,1,25,2,1,21,2,2,7,7,4,4,1,29,2,5,29,29,4,2,29,104.4,38.5,115.5,42.4,-11.1,-3.9,0.67,1.54,9.0,0.282,0.688,0.475,0.059,0.517,0.524,99.5,270.36,225.3,7556,0.429,2,29,29,10,26,1,24,15,25,29,27,23,29,29,459.6,367.4,359.0,1249.6,560.8,396.8,474.6,1467.6,1,2,2,2,29,29,29,29,0.519,0.481,0.433,0.036,0.412,0.121,0.155,0.15,0.397,0.465,0.535,0.864,0.136,0.62,0.38,17,13,18,17,14,21,10,20,17,23,7,21,8,22,8,0.265,0.571,0.296,0.054,0.312,10,25,23,1,15,1166.2,2345.8,0.497,344.2,909.4,0.378,538.6,695.0,0.775,280.8,938.4,1219.2,757.2,412.6,263.6,153.8,119.6,514.4,591.2,3215.2,29,29,26,29,28,24,29,29,14,29,29,29,29,1,29,29,1,28,1,29,0,2025-26
1641813,Mark Sears,Mark,1610612749,MIL,24.0,7,1,6,0.143,3.7,0.9,1.9,0.462,0.6,1.1,0.5,0.9,1.1,0.75,0.1,0.1,0.3,0.3,0.6,0.0,0.0,0.0,0.6,0.9,3.1,1.7,3.3,0,0,4.3,80,88,70,94,97,81,87,45,51,66,2,45,44,56,93,100,100,94,58,95,82,85,88,53,73,12,95,38,5,88,1,135.2,123.2,123.2,104.6,101.8,101.8,30.6,21.4,21.4,0.125,0.5,8.7,0.053,0.045,0.049,17.4,17.8,0.615,0.666,0.344,0.366,97.1,103.06,85.88,103.06,0.078,56,0.9,1.9,1,3,3,11,7,7,1,3,3,44,94,92,32,100,88,94,94,16,13,1,1,93,44,44,43,81,87,0.273,0.333,0.333,0.364,0.462,0.5,0.2,0.083,0.118,0.125,0.4,0.0,0.0,0.0,0.308,0.462,0.319,4,1,8,6,4,3,43,100,87,68,99,95,82,1,82,3,3,1.1,0.4,0.0,0.6,2.1,1.3,1.7,2.3,40,73,92,90,16,10,13,102,0.385,0.615,0.182,0.0,0.545,0.0,0.273,0.364,0.182,0.0,1.0,0.75,0.25,0.5,0.5,80,24,93,63,23,92,13,4,91,96,1,71,9,85,14,0.025,0.024559519139374267,74,Milwaukee Bucks,19,4,15,0.211,63.479667,62,123,0.504,33,74,0.446,41,49,0.837,11,25,36,22,24.2,11,4,4,32,34,198,-0.2,29,29,5,27,26,25,24,5,22,24,1,20,20,4,26,28,28,26,6,26,26,3,4,23,24,15,114.5,24.3,117.2,24.2,-2.6,0.0,0.643,1.4,3.0,0.31,0.679,0.498,0.039,0.601,0.685,97.7,466.54,388.79,616,0.484,20,11,13,16,28,23,16,19,13,18,1,2,9,17,21.6,19.0,13.0,53.6,31.6,19.8,20.6,59.6,27,26,28,27,6,4,4,4,0.398,0.602,0.293,0.02,0.5,0.066,0.207,0.237,0.273,0.379,0.621,0.879,0.121,0.645,0.355,23,7,26,21,7,28,2,5,26,29,1,19,10,19,11,0.273,0.549,0.326,0.029,0.321,7,17,28,26,19,51.2,109.2,0.469,17.6,48.0,0.367,29.8,35.6,0.837,15.2,36.0,51.2,33.2,18.2,13.0,4.0,5.4,24.2,28.2,149.8,4,3,16,4,3,19,5,4,29,3,3,3,3,27,5,2,28,4,26,4,0,2025-26
1642917,Max Shulga,Max,1610612738,BOS,23.0,11,8,3,0.727,3.3,0.2,0.7,0.25,0.1,0.4,0.25,0.2,0.2,1.0,0.3,0.3,0.5,0.2,0.3,0.1,0.0,0.0,0.9,0.1,0.6,-0.8,1.6,0,0,1.6,69,55,87,13,100,99,99,97,76,86,70,85,93,1,78,99,96,96,86,91,82,85,71,97,99,46,100,38,5,100,1,93.3,92.4,92.4,101.2,100.0,100.0,-8.0,-7.6,-7.6,0.087,0.67,14.3,0.07,0.083,0.076,21.4,21.6,0.313,0.394,0.128,0.132,105.38,106.52,88.77,106.52,-0.038,79,0.2,0.7,96,94,94,3,4,4,64,63,63,74,90,72,24,79,49,98,98,97,97,85,85,19,17,17,100,99,99,0.08,0.119,0.083,0.114,0.182,0.167,0.25,0.143,0.182,0.111,0.167,0.111,0.0,0.0,0.476,0.091,0.096,97,86,68,70,37,42,31,70,48,76,58,83,82,1,101,86,96,0.0,0.4,0.0,0.2,1.6,1.0,2.2,3.1,91,79,92,96,7,6,19,99,0.5,0.5,0.286,0.0,0.429,0.0,0.285,0.0,0.286,1.0,0.0,1.0,0.0,1.0,0.0,61,42,81,63,38,92,11,91,76,1,92,1,57,1,92,0.025,0.025438451955998007,74,Boston Celtics,75,52,23,0.693,261.565333,133,288,0.462,46,130,0.354,29,46,0.63,74,224,298,54,78.0,48,31,24,158,71,341,34.6,11,2,10,4,18,19,19,11,20,19,8,22,21,27,15,11,12,20,12,17,14,15,15,18,19,3,113.8,25.0,106.9,23.4,6.9,1.6,0.578,1.65,1.8,0.351,0.698,0.527,0.032,0.549,0.553,98.3,448.5,373.75,2437,0.534,19,7,2,27,23,27,4,10,3,10,9,14,12,2,97.2,100.2,60.2,234.0,82.2,80.0,81.8,209.2,18,14,19,18,11,15,13,11,0.549,0.451,0.51,0.006,0.405,0.138,0.085,0.202,0.504,0.69,0.31,1.0,0.0,0.797,0.203,14,16,10,26,15,15,26,6,9,8,22,1,24,6,24,0.204,0.513,0.26,0.031,0.302,26,2,11,22,10,201.4,467.6,0.431,76.6,219.0,0.35,94.6,121.4,0.779,59.8,162.6,222.4,129.6,75.8,38.4,26.0,29.6,99.4,107.0,574.0,12,12,2,14,15,8,12,12,16,13,12,12,12,19,11,11,14,12,18,12,0,2025-26
1642875,Maxime Raynaud,Maxime,1610612758,SAC,23.0,74,21,53,0.284,26.5,5.2,9.1,0.571,0.3,1.0,0.324,1.8,2.3,0.786,1.9,5.6,7.5,1.4,1.3,0.5,0.5,0.5,2.3,1.9,12.5,-6.2,25.4,18,0,23.7,7,30,5,68,12,6,16,16,65,69,46,13,13,49,10,2,5,43,26,50,19,21,18,13,8,88,8,1,5,10,1,109.6,110.4,110.4,119.7,121.3,121.3,-10.1,-10.9,-10.9,0.074,1.06,10.6,0.07,0.211,0.14,10.0,10.0,0.589,0.619,0.178,0.182,102.42,101.41,84.51,101.41,0.109,4145,5.2,9.1,52,43,43,82,87,87,69,74,74,81,77,88,23,7,11,46,47,25,22,38,39,47,58,58,12,6,16,0.222,0.184,0.062,0.064,0.179,0.181,0.321,0.322,0.322,0.096,0.166,0.128,0.21,0.224,0.219,0.19,0.201,12,42,71,83,40,37,21,8,12,83,57,80,39,73,45,30,24,1.6,1.8,1.1,9.1,9.6,8.6,9.1,30.4,26,12,31,3,82,85,87,14,0.89,0.11,0.779,0.048,0.078,0.087,0.143,0.127,0.731,0.816,0.184,0.958,0.042,0.825,0.175,16,88,13,34,75,77,50,66,14,16,84,31,49,22,78,0.02,0.02047906247963182,79,Sacramento Kings,79,21,58,0.266,950.468667,737,1446,0.51,103,309,0.333,228,316,0.722,354,816,1170,341,291.0,136,130,96,487,266,1805,-149.2,7,22,26,24,4,6,7,4,12,12,18,7,7,20,1,2,1,8,24,7,2,24,28,7,7,26,109.7,33.5,116.5,35.7,-6.8,-2.1,0.614,1.74,4.2,0.313,0.696,0.501,0.044,0.527,0.569,101.6,332.17,276.81,6566,0.465,6,24,22,21,19,17,15,13,11,23,23,10,24,23,327.6,296.4,270.4,1013.6,354.4,300.4,301.4,994.8,5,4,8,4,24,24,24,23,0.786,0.214,0.702,0.065,0.171,0.118,0.126,0.148,0.637,0.732,0.268,0.922,0.078,0.758,0.242,4,26,4,9,25,22,16,21,4,6,24,16,13,11,19,0.259,0.564,0.283,0.042,0.304,14,22,19,8,13,844.6,1738.8,0.486,273.2,717.0,0.381,387.2,491.6,0.788,212.4,631.0,843.4,541.4,274.2,178.8,88.0,98.4,360.2,392.2,2349.6,24,25,22,26,25,26,26,24,21,23,23,23,24,6,25,22,5,24,6,24,110,2025-26
1642877,Micah Peavy,Micah,1610612740,NOP,24.0,61,17,44,0.279,15.0,1.7,4.5,0.385,0.5,1.8,0.259,0.4,0.5,0.759,0.8,1.2,1.9,1.0,0.3,0.7,0.1,0.3,1.6,0.4,4.3,-1.7,10.3,0,0,9.4,21,35,11,70,53,53,48,76,59,52,68,76,81,53,40,69,60,53,83,31,62,49,46,78,58,58,57,38,5,60,1,110.3,110.4,110.4,114.9,114.5,114.5,-4.6,-4.1,-4.1,0.089,3.05,16.5,0.046,0.073,0.059,5.4,5.4,0.436,0.455,0.135,0.14,102.98,103.08,85.9,103.08,0.044,1950,1.7,4.5,47,42,42,59,61,61,49,51,51,73,12,62,38,90,69,15,15,82,87,80,79,44,42,42,89,53,48,0.134,0.159,0.132,0.178,0.062,0.063,0.183,0.12,0.138,0.136,0.074,0.238,0.09,0.15,0.239,0.075,0.122,76,64,59,51,91,92,49,86,71,59,15,26,71,44,56,93,81,1.3,0.9,0.9,2.4,5.7,5.4,4.8,15.2,33,44,39,48,51,57,49,55,0.607,0.393,0.595,0.031,0.321,0.21,0.084,0.302,0.565,0.59,0.41,1.0,0.0,0.698,0.302,42,62,36,43,55,17,79,9,35,53,47,1,57,54,46,0.041,0.04104441068009523,47,New Orleans Pelicans,82,26,56,0.317,1034.492667,913,2060,0.443,152,508,0.299,438,556,0.788,255,762,1017,644,309.8,225,115,166,482,462,2416,-146.2,1,16,24,20,3,1,2,17,7,6,23,1,1,11,3,3,3,3,27,1,4,28,27,1,3,25,111.2,37.1,117.8,39.2,-6.7,-2.1,0.577,1.7,7.8,0.318,0.671,0.493,0.046,0.525,0.524,103.9,312.04,260.03,6715,0.468,4,27,21,28,21,4,12,21,18,24,24,24,26,21,386.6,339.8,378.8,1277.2,404.8,364.0,369.8,1165.2,2,3,1,1,27,27,27,27,0.753,0.247,0.63,0.056,0.189,0.163,0.181,0.162,0.574,0.413,0.587,0.783,0.217,0.474,0.526,5,25,5,11,24,9,3,15,6,27,3,25,4,29,1,0.284,0.568,0.25,0.046,0.329,4,23,8,4,21,967.2,1985.6,0.487,322.2,879.4,0.366,381.0,496.6,0.767,276.4,703.2,979.6,637.8,310.4,178.2,133.2,105.0,437.6,417.4,2637.6,27,27,23,27,27,18,24,25,10,28,27,27,27,4,24,28,3,27,3,27,0,2025-26
1642939,Miles Kelly,Miles,1610612742,DAL,23.0,14,7,7,0.5,9.6,1.1,3.1,0.364,0.7,2.4,0.303,0.1,0.1,1.0,0.4,1.4,1.7,0.9,0.4,0.3,0.1,0.0,0.9,0.1,3.1,-0.9,7.1,0,0,7.1,63,59,65,40,66,76,60,85,42,41,53,98,98,1,71,60,65,62,74,70,79,85,74,99,74,47,73,38,5,74,1,101.7,101.3,101.3,107.0,106.5,106.5,-5.3,-5.1,-5.1,0.133,2.0,19.4,0.032,0.127,0.078,9.7,9.6,0.477,0.484,0.144,0.151,105.64,106.07,88.39,106.07,0.064,297,1.1,3.1,86,84,84,19,21,21,55,54,54,39,30,40,66,45,46,42,42,73,80,69,70,16,19,19,61,76,60,0.151,0.178,0.244,0.284,0.021,0.012,0.135,0.181,0.169,0.169,0.12,0.2,0.048,0.0,0.25,0.018,0.143,54,45,24,17,97,98,69,50,52,42,32,47,78,1,61,99,67,0.4,0.4,0.6,0.6,4.5,3.9,4.1,10.1,81,82,60,90,44,47,45,65,0.25,0.75,0.279,0.093,0.698,0.186,0.023,0.116,0.186,0.833,0.167,0.9,0.1,0.875,0.125,94,10,82,17,7,33,97,74,90,14,85,48,33,15,84,0.049,0.04876976403751819,32,Dallas Mavericks,79,25,54,0.316,886.295333,842,1834,0.459,161,489,0.329,353,462,0.764,197,672,869,664,258.0,139,116,105,341,406,2198,-64.0,7,17,23,21,7,4,4,12,6,7,20,4,4,15,4,5,5,2,23,6,3,25,22,3,4,23,109.5,32.3,112.9,33.3,-3.4,-1.0,0.617,1.86,8.5,0.282,0.71,0.498,0.04,0.532,0.539,103.5,350.92,292.43,6479,0.486,8,23,19,20,10,2,23,6,14,20,19,20,22,16,286.4,255.8,323.2,951.6,302.8,272.4,294.8,1020.4,8,7,4,5,22,23,23,24,0.733,0.267,0.62,0.127,0.22,0.157,0.161,0.14,0.492,0.419,0.581,0.783,0.217,0.488,0.512,7,23,7,2,23,12,7,22,10,26,4,26,3,28,2,0.259,0.539,0.234,0.037,0.29,15,11,4,13,6,805.4,1709.0,0.471,233.0,670.4,0.348,313.8,400.0,0.785,212.6,635.8,848.4,514.8,239.4,152.2,93.2,98.8,362.2,336.8,2157.6,23,23,17,22,23,6,22,22,19,24,24,24,23,7,23,24,4,25,7,23,0,2025-26
1642885,Mohamed Diawara,Mohamed,1610612752,NYK,21.0,69,42,27,0.609,9.2,1.3,3.1,0.423,0.7,1.9,0.369,0.3,0.3,0.75,0.2,1.1,1.4,0.8,0.4,0.2,0.1,0.1,0.7,0.3,3.6,0.8,6.9,0,0,7.1,13,7,32,21,69,67,62,55,43,49,23,82,86,56,88,70,74,68,72,77,76,76,78,87,71,19,74,38,5,75,1,114.2,112.0,112.0,108.6,106.7,106.7,5.6,5.3,5.3,0.114,1.77,17.3,0.024,0.125,0.075,9.8,9.8,0.535,0.55,0.169,0.177,97.71,99.57,82.98,99.57,0.076,1310,1.3,3.1,16,27,27,28,24,24,14,16,16,55,43,52,74,46,52,43,43,45,52,43,42,90,80,80,45,67,62,0.162,0.186,0.262,0.251,0.102,0.106,0.102,0.18,0.16,0.149,0.163,0.16,0.115,0.146,0.183,0.083,0.168,45,38,21,24,72,76,80,51,60,54,55,72,63,43,19,90,40,0.7,0.3,0.4,0.9,3.0,2.6,2.3,8.2,59,83,74,77,26,29,22,72,0.39,0.61,0.341,0.081,0.585,0.102,0.074,0.199,0.26,0.619,0.381,0.979,0.021,0.811,0.189,78,26,75,19,18,69,81,28,81,49,51,27,54,25,75,0.046,0.04616067657313416,39,New York Knicks,69,42,27,0.609,126.830333,90,213,0.423,48,130,0.369,18,24,0.75,15,79,94,53,36.8,17,6,7,50,19,246,11.6,14,6,13,7,21,22,21,23,19,19,7,25,27,16,25,21,24,21,8,22,24,5,5,27,21,6,114.2,22.4,108.6,21.3,5.6,1.1,0.641,1.93,3.4,0.316,0.726,0.523,0.028,0.562,0.55,97.7,497.86,414.88,1310,0.527,27,2,6,17,5,20,14,3,6,4,4,15,5,3,51.4,33.8,38.4,120.4,40.8,36.0,32.4,112.8,21,22,22,21,8,8,7,7,0.39,0.61,0.341,0.081,0.585,0.102,0.073,0.199,0.26,0.619,0.381,0.979,0.021,0.811,0.189,26,4,25,5,3,25,28,7,27,15,15,6,23,5,25,0.197,0.537,0.268,0.029,0.274,28,9,14,28,3,100.6,219.4,0.459,34.6,95.2,0.363,46.0,58.8,0.782,24.4,77.6,102.0,65.4,38.6,19.4,9.6,10.4,45.6,54.6,281.8,8,8,7,8,8,15,7,8,18,7,8,8,8,22,7,7,23,8,21,8,0,2025-26
1630619,Moussa Cisse,Moussa,1610612742,DAL,23.0,38,11,27,0.289,13.9,1.7,3.0,0.574,0.0,0.0,0.0,1.0,2.1,0.469,2.3,3.3,5.7,0.2,0.8,0.5,1.2,0.3,1.9,1.8,4.5,-0.1,15.9,2,0,13.8,45,49,32,66,55,54,64,14,81,94,81,37,15,92,7,15,10,95,46,52,4,36,32,15,54,37,39,13,5,45,1,110.7,111.2,111.2,110.0,110.7,110.7,0.7,0.5,0.5,0.023,0.3,4.7,0.15,0.215,0.182,15.8,15.8,0.574,0.564,0.136,0.139,104.57,104.05,86.71,104.05,0.087,1144,1.7,3.0,39,36,36,33,40,40,30,32,32,98,95,98,1,5,2,89,89,29,45,79,80,27,32,32,34,54,64,0.144,0.114,0.0,0.0,0.181,0.271,0.597,0.336,0.41,0.032,0.189,0.198,0.608,0.188,0.33,0.295,0.134,63,87,81,94,39,8,3,4,3,99,69,51,5,57,86,7,74,0.5,1.5,0.5,3.5,5.0,5.2,5.0,16.0,66,20,62,27,48,54,50,51,1.0,0.0,0.776,0.0,0.0,0.118,0.224,0.112,0.776,0.682,0.318,0.0,0.0,0.682,0.318,1,94,14,63,81,61,20,79,12,37,63,81,57,59,41,0.053,0.05345586390432571,29,Dallas Mavericks,79,25,54,0.316,886.295333,842,1834,0.459,161,489,0.329,353,462,0.764,197,672,869,664,258.0,139,116,105,341,406,2198,-64.0,7,17,23,21,7,4,4,12,6,7,20,4,4,15,4,5,5,2,23,6,3,25,22,3,4,23,109.5,32.3,112.9,33.3,-3.4,-1.0,0.617,1.86,8.5,0.282,0.71,0.498,0.04,0.532,0.539,103.5,350.92,292.43,6479,0.486,8,23,19,20,10,2,23,6,14,20,19,20,22,16,286.4,255.8,323.2,951.6,302.8,272.4,294.8,1020.4,8,7,4,5,22,23,23,24,0.733,0.267,0.62,0.127,0.22,0.157,0.161,0.14,0.492,0.419,0.581,0.783,0.217,0.488,0.512,7,23,7,2,23,12,7,22,10,26,4,26,3,28,2,0.259,0.539,0.234,0.037,0.29,15,11,4,13,6,805.4,1709.0,0.471,233.0,670.4,0.348,313.8,400.0,0.785,212.6,635.8,848.4,514.8,239.4,152.2,93.2,98.8,362.2,336.8,2157.6,23,23,17,22,23,6,22,22,19,24,24,24,23,7,23,24,4,25,7,23,0,2025-26
1642066,Myron Gardner,Myron,1610612748,MIA,25.0,45,24,21,0.533,9.1,1.3,2.7,0.48,0.6,1.4,0.406,0.4,0.6,0.731,0.9,1.8,2.7,1.0,0.4,0.4,0.2,0.1,1.7,0.5,3.6,1.7,9.8,1,0,9.1,36,22,41,34,70,66,71,34,50,62,16,71,70,64,31,44,40,61,76,59,59,73,40,72,70,11,61,21,5,64,1,115.6,114.7,114.7,106.9,106.3,106.3,8.7,8.4,8.4,0.143,2.59,22.6,0.079,0.193,0.132,8.7,8.7,0.585,0.606,0.139,0.145,106.55,107.28,89.4,107.28,0.093,918,1.3,2.7,15,16,16,18,19,19,9,11,11,35,20,25,21,13,16,30,29,27,27,76,76,14,11,11,30,66,71,0.161,0.146,0.187,0.158,0.106,0.122,0.285,0.276,0.279,0.169,0.152,0.247,0.229,0.167,0.408,0.146,0.155,47,75,42,60,70,65,25,17,18,40,51,22,37,46,99,57,51,0.5,0.8,0.7,1.5,2.9,2.4,2.7,8.4,70,47,52,67,25,27,26,71,0.48,0.52,0.405,0.0,0.479,0.19,0.116,0.129,0.405,0.515,0.485,0.923,0.077,0.695,0.305,65,39,65,63,33,29,62,64,57,62,38,43,37,55,45,0.047,0.0469643384101517,38,Miami Heat,57,31,26,0.544,275.819,164,365,0.449,92,220,0.418,78,93,0.839,85,184,269,184,78.6,53,18,22,182,86,498,31.0,19,13,11,10,16,17,18,15,14,14,2,13,14,3,14,13,15,12,13,15,17,13,18,14,16,4,115.6,27.5,110.8,26.4,4.8,1.1,0.688,2.21,5.8,0.327,0.73,0.519,0.03,0.534,0.613,107.1,449.16,374.3,2587,0.522,13,15,5,7,1,8,8,2,7,7,17,6,11,6,123.0,111.0,105.6,312.8,90.6,76.6,91.8,283.6,13,12,12,13,12,13,15,15,0.397,0.603,0.289,0.004,0.554,0.163,0.157,0.171,0.285,0.486,0.514,0.967,0.033,0.756,0.244,24,6,27,27,4,10,9,10,25,21,9,9,20,13,17,0.269,0.546,0.288,0.035,0.27,9,14,21,16,2,240.2,515.2,0.466,81.8,214.2,0.382,118.6,148.4,0.799,57.0,196.6,253.6,154.6,91.0,45.6,28.0,22.2,115.0,118.6,680.8,15,15,13,16,13,27,16,15,25,12,16,15,15,15,14,13,19,14,16,15,0,2025-26
1642260,Nikola Topić,Nikola,1610612760,OKC,20.0,10,6,4,0.6,16.0,2.2,5.1,0.431,0.6,1.5,0.4,0.2,0.5,0.4,0.7,1.2,1.9,4.4,2.5,0.5,0.0,0.6,1.3,0.8,5.2,-4.2,13.1,2,0,13.1,73,61,77,22,51,46,43,51,47,59,18,83,77,93,45,66,61,3,1,52,82,15,55,54,50,80,48,13,5,49,1,107.8,107.2,107.2,120.4,120.8,120.8,-12.6,-13.7,-13.7,0.383,1.76,36.1,0.041,0.075,0.058,20.5,20.5,0.49,0.489,0.204,0.214,99.6,99.7,83.08,99.7,0.063,334,2.2,5.1,61,63,63,85,85,85,80,82,82,1,44,3,47,88,70,97,97,64,78,20,19,75,79,79,63,46,43,0.161,0.17,0.103,0.106,0.077,0.122,0.206,0.118,0.14,0.454,0.521,0.2,0.0,0.24,0.25,0.16,0.145,48,54,64,72,84,66,41,87,70,3,103,47,82,81,61,48,65,0.5,0.6,1.1,3.2,6.1,4.5,5.3,16.6,66,62,30,35,55,48,52,50,0.706,0.294,0.615,0.0,0.346,0.212,0.039,0.096,0.615,0.5,0.5,0.833,0.167,0.591,0.409,31,73,30,63,53,16,94,83,26,65,29,60,19,73,27,0.014,0.014023085102320634,86,Oklahoma City Thunder,55,43,12,0.782,149.101333,82,208,0.394,36,107,0.336,20,29,0.69,34,101,135,77,43.4,21,8,18,68,27,220,-31.6,20,5,3,3,20,23,22,26,21,21,16,23,25,23,23,20,20,19,10,21,22,11,10,25,23,20,106.0,29.6,114.8,32.5,-8.8,-2.9,0.682,1.88,5.8,0.245,0.667,0.456,0.039,0.527,0.498,99.9,355.09,295.91,1103,0.455,10,22,26,9,6,7,28,23,27,19,22,26,21,25,51.4,41.4,40.4,119.2,54.8,43.8,48.6,139.6,21,21,20,22,10,10,10,10,0.486,0.514,0.418,0.036,0.491,0.191,0.091,0.182,0.382,0.587,0.413,0.944,0.056,0.744,0.256,20,10,19,15,8,4,25,9,19,16,14,11,18,14,16,0.192,0.553,0.22,0.039,0.333,29,18,2,9,23,131.2,282.0,0.465,49.6,121.8,0.407,46.4,62.0,0.748,40.4,113.2,153.6,81.2,43.4,25.8,17.6,15.6,47.4,54.2,358.4,10,10,10,10,10,28,8,9,6,10,10,10,10,21,10,10,20,9,22,10,0,2025-26
1642363,Nique Clifford,Nique,1610612758,SAC,24.0,75,21,54,0.28,25.1,3.3,7.9,0.418,1.0,3.1,0.333,0.9,1.3,0.722,0.9,2.9,3.8,2.4,1.5,0.9,0.3,0.5,2.1,1.0,8.6,-2.9,18.8,0,0,18.2,5,30,4,69,17,25,22,57,31,27,38,43,35,65,31,21,22,24,16,19,39,20,26,47,26,68,29,38,5,30,1,110.6,111.3,111.3,115.1,115.8,115.8,-4.4,-4.5,-4.5,0.13,1.54,19.1,0.034,0.115,0.074,12.4,12.4,0.482,0.505,0.167,0.17,101.43,100.77,83.98,100.77,0.062,3933,3.3,7.9,41,35,35,62,67,67,48,53,53,41,56,43,59,52,54,73,73,69,75,45,46,56,66,66,67,25,22,0.153,0.173,0.186,0.198,0.1,0.105,0.135,0.176,0.164,0.176,0.199,0.219,0.125,0.228,0.2,0.104,0.147,51,52,44,45,73,77,68,54,58,38,74,38,58,78,30,81,63,1.6,1.2,1.6,3.7,9.6,7.9,7.5,25.3,24,26,17,26,81,83,75,25,0.612,0.388,0.533,0.102,0.358,0.188,0.109,0.186,0.431,0.564,0.436,0.909,0.091,0.671,0.329,41,63,47,14,51,32,68,33,55,56,44,46,35,61,39,0.059,0.05862039501067528,23,Sacramento Kings,79,21,58,0.266,950.468667,737,1446,0.51,103,309,0.333,228,316,0.722,354,816,1170,341,291.0,136,130,96,487,266,1805,-149.2,7,22,26,24,4,6,7,4,12,12,18,7,7,20,1,2,1,8,24,7,2,24,28,7,7,26,109.7,33.5,116.5,35.7,-6.8,-2.1,0.614,1.74,4.2,0.313,0.696,0.501,0.044,0.527,0.569,101.6,332.17,276.81,6566,0.465,6,24,22,21,19,17,15,13,11,23,23,10,24,23,327.6,296.4,270.4,1013.6,354.4,300.4,301.4,994.8,5,4,8,4,24,24,24,23,0.786,0.214,0.702,0.065,0.171,0.118,0.126,0.148,0.637,0.732,0.268,0.922,0.078,0.758,0.242,4,26,4,9,25,22,16,21,4,6,24,16,13,11,19,0.259,0.564,0.283,0.042,0.304,14,22,19,8,13,844.6,1738.8,0.486,273.2,717.0,0.381,387.2,491.6,0.788,212.4,631.0,843.4,541.4,274.2,178.8,88.0,98.4,360.2,392.2,2349.6,24,25,22,26,25,26,26,24,21,23,23,23,24,6,25,22,5,24,6,24,0,2025-26
1642855,Noa Essengue,Noa,1610612741,CHI,19.0,2,1,1,0.5,3.0,0.0,1.5,0.0,0.0,1.0,0.0,0.0,0.0,0.0,0.0,0.0,0.0,0.0,0.0,0.5,0.0,0.5,0.5,0.0,0.0,-7.5,1.5,0,0,1.0,99,88,93,40,101,100,93,100,81,69,81,99,99,99,95,102,102,100,98,52,82,22,93,100,101,94,101,38,5,101,1,64.3,60.0,60.0,169.0,171.4,171.4,-104.7,-111.4,-111.4,0.0,0.0,0.0,0.0,0.0,0.0,0.0,0.0,0.0,0.0,0.188,0.2,112.18,115.36,96.13,115.36,-0.095,15,0.0,1.5,103,103,103,102,102,102,103,103,103,100,97,100,95,102,102,1,1,100,101,29,31,3,2,2,102,100,93,0.0,0.214,0.0,0.25,0.0,0.0,0.0,0.0,0.0,0.0,0.0,1.0,0.0,0.5,0.333,0.0,0.0,100,22,81,25,99,99,95,102,102,100,1,1,82,101,87,100,101,0.0,0.0,0.0,0.0,1.0,2.0,1.0,5.0,91,93,92,99,4,17,6,92,0.333,0.667,0.0,0.0,0.0,0.0,1.0,0.0,0.0,0.0,0.0,0.0,0.0,0.0,0.0,86,16,100,63,81,92,99,91,99,96,92,81,57,98,92,-0.044,-0.043813029268919064,98,Chicago Bulls,39,10,29,0.256,70.051,36,80,0.45,2,21,0.095,15,40,0.375,45,67,112,42,20.8,13,8,7,50,37,89,2.0,25,28,14,25,25,27,28,14,27,27,28,27,23,29,20,22,21,22,4,24,22,5,5,21,27,12,108.7,21.6,109.5,21.6,-0.8,0.0,0.618,1.87,4.4,0.352,0.693,0.517,0.027,0.517,0.456,105.0,530.36,441.96,778,0.496,28,3,14,19,7,16,3,14,8,2,28,28,1,13,24.2,29.4,26.6,84.4,24.4,26.4,23.8,74.4,25,24,24,25,4,5,6,5,0.738,0.263,0.764,0.022,0.067,0.09,0.169,0.157,0.742,0.706,0.294,1.0,0.0,0.722,0.278,6,24,2,20,27,27,5,18,2,7,23,1,24,18,12,0.25,0.547,0.282,0.031,0.307,17,16,18,23,14,60.8,129.0,0.471,19.4,57.6,0.337,25.2,36.4,0.692,16.8,49.4,66.2,38.0,23.6,12.2,9.2,6.4,28.0,30.4,166.2,5,5,18,6,6,1,4,5,2,4,6,6,5,24,4,6,25,5,24,5,0,2025-26
1642869,Noah Penda,Noah,1610612753,ORL,21.0,59,30,29,0.508,12.8,1.4,3.4,0.404,0.5,1.6,0.323,0.6,0.8,0.688,1.1,2.0,3.2,1.2,0.7,0.5,0.3,0.2,1.2,0.7,3.8,-0.9,11.2,2,0,10.3,24,13,28,39,57,65,58,67,57,57,47,61,60,75,21,36,31,48,53,51,41,61,59,66,67,49,55,13,5,54,1,110.1,110.4,110.4,115.4,113.4,113.4,-5.3,-3.0,-3.0,0.124,1.67,20.8,0.081,0.159,0.118,12.5,12.5,0.478,0.506,0.14,0.145,100.68,101.42,84.51,101.42,0.076,1597,1.4,3.4,50,44,44,66,55,55,54,46,46,46,49,32,19,23,22,74,74,72,74,75,74,65,57,57,44,65,58,0.127,0.142,0.176,0.176,0.111,0.132,0.294,0.242,0.258,0.167,0.174,0.246,0.257,0.141,0.212,0.126,0.129,81,76,49,52,67,57,24,26,27,43,62,23,31,39,40,68,77,0.6,0.8,0.5,1.7,5.1,3.7,3.7,13.4,64,49,63,64,49,45,42,57,0.542,0.458,0.458,0.026,0.396,0.137,0.146,0.15,0.432,0.442,0.558,0.933,0.067,0.622,0.378,55,49,59,48,43,54,49,54,54,74,26,40,41,68,32,0.039,0.03882547551116993,50,Orlando Magic,69,36,33,0.522,273.521333,174,398,0.437,58,173,0.335,68,96,0.708,89,164,253,132,86.2,49,20,18,130,90,474,-12.8,14,8,17,14,17,16,15,20,17,17,17,14,13,22,13,15,16,14,15,16,16,11,13,13,17,18,110.3,27.7,115.1,28.1,-4.8,-0.4,0.645,1.74,4.6,0.361,0.706,0.525,0.037,0.518,0.538,100.6,406.78,338.99,2313,0.487,12,18,16,15,18,15,2,8,5,16,26,21,18,15,102.4,93.2,82.4,296.8,103.4,79.4,82.8,280.4,17,16,15,15,15,14,14,14,0.565,0.435,0.489,0.042,0.367,0.16,0.143,0.192,0.447,0.5,0.5,0.931,0.069,0.644,0.356,13,17,13,14,18,11,15,8,11,19,11,13,15,20,10,0.277,0.557,0.313,0.036,0.294,5,20,27,15,8,232.4,480.6,0.484,70.6,195.8,0.361,117.4,150.4,0.781,63.4,173.4,236.8,146.6,83.6,47.6,32.0,26.0,121.6,119.4,652.8,14,13,19,12,12,14,15,16,17,15,13,13,14,17,15,16,18,16,15,14,0,2025-26
1642849,Nolan Traore,Nolan,1610612751,BKN,20.0,56,14,42,0.25,22.2,3.3,8.6,0.38,1.1,3.4,0.318,1.3,1.7,0.787,0.3,1.5,1.8,3.8,2.3,0.8,0.4,0.6,2.1,1.3,8.9,-5.0,18.1,1,0,18.0,27,42,13,74,27,27,18,79,24,23,50,22,28,47,80,56,63,8,4,25,27,13,24,28,23,83,31,21,5,31,1,107.6,108.2,108.2,118.0,118.8,118.8,-10.4,-10.5,-10.5,0.265,1.65,24.7,0.011,0.073,0.04,14.9,15.0,0.444,0.479,0.224,0.229,98.97,98.4,82.0,98.4,0.056,2544,3.3,8.6,64,59,59,77,77,77,72,72,72,7,50,22,94,91,98,84,85,80,81,7,9,79,90,90,78,27,18,0.185,0.218,0.184,0.207,0.164,0.164,0.051,0.114,0.097,0.326,0.337,0.228,0.197,0.232,0.22,0.158,0.181,32,20,45,40,44,46,93,90,98,8,98,30,40,79,47,50,32,1.1,0.7,0.9,4.0,8.8,6.6,8.2,24.7,40,55,43,23,68,72,82,26,0.599,0.401,0.485,0.032,0.367,0.098,0.148,0.128,0.453,0.405,0.595,0.885,0.115,0.566,0.434,44,60,56,41,49,73,46,65,50,80,20,53,28,77,23,0.033,0.033164959431569885,61,Brooklyn Nets,82,20,62,0.244,1343.201333,907,2231,0.407,352,1073,0.328,397,486,0.817,179,705,884,839,449.0,219,112,172,578,380,2563,-306.2,1,23,28,26,1,3,1,25,2,1,21,2,2,7,7,4,4,1,29,2,5,29,29,4,2,29,104.4,38.5,115.5,42.4,-11.1,-3.9,0.67,1.54,9.0,0.282,0.688,0.475,0.059,0.517,0.524,99.5,270.36,225.3,7556,0.429,2,29,29,10,26,1,24,15,25,29,27,23,29,29,459.6,367.4,359.0,1249.6,560.8,396.8,474.6,1467.6,1,2,2,2,29,29,29,29,0.519,0.481,0.433,0.036,0.412,0.121,0.155,0.15,0.397,0.465,0.535,0.864,0.136,0.62,0.38,17,13,18,17,14,21,10,20,17,23,7,21,8,22,8,0.265,0.571,0.296,0.054,0.312,10,25,23,1,15,1166.2,2345.8,0.497,344.2,909.4,0.378,538.6,695.0,0.775,280.8,938.4,1219.2,757.2,412.6,263.6,153.8,119.6,514.4,591.2,3215.2,29,29,26,29,28,24,29,29,14,29,29,29,29,1,29,29,1,28,1,29,0,2025-26
1641807,Norchad Omier,Norchad,1610612746,LAC,24.0,6,5,1,0.833,3.9,1.2,1.7,0.7,0.0,0.2,0.0,0.5,0.5,1.0,0.7,0.5,1.2,0.3,0.0,0.2,0.0,0.2,0.7,0.3,2.8,-3.8,5.2,0,0,4.7,84,66,93,4,96,75,91,3,81,89,81,63,77,1,46,93,79,87,98,83,82,67,80,82,79,75,83,38,5,86,1,96.8,92.0,92.0,147.7,146.8,146.8,-50.9,-54.8,-54.8,0.182,0.0,15.4,0.129,0.2,0.152,0.0,0.0,0.7,0.751,0.18,0.204,95.57,98.37,81.97,98.37,0.16,50,1.2,1.7,93,95,95,101,101,101,100,101,101,24,97,65,5,10,7,1,1,3,4,36,29,98,91,91,3,75,91,0.389,0.213,0.0,0.067,0.429,0.375,0.5,0.3,0.389,0.154,0.0,0.5,0.0,0.167,0.444,0.286,0.37,1,24,81,81,5,5,7,12,5,49,1,2,82,46,100,9,2,0.3,0.3,0.8,2.3,0.7,0.7,1.8,5.3,83,83,48,51,2,5,14,90,0.9,0.1,0.824,0.0,0.0,0.294,0.176,0.118,0.824,0.857,0.143,0.0,0.0,0.857,0.143,15,89,10,63,81,5,31,71,8,12,88,81,57,20,80,-0.025,-0.025025097023059554,95,LA Clippers,73,37,36,0.507,372.359,255,513,0.497,84,216,0.389,108,138,0.783,70,213,283,129,111.4,56,40,30,225,113,702,4.0,13,7,19,18,11,11,13,6,15,15,5,11,11,12,17,12,13,15,17,14,13,16,20,11,11,10,113.1,26.3,111.6,26.4,1.6,-0.1,0.592,1.62,3.3,0.303,0.681,0.499,0.034,0.545,0.612,99.2,423.33,352.78,3297,0.502,15,14,15,23,24,21,19,16,12,13,10,7,16,12,136.0,105.2,104.4,377.6,129.8,98.6,123.0,376.8,12,13,14,11,16,17,19,18,0.579,0.421,0.487,0.048,0.359,0.108,0.154,0.138,0.439,0.626,0.374,0.976,0.024,0.741,0.259,10,20,14,13,20,23,11,24,13,14,16,7,22,15,15,0.322,0.536,0.267,0.032,0.319,2,8,13,20,16,311.6,672.2,0.464,97.6,277.2,0.352,141.6,179.6,0.788,83.0,237.6,320.6,197.0,104.8,64.2,41.8,36.8,153.8,152.0,862.4,18,19,9,19,19,10,19,19,22,19,18,18,19,13,17,19,11,19,11,19,0,2025-26
1642362,Payton Sandfort,Payton,1610612760,OKC,23.0,4,2,2,0.5,15.8,3.3,6.5,0.5,1.8,4.3,0.412,0.5,1.0,0.5,0.3,2.3,2.5,0.0,0.3,0.3,0.0,0.0,2.0,0.5,8.8,-4.8,12.3,0,0,13.5,92,81,89,40,52,27,30,29,14,16,13,63,51,85,80,33,45,100,88,74,82,85,31,74,25,82,50,38,5,47,1,113.2,111.8,111.8,126.0,125.7,125.7,-12.8,-14.0,-14.0,0.0,0.0,0.0,0.014,0.145,0.075,3.4,3.5,0.635,0.63,0.186,0.19,102.29,103.07,85.89,103.07,0.066,136,3.3,6.5,22,30,30,93,94,94,81,83,83,100,97,100,90,30,53,9,9,13,19,30,34,48,43,43,60,27,30,0.22,0.208,0.318,0.304,0.167,0.19,0.059,0.225,0.175,0.0,0.059,0.071,0.0,0.0,0.381,0.125,0.23,15,27,9,13,42,35,90,35,51,100,11,89,82,1,94,69,12,2.0,1.8,1.8,3.0,4.8,6.5,5.5,16.0,11,13,15,38,47,71,54,51,0.346,0.654,0.343,0.0,0.6,0.2,0.057,0.229,0.343,0.833,0.167,1.0,0.0,0.923,0.077,84,20,74,63,16,20,90,20,66,14,85,1,57,11,89,-0.008,-0.008142234906619894,94,Oklahoma City Thunder,55,43,12,0.782,149.101333,82,208,0.394,36,107,0.336,20,29,0.69,34,101,135,77,43.4,21,8,18,68,27,220,-31.6,20,5,3,3,20,23,22,26,21,21,16,23,25,23,23,20,20,19,10,21,22,11,10,25,23,20,106.0,29.6,114.8,32.5,-8.8,-2.9,0.682,1.88,5.8,0.245,0.667,0.456,0.039,0.527,0.498,99.9,355.09,295.91,1103,0.455,10,22,26,9,6,7,28,23,27,19,22,26,21,25,51.4,41.4,40.4,119.2,54.8,43.8,48.6,139.6,21,21,20,22,10,10,10,10,0.486,0.514,0.418,0.036,0.491,0.191,0.091,0.182,0.382,0.587,0.413,0.944,0.056,0.744,0.256,20,10,19,15,8,4,25,9,19,16,14,11,18,14,16,0.192,0.553,0.22,0.039,0.333,29,18,2,9,23,131.2,282.0,0.465,49.6,121.8,0.407,46.4,62.0,0.748,40.4,113.2,153.6,81.2,43.4,25.8,17.6,15.6,47.4,54.2,358.4,10,10,10,10,10,28,8,9,6,10,10,10,10,21,10,10,20,9,22,10,0,2025-26
1642853,Rasheer Fleming,Rasheer,1610612756,PHX,21.0,55,29,26,0.527,12.2,1.6,3.9,0.405,0.8,2.4,0.346,0.3,0.6,0.559,1.0,1.2,2.3,0.3,0.5,0.4,0.4,0.1,1.2,0.5,4.3,1.8,9.3,0,0,9.3,28,14,34,37,58,58,54,65,36,40,31,77,68,81,24,64,52,93,61,61,29,71,62,76,57,10,66,38,5,61,1,113.1,112.7,112.7,106.0,106.6,106.6,7.1,6.1,6.1,0.033,0.55,5.8,0.08,0.099,0.089,10.5,10.5,0.509,0.517,0.159,0.164,97.02,96.98,80.81,96.98,0.056,1367,1.6,3.9,23,24,24,14,22,22,11,15,15,97,92,97,20,60,41,54,56,56,71,55,52,94,99,99,77,58,54,0.153,0.174,0.218,0.225,0.098,0.126,0.268,0.152,0.19,0.047,0.134,0.177,0.263,0.118,0.241,0.114,0.155,52,51,34,34,76,60,29,63,45,97,38,60,28,30,57,75,53,0.9,0.8,0.9,1.5,4.6,3.4,3.7,11.9,53,47,44,68,45,38,41,59,0.395,0.605,0.353,0.017,0.567,0.202,0.08,0.202,0.336,0.738,0.262,1.0,0.0,0.874,0.126,77,27,71,54,19,19,80,23,67,23,77,1,57,17,83,0.059,0.05938732354504297,23,Phoenix Suns,55,29,26,0.527,241.738667,164,367,0.447,63,184,0.342,43,67,0.642,109,161,270,34,82.2,29,54,22,115,55,434,30.8,20,14,11,12,19,17,17,16,16,16,13,19,18,26,11,16,14,24,14,20,10,13,12,19,18,5,109.9,32.5,105.1,31.0,4.8,1.5,0.583,1.44,1.6,0.391,0.703,0.542,0.049,0.534,0.547,97.5,329.91,274.92,1671,0.518,7,19,3,26,27,28,1,9,1,26,18,17,25,7,90.4,89.8,70.0,222.8,93.2,66.2,79.2,227.2,19,17,18,19,13,11,12,12,0.499,0.501,0.465,0.018,0.435,0.134,0.099,0.171,0.447,0.683,0.317,0.968,0.032,0.793,0.207,18,12,16,24,12,18,22,11,12,9,21,8,21,7,23,0.199,0.522,0.256,0.046,0.297,27,4,10,3,9,187.0,416.4,0.449,60.8,179.8,0.338,78.0,106.4,0.733,52.2,141.2,193.4,122.2,76.8,45.0,27.2,29.6,80.2,87.8,512.8,11,11,3,11,11,2,11,11,5,11,11,11,11,18,13,12,14,11,19,11,0,2025-26
1642911,Rocco Zikarsky,Rocco,1610612750,MIN,19.0,5,1,4,0.2,7.3,1.0,1.6,0.625,0.0,0.0,0.0,0.8,0.8,1.0,0.4,2.4,2.8,0.4,0.2,0.0,1.0,0.0,0.6,0.4,2.8,1.4,9.6,0,0,8.0,88,88,77,84,79,78,92,8,81,94,81,48,61,1,64,30,39,81,90,95,5,85,86,79,80,14,63,38,5,67,1,121.1,122.4,122.4,110.5,116.2,116.2,10.6,6.2,6.2,0.067,2.0,15.4,0.067,0.245,0.177,7.7,7.8,0.625,0.717,0.131,0.135,101.7,98.68,82.23,98.68,0.151,76,1.0,1.6,6,5,5,35,72,72,7,14,14,84,30,65,26,3,3,21,22,14,6,83,83,52,88,88,4,78,92,0.143,0.129,0.0,0.0,0.235,0.2,0.667,0.522,0.538,0.087,0.111,0.0,0.625,0.0,0.231,0.143,0.151,64,81,81,94,15,27,2,2,1,86,24,95,3,1,51,59,58,0.0,0.0,0.4,2.0,2.8,4.8,1.2,8.4,91,93,72,56,23,50,7,70,1.0,0.0,0.714,0.0,0.0,0.143,0.286,0.0,0.714,1.0,0.0,0.0,0.0,1.0,0.0,1,94,21,63,81,50,11,91,19,1,92,81,57,1,92,0.015,0.015386986477845296,84,Minnesota Timberwolves,43,22,21,0.512,70.123,70,106,0.66,0,0,0.0,30,41,0.732,47,59,106,14,21.6,7,31,10,50,32,170,6.0,24,20,8,16,24,24,25,1,29,29,29,21,22,19,19,24,22,28,5,27,14,7,5,24,25,8,119.8,23.9,114.6,23.3,5.3,0.6,0.609,1.86,1.5,0.332,0.602,0.476,0.028,0.579,0.685,104.8,519.89,433.24,763,0.526,22,6,8,22,9,29,7,29,24,5,2,1,2,4,27.4,25.0,23.2,85.6,29.8,29.8,22.4,85.2,24,25,25,24,5,6,5,6,1.0,0.0,0.824,0.0,0.0,0.165,0.176,0.094,0.824,0.757,0.243,0.0,0.0,0.757,0.243,1,29,1,28,29,8,4,28,1,5,25,29,24,12,18,0.307,0.526,0.292,0.03,0.398,3,5,22,25,29,64.4,138.4,0.465,16.8,49.4,0.34,30.8,40.4,0.762,24.8,41.2,66.0,41.8,22.6,13.2,7.4,11.2,29.2,28.6,176.4,6,6,11,3,4,3,6,6,9,8,5,5,6,25,6,5,22,6,25,6,0,2025-26
1641750,Ryan Kalkbrenner,Ryan,1610612766,CHA,24.0,69,39,30,0.565,21.4,3.2,4.2,0.753,0.0,0.1,0.0,1.2,1.7,0.716,2.4,3.0,5.5,0.8,0.9,0.5,1.5,0.4,1.6,1.4,7.6,0.7,20.2,3,0,17.7,13,8,27,26,31,30,51,1,81,93,81,26,27,67,6,16,12,65,41,58,2,32,48,25,35,25,22,10,5,33,1,110.6,112.3,112.3,111.4,111.2,111.2,-0.9,1.1,1.1,0.053,0.87,11.8,0.109,0.133,0.121,13.5,13.5,0.753,0.762,0.113,0.115,101.08,100.4,83.67,100.4,0.108,3099,3.2,4.2,43,26,26,37,43,43,36,29,29,88,85,81,10,41,19,81,81,1,3,90,90,61,71,71,14,30,51,0.177,0.108,0.0,0.004,0.149,0.171,0.453,0.195,0.261,0.069,0.12,0.158,0.584,0.191,0.19,0.159,0.15,39,91,81,93,51,41,10,43,26,93,31,73,7,60,24,49,60,0.7,2.3,0.1,6.3,8.0,6.1,7.9,21.2,62,6,90,9,64,65,81,41,0.983,0.017,0.841,0.004,0.0,0.012,0.159,0.09,0.837,0.712,0.288,0.0,0.0,0.712,0.288,11,93,7,62,81,91,42,85,4,29,71,81,57,53,47,0.08,0.07991482956344151,11,Charlotte Hornets,82,44,38,0.537,1248.136,910,1842,0.494,380,943,0.403,392,479,0.818,326,843,1169,515,407.2,146,143,112,460,411,2592,88.2,1,3,20,11,2,2,3,7,1,2,4,3,3,6,2,1,2,5,28,5,1,26,26,2,1,1,113.5,39.5,111.7,38.3,1.9,1.2,0.651,1.68,5.4,0.345,0.733,0.539,0.054,0.549,0.631,100.4,290.55,242.12,7552,0.514,1,26,4,14,22,10,6,1,2,28,8,4,28,9,378.0,439.6,326.6,1193.6,475.2,348.0,414.8,1277.6,3,1,3,3,28,26,28,28,0.488,0.512,0.409,0.019,0.44,0.107,0.151,0.123,0.39,0.638,0.362,0.932,0.068,0.76,0.24,19,11,21,22,11,24,13,26,18,13,17,12,17,10,20,0.248,0.539,0.225,0.042,0.267,19,10,3,6,1,1072.4,2302.4,0.466,337.0,936.6,0.36,413.0,517.6,0.798,256.0,771.2,1027.2,677.4,317.8,214.6,112.0,119.0,519.0,485.0,2894.8,28,28,12,28,29,13,27,27,24,26,28,28,28,2,28,26,2,29,2,28,43,2025-26
1642948,Ryan Nembhard,Ryan,1610612742,DAL,23.0,60,20,40,0.333,19.5,2.7,6.5,0.415,0.8,2.3,0.356,0.4,0.5,0.806,0.2,2.0,2.2,5.3,1.4,0.4,0.0,0.2,1.4,0.7,6.6,-0.4,17.1,4,0,15.8,22,32,15,54,45,36,30,60,38,42,26,72,76,41,89,37,54,1,22,60,81,62,51,60,41,41,37,8,5,38,1,110.8,111.2,111.2,112.9,113.1,113.1,-2.1,-1.9,-1.9,0.353,3.72,39.3,0.011,0.095,0.054,10.6,10.6,0.477,0.492,0.173,0.178,102.14,101.89,84.91,101.89,0.087,2496,2.7,6.5,36,37,37,47,54,54,40,41,41,2,6,1,93,67,77,56,57,74,77,40,41,49,53,53,35,36,30,0.153,0.179,0.154,0.166,0.071,0.066,0.055,0.142,0.123,0.459,0.244,0.14,0.016,0.119,0.21,0.104,0.143,50,44,55,56,87,90,92,73,81,2,89,78,81,32,38,80,66,1.0,0.4,0.9,2.4,6.7,5.7,6.1,22.7,48,77,46,50,58,60,58,31,0.654,0.346,0.574,0.212,0.363,0.128,0.063,0.151,0.363,0.281,0.719,0.75,0.25,0.42,0.58,38,66,42,3,50,57,87,53,62,93,7,71,9,93,7,0.06,0.05952780200584354,21,Dallas Mavericks,79,25,54,0.316,886.295333,842,1834,0.459,161,489,0.329,353,462,0.764,197,672,869,664,258.0,139,116,105,341,406,2198,-64.0,7,17,23,21,7,4,4,12,6,7,20,4,4,15,4,5,5,2,23,6,3,25,22,3,4,23,109.5,32.3,112.9,33.3,-3.4,-1.0,0.617,1.86,8.5,0.282,0.71,0.498,0.04,0.532,0.539,103.5,350.92,292.43,6479,0.486,8,23,19,20,10,2,23,6,14,20,19,20,22,16,286.4,255.8,323.2,951.6,302.8,272.4,294.8,1020.4,8,7,4,5,22,23,23,24,0.733,0.267,0.62,0.127,0.22,0.157,0.161,0.14,0.492,0.419,0.581,0.783,0.217,0.488,0.512,7,23,7,2,23,12,7,22,10,26,4,26,3,28,2,0.259,0.539,0.234,0.037,0.29,15,11,4,13,6,805.4,1709.0,0.471,233.0,670.4,0.348,313.8,400.0,0.785,212.6,635.8,848.4,514.8,239.4,152.2,93.2,98.8,362.2,336.8,2157.6,23,23,17,22,23,6,22,22,19,24,24,24,23,7,23,24,4,25,7,23,1,2025-26
1642951,Sean Pedulla,Sean,1610612746,LAC,23.0,7,4,3,0.571,4.4,0.7,2.1,0.333,0.4,1.4,0.3,0.0,0.0,0.0,0.0,0.4,0.4,0.7,0.1,0.0,0.0,0.1,0.6,0.0,1.9,-2.9,3.3,0,0,3.4,80,71,87,25,94,86,85,89,61,61,54,99,99,99,95,97,98,69,93,95,82,72,88,100,91,67,96,38,5,95,1,85.0,82.5,82.5,117.7,112.5,112.5,-32.8,-30.0,-30.0,0.294,5.0,23.8,0.0,0.13,0.048,4.8,4.8,0.433,0.433,0.219,0.231,94.73,98.32,81.94,98.32,0.05,63,0.7,2.1,100,100,100,76,47,47,97,96,96,4,3,23,95,42,90,13,13,83,92,10,8,101,92,92,86,86,85,0.227,0.25,0.75,0.455,0.0,0.0,0.0,0.167,0.115,0.278,0.143,0.0,0.0,0.167,0.286,0.0,0.25,10,4,1,2,99,99,95,56,89,15,44,95,82,46,77,100,7,0.3,0.4,0.0,0.6,0.7,0.6,0.9,4.0,86,73,92,90,3,4,5,97,0.333,0.667,0.308,0.0,0.692,0.0,0.0,0.154,0.308,0.5,0.5,1.0,0.0,0.8,0.2,86,16,80,63,9,92,99,49,74,65,29,1,57,28,70,0.015,0.014668441843454286,84,LA Clippers,73,37,36,0.507,372.359,255,513,0.497,84,216,0.389,108,138,0.783,70,213,283,129,111.4,56,40,30,225,113,702,4.0,13,7,19,18,11,11,13,6,15,15,5,11,11,12,17,12,13,15,17,14,13,16,20,11,11,10,113.1,26.3,111.6,26.4,1.6,-0.1,0.592,1.62,3.3,0.303,0.681,0.499,0.034,0.545,0.612,99.2,423.33,352.78,3297,0.502,15,14,15,23,24,21,19,16,12,13,10,7,16,12,136.0,105.2,104.4,377.6,129.8,98.6,123.0,376.8,12,13,14,11,16,17,19,18,0.579,0.421,0.487,0.048,0.359,0.108,0.154,0.138,0.439,0.626,0.374,0.976,0.024,0.741,0.259,10,20,14,13,20,23,11,24,13,14,16,7,22,15,15,0.322,0.536,0.267,0.032,0.319,2,8,13,20,16,311.6,672.2,0.464,97.6,277.2,0.352,141.6,179.6,0.788,83.0,237.6,320.6,197.0,104.8,64.2,41.8,36.8,153.8,152.0,862.4,18,19,9,19,19,10,19,19,22,19,18,18,19,13,17,19,11,19,11,19,0,2025-26
1642883,Sion James,Sion,1610612766,CHA,23.0,82,44,38,0.537,22.5,1.7,4.5,0.371,1.0,2.9,0.352,1.0,1.2,0.837,0.6,2.9,3.5,2.0,0.8,0.6,0.2,0.3,1.8,1.2,5.4,0.8,14.4,0,0,13.6,1,4,17,32,25,55,47,84,32,33,29,37,42,31,49,19,24,30,45,38,48,37,37,34,49,22,44,38,5,46,1,112.5,113.2,113.2,110.3,110.0,110.0,2.2,3.3,3.3,0.121,2.51,25.3,0.026,0.124,0.075,10.1,10.1,0.483,0.531,0.109,0.112,99.24,99.1,82.58,99.1,0.062,3779,1.7,4.5,27,20,20,34,37,37,24,19,19,50,21,16,72,47,51,48,49,68,61,91,91,77,85,85,66,55,47,0.093,0.113,0.145,0.151,0.113,0.112,0.103,0.182,0.161,0.171,0.107,0.207,0.123,0.172,0.203,0.127,0.103,94,88,57,64,66,72,78,49,59,39,22,43,61,52,34,67,94,1.0,0.6,0.5,1.3,9.0,5.9,7.0,22.7,51,65,64,70,71,63,67,32,0.366,0.634,0.249,0.0,0.565,0.098,0.186,0.179,0.249,0.527,0.473,0.952,0.048,0.783,0.217,82,22,85,63,20,74,27,39,82,61,39,35,46,35,65,0.091,0.09123991545761016,8,Charlotte Hornets,82,44,38,0.537,1248.136,910,1842,0.494,380,943,0.403,392,479,0.818,326,843,1169,515,407.2,146,143,112,460,411,2592,88.2,1,3,20,11,2,2,3,7,1,2,4,3,3,6,2,1,2,5,28,5,1,26,26,2,1,1,113.5,39.5,111.7,38.3,1.9,1.2,0.651,1.68,5.4,0.345,0.733,0.539,0.054,0.549,0.631,100.4,290.55,242.12,7552,0.514,1,26,4,14,22,10,6,1,2,28,8,4,28,9,378.0,439.6,326.6,1193.6,475.2,348.0,414.8,1277.6,3,1,3,3,28,26,28,28,0.488,0.512,0.409,0.019,0.44,0.107,0.151,0.123,0.39,0.638,0.362,0.932,0.068,0.76,0.24,19,11,21,22,11,24,13,26,18,13,17,12,17,10,20,0.248,0.539,0.225,0.042,0.267,19,10,3,6,1,1072.4,2302.4,0.466,337.0,936.6,0.36,413.0,517.6,0.798,256.0,771.2,1027.2,677.4,317.8,214.6,112.0,119.0,519.0,485.0,2894.8,28,28,12,28,29,13,27,27,24,26,28,28,28,2,28,26,2,29,2,28,2,2025-26
1643007,Taelon Peter,Taelon,1610612754,IND,24.0,38,6,32,0.158,13.0,1.6,4.2,0.38,1.1,3.3,0.328,0.3,0.4,0.625,0.3,1.3,1.6,1.1,0.7,0.7,0.1,0.1,1.0,0.4,4.5,-2.6,9.6,0,0,9.8,45,61,22,93,56,60,52,80,27,25,44,81,83,80,79,62,69,52,54,33,72,74,65,77,53,64,62,38,5,59,1,103.2,103.2,103.2,112.9,111.8,111.8,-9.8,-8.7,-8.7,0.113,1.48,17.3,0.019,0.096,0.057,11.7,11.6,0.509,0.518,0.159,0.164,104.62,105.12,87.6,105.12,0.057,1075,1.6,4.2,79,79,79,48,44,44,67,64,64,56,61,51,82,64,72,69,70,55,70,54,53,26,24,24,76,60,52,0.145,0.175,0.27,0.285,0.076,0.088,0.103,0.148,0.138,0.132,0.144,0.31,0.083,0.088,0.217,0.094,0.154,61,49,20,15,85,83,79,66,72,60,47,12,72,27,43,85,54,0.7,0.1,1.0,0.9,5.9,3.6,4.4,15.6,60,91,32,80,53,43,46,53,0.209,0.791,0.222,0.023,0.719,0.228,0.059,0.152,0.199,0.737,0.263,0.927,0.073,0.867,0.133,96,8,89,50,5,11,89,50,88,24,76,42,39,19,81,0.046,0.04612916762305939,39,Indiana Pacers,59,11,48,0.186,352.357333,202,523,0.386,101,316,0.32,51,71,0.718,42,146,188,216,118.4,64,13,30,146,73,556,-48.4,18,27,22,29,12,15,12,27,13,11,22,17,17,21,22,18,19,11,19,12,20,16,14,16,14,21,107.1,29.9,113.4,31.6,-6.3,-1.7,0.714,1.78,6.7,0.253,0.707,0.479,0.044,0.543,0.502,103.0,369.38,307.81,2708,0.473,9,21,20,2,15,5,27,7,23,22,13,25,20,20,108.0,88.8,120.8,344.4,141.0,104.2,102.6,403.6,16,18,11,12,19,19,16,19,0.396,0.604,0.363,0.036,0.545,0.165,0.092,0.103,0.327,0.564,0.436,0.911,0.089,0.738,0.262,25,5,23,16,6,7,24,27,22,17,13,17,12,16,14,0.234,0.554,0.25,0.039,0.293,23,19,7,10,7,320.2,659.4,0.486,90.0,253.8,0.355,127.2,164.6,0.773,81.6,255.8,337.4,185.8,106.0,69.8,37.2,28.0,131.8,133.8,857.6,19,18,21,17,18,11,18,18,12,18,19,19,17,12,19,17,17,17,13,18,0,2025-26
1643253,Toby Okani,Toby,1610612763,MEM,24.0,6,0,6,0.0,36.2,4.2,11.7,0.357,1.5,5.2,0.29,0.2,1.3,0.125,1.5,2.0,3.5,1.0,0.5,0.7,0.5,1.0,3.3,1.3,10.0,-22.8,18.7,0,0,18.3,84,98,70,98,1,14,6,86,15,14,62,89,34,98,14,37,24,53,64,35,21,5,6,29,20,103,30,38,5,28,1,99.3,100.0,100.0,124.8,128.1,128.1,-25.5,-28.1,-28.1,0.039,2.0,7.2,0.034,0.053,0.043,3.6,3.6,0.421,0.408,0.142,0.143,108.67,106.9,89.09,106.9,0.013,483,4.2,11.7,90,88,88,92,95,95,93,93,93,96,30,95,56,98,95,11,11,88,94,72,77,5,14,14,95,14,6,0.139,0.159,0.127,0.14,0.019,0.113,0.188,0.09,0.116,0.053,0.047,0.111,0.231,0.194,0.182,0.136,0.124,69,62,61,66,98,71,45,98,88,96,9,83,36,64,18,60,79,1.2,1.3,1.0,4.3,12.5,18.3,15.5,55.3,38,23,33,22,99,103,103,1,0.557,0.443,0.533,0.1,0.45,0.1,0.017,0.117,0.433,0.688,0.313,0.889,0.111,0.76,0.24,50,54,47,15,36,71,98,73,53,36,64,51,29,39,61,-0.045,-0.0445805047824037,99,Memphis Grizzlies,82,25,57,0.305,947.700667,717,1671,0.429,267,787,0.339,321,400,0.803,192,581,773,585,303.6,169,67,128,410,333,2022,-206.6,1,17,25,22,5,7,6,22,3,3,14,5,5,8,5,6,6,4,26,3,7,27,25,5,6,27,108.7,37.2,118.6,40.7,-9.9,-3.5,0.66,1.76,7.8,0.284,0.635,0.455,0.05,0.534,0.547,105.1,306.83,255.69,6067,0.443,3,28,27,13,17,3,22,27,28,27,16,16,27,26,370.0,284.6,286.6,948.4,385.0,386.4,319.8,1149.2,4,5,5,6,25,28,25,26,0.529,0.471,0.445,0.028,0.396,0.152,0.159,0.158,0.417,0.516,0.484,0.779,0.221,0.614,0.386,15,15,17,19,16,13,8,16,14,18,12,27,2,23,7,0.249,0.574,0.279,0.052,0.365,18,27,17,2,27,903.6,1810.2,0.499,272.4,746.4,0.365,383.4,504.6,0.76,269.8,688.8,958.6,584.8,314.0,188.0,113.2,93.8,368.4,411.0,2463.0,26,26,27,25,26,17,25,26,7,27,26,26,26,3,27,27,7,26,4,26,0,2025-26
1642848,Tre Johnson,Tre,1610612764,WAS,20.0,60,12,48,0.2,24.0,4.5,10.8,0.419,1.9,5.4,0.358,1.3,1.5,0.874,0.5,2.4,2.8,2.0,1.6,0.6,0.3,0.2,2.0,1.2,12.2,-5.6,19.7,0,0,20.7,22,47,8,84,22,11,7,56,10,12,25,24,33,25,55,32,38,29,15,46,42,67,27,33,9,85,26,38,5,17,1,108.1,108.7,108.7,119.6,119.9,119.9,-11.5,-11.2,-11.2,0.122,1.31,13.6,0.018,0.093,0.055,10.3,10.3,0.508,0.535,0.22,0.225,104.77,104.38,86.98,104.38,0.068,3144,4.5,10.8,59,56,56,81,80,80,76,75,75,48,68,73,84,68,75,53,52,57,59,9,10,25,28,28,58,11,7,0.213,0.234,0.286,0.285,0.16,0.145,0.097,0.147,0.135,0.16,0.217,0.15,0.102,0.071,0.187,0.144,0.215,18,10,14,16,46,52,81,67,73,48,82,77,67,22,21,58,15,1.7,1.1,1.9,3.4,9.0,8.9,8.2,27.8,20,31,11,28,70,87,83,21,0.504,0.496,0.426,0.15,0.471,0.157,0.103,0.139,0.276,0.436,0.564,0.8,0.2,0.59,0.41,60,44,63,6,34,44,71,59,78,76,24,67,14,74,26,0.028,0.027992483543864025,71,Washington Wizards,81,16,65,0.198,924.803,748,1700,0.44,242,732,0.331,312,400,0.78,192,536,728,370,303.2,169,65,74,389,331,2050,-228.0,6,26,29,28,6,5,5,19,4,4,19,6,5,13,5,7,7,6,25,3,8,23,24,6,5,28,108.0,33.5,119.8,37.2,-11.8,-3.6,0.586,1.54,4.8,0.281,0.662,0.466,0.047,0.538,0.546,103.7,334.05,278.37,6445,0.431,5,25,28,25,25,14,25,25,26,25,15,18,23,28,319.8,280.0,270.6,923.6,402.4,331.8,352.4,1108.4,6,6,7,7,26,25,26,25,0.569,0.431,0.494,0.077,0.354,0.137,0.152,0.153,0.417,0.492,0.508,0.847,0.153,0.607,0.393,12,18,12,6,21,16,12,19,15,20,10,22,7,24,6,0.244,0.569,0.301,0.043,0.338,21,24,25,5,25,861.4,1734.0,0.497,250.8,688.6,0.364,415.8,521.8,0.797,247.0,659.0,906.0,568.6,278.2,187.6,99.0,96.8,353.0,404.0,2389.4,25,24,25,24,24,16,28,28,23,25,25,25,25,5,26,25,6,23,5,25,19,2025-26
1642400,Tristan Enaruna,Tristan,1610612739,CLE,24.0,9,8,1,0.889,9.5,1.6,3.1,0.5,0.3,1.1,0.3,0.7,0.9,0.75,0.8,0.8,1.6,0.8,0.3,0.6,0.0,0.3,0.3,0.8,4.1,4.8,8.5,0,0,7.9,75,55,93,2,67,62,61,29,63,67,54,51,56,56,38,82,67,66,80,43,82,38,97,56,64,1,70,38,5,69,1,122.1,123.5,123.5,101.3,101.7,101.7,20.8,21.7,21.7,0.101,2.33,17.1,0.096,0.085,0.09,7.3,7.2,0.554,0.587,0.16,0.168,100.57,99.8,83.16,99.8,0.105,179,1.6,3.1,5,2,2,4,6,6,2,2,2,62,24,54,16,75,40,18,18,38,35,52,48,68,75,75,17,62,61,0.169,0.185,0.13,0.154,0.188,0.195,0.28,0.117,0.165,0.13,0.081,0.25,0.0,0.375,0.107,0.189,0.167,41,39,60,61,32,33,27,89,56,64,16,21,82,97,7,31,42,1.2,1.4,0.4,2.4,4.2,2.2,3.1,7.8,35,21,70,47,42,22,35,75,0.643,0.357,0.595,0.0,0.243,0.108,0.162,0.297,0.595,0.727,0.273,1.0,0.0,0.786,0.214,39,65,37,63,63,66,41,10,31,25,75,1,57,32,67,0.058,0.05848795244411124,25,Cleveland Cavaliers,52,35,17,0.673,126.577333,107,254,0.421,49,141,0.348,46,53,0.868,18,61,79,81,40.6,30,0,14,62,44,309,6.4,22,9,6,6,22,20,20,24,18,18,11,18,19,1,24,23,25,18,9,19,28,9,8,20,20,7,112.8,25.3,111.4,24.7,1.4,0.6,0.664,1.81,5.5,0.346,0.669,0.506,0.034,0.551,0.557,101.3,454.87,379.06,1198,0.513,18,12,7,11,13,9,5,22,9,14,7,13,10,10,54.8,49.2,39.8,133.2,46.8,40.8,35.4,113.2,20,20,21,20,9,9,8,8,0.445,0.555,0.375,0.071,0.476,0.136,0.149,0.243,0.304,0.466,0.534,0.714,0.286,0.579,0.421,21,9,22,7,10,17,14,3,24,22,8,28,1,25,5,0.257,0.546,0.277,0.038,0.331,16,15,16,11,22,104.6,227.0,0.461,38.6,104.0,0.371,48.4,62.8,0.771,34.4,80.2,114.6,66.4,45.6,22.4,11.4,13.6,51.4,56.6,296.2,9,9,8,9,9,22,10,10,11,9,9,9,9,20,9,9,21,10,20,9,0,2025-26
1631174,Tyler Burton,Tyler,1610612763,MEM,26.0,12,2,10,0.167,25.6,3.5,9.3,0.375,1.8,5.5,0.333,1.9,2.3,0.852,0.7,3.5,4.2,1.0,0.9,0.9,0.3,0.6,2.6,1.8,10.8,-12.1,20.1,0,0,20.3,67,81,59,91,15,19,12,82,13,9,38,11,14,28,46,14,19,53,40,17,33,17,14,17,14,98,24,38,5,19,1,100.0,102.0,102.0,123.9,124.3,124.3,-23.9,-22.3,-22.3,0.062,1.09,8.2,0.023,0.137,0.076,7.5,7.5,0.473,0.521,0.18,0.185,104.34,103.12,85.94,103.12,0.061,660,3.5,9.3,88,82,82,90,92,92,91,90,90,86,75,93,77,37,50,20,20,77,66,35,37,30,41,41,70,19,12,0.178,0.196,0.253,0.231,0.202,0.197,0.148,0.255,0.228,0.076,0.113,0.169,0.133,0.189,0.244,0.189,0.192,38,32,23,30,27,31,60,21,35,90,28,64,55,59,59,31,27,2.2,1.7,1.8,3.3,10.6,11.7,10.5,33.7,9,15,12,29,90,99,92,10,0.411,0.589,0.31,0.0,0.512,0.171,0.178,0.202,0.31,0.65,0.35,0.955,0.045,0.81,0.19,73,31,79,63,27,38,29,24,73,46,54,34,47,26,74,-0.003,-0.0025427599401944587,92,Memphis Grizzlies,82,25,57,0.305,947.700667,717,1671,0.429,267,787,0.339,321,400,0.803,192,581,773,585,303.6,169,67,128,410,333,2022,-206.6,1,17,25,22,5,7,6,22,3,3,14,5,5,8,5,6,6,4,26,3,7,27,25,5,6,27,108.7,37.2,118.6,40.7,-9.9,-3.5,0.66,1.76,7.8,0.284,0.635,0.455,0.05,0.534,0.547,105.1,306.83,255.69,6067,0.443,3,28,27,13,17,3,22,27,28,27,16,16,27,26,370.0,284.6,286.6,948.4,385.0,386.4,319.8,1149.2,4,5,5,6,25,28,25,26,0.529,0.471,0.445,0.028,0.396,0.152,0.159,0.158,0.417,0.516,0.484,0.779,0.221,0.614,0.386,15,15,17,19,16,13,8,16,14,18,12,27,2,23,7,0.249,0.574,0.279,0.052,0.365,18,27,17,2,27,903.6,1810.2,0.499,272.4,746.4,0.365,383.4,504.6,0.76,269.8,688.8,958.6,584.8,314.0,188.0,113.2,93.8,368.4,411.0,2463.0,26,26,27,25,26,17,25,26,7,27,26,26,26,3,27,27,7,26,4,26,0,2025-26
1642878,Tyrese Proctor,Tyrese,1610612739,CLE,22.0,50,33,17,0.66,10.9,1.9,4.5,0.413,0.9,2.6,0.351,0.8,0.9,0.889,0.2,1.1,1.3,1.5,0.8,0.5,0.0,0.2,1.2,0.7,5.4,-0.1,9.9,1,0,10.1,32,11,48,19,62,50,49,61,34,34,30,48,55,23,87,73,75,40,43,52,82,60,60,58,47,39,60,21,5,55,1,111.3,112.5,112.5,112.7,112.8,112.8,-1.3,-0.3,-0.3,0.196,1.85,20.6,0.019,0.092,0.055,11.1,11.1,0.516,0.556,0.214,0.219,101.46,100.87,84.06,100.87,0.087,1144,1.9,4.5,32,25,25,45,50,50,39,37,37,19,38,33,83,69,76,64,64,53,50,13,14,54,65,65,36,50,49,0.198,0.22,0.282,0.273,0.217,0.174,0.076,0.157,0.133,0.236,0.241,0.223,0.0,0.224,0.231,0.169,0.211,23,19,15,19,21,39,87,60,74,21,87,34,82,74,53,45,19,1.3,0.6,0.8,1.4,3.9,3.7,3.0,9.8,34,60,51,69,37,44,32,66,0.418,0.582,0.346,0.081,0.507,0.14,0.147,0.235,0.265,0.404,0.596,0.696,0.304,0.548,0.452,71,33,72,20,29,51,47,16,80,82,18,75,6,81,19,0.035,0.034581513465198034,55,Cleveland Cavaliers,52,35,17,0.673,126.577333,107,254,0.421,49,141,0.348,46,53,0.868,18,61,79,81,40.6,30,0,14,62,44,309,6.4,22,9,6,6,22,20,20,24,18,18,11,18,19,1,24,23,25,18,9,19,28,9,8,20,20,7,112.8,25.3,111.4,24.7,1.4,0.6,0.664,1.81,5.5,0.346,0.669,0.506,0.034,0.551,0.557,101.3,454.87,379.06,1198,0.513,18,12,7,11,13,9,5,22,9,14,7,13,10,10,54.8,49.2,39.8,133.2,46.8,40.8,35.4,113.2,20,20,21,20,9,9,8,8,0.445,0.555,0.375,0.071,0.476,0.136,0.149,0.243,0.304,0.466,0.534,0.714,0.286,0.579,0.421,21,9,22,7,10,17,14,3,24,22,8,28,1,25,5,0.257,0.546,0.277,0.038,0.331,16,15,16,11,22,104.6,227.0,0.461,38.6,104.0,0.371,48.4,62.8,0.771,34.4,80.2,114.6,66.4,45.6,22.4,11.4,13.6,51.4,56.6,296.2,9,9,8,9,9,22,10,10,11,9,9,9,9,20,9,9,21,10,20,9,0,2025-26
1642845,VJ Edgecombe,VJ,1610612755,PHI,20.0,75,43,32,0.573,35.0,6.0,13.7,0.438,2.0,5.6,0.354,2.0,2.4,0.818,1.6,4.0,5.6,4.2,1.8,1.4,0.5,0.7,2.9,1.9,16.0,0.8,33.1,7,0,31.7,5,6,22,24,2,3,2,49,9,7,28,9,11,40,12,10,11,4,10,6,20,10,11,11,3,23,2,4,5,3,1,113.7,114.8,114.8,111.9,113.9,113.9,1.8,0.9,0.9,0.172,2.3,20.2,0.044,0.111,0.077,8.8,8.8,0.51,0.54,0.196,0.201,101.83,100.44,83.7,100.44,0.092,5492,6.0,13.7,18,15,15,39,58,58,26,30,30,27,26,36,43,55,47,31,31,54,58,27,30,51,68,68,32,3,2,0.198,0.21,0.22,0.224,0.138,0.136,0.183,0.177,0.179,0.234,0.191,0.217,0.125,0.189,0.195,0.135,0.19,24,26,33,35,54,56,48,53,49,22,71,39,57,58,27,61,29,2.6,1.4,3.0,6.3,11.5,11.5,12.1,35.8,3,22,4,10,96,98,97,8,0.591,0.409,0.504,0.11,0.373,0.188,0.123,0.165,0.394,0.437,0.563,0.812,0.188,0.561,0.439,45,59,54,12,48,31,58,44,59,75,25,66,15,78,22,0.1,0.09958670698096833,4,Philadelphia 76ers,79,44,35,0.557,540.748,458,1059,0.432,149,426,0.35,151,189,0.799,129,311,440,323,149.2,110,42,57,223,153,1216,5.2,7,3,18,9,9,9,9,21,8,8,10,9,9,9,10,10,9,10,21,9,12,20,19,9,9,9,112.9,23.1,111.9,23.0,1.1,0.1,0.591,1.85,4.8,0.309,0.679,0.492,0.027,0.531,0.532,101.9,497.36,414.46,5605,0.495,25,5,12,24,12,13,17,18,20,1,20,22,6,14,211.0,181.4,177.6,554.8,179.8,179.0,188.6,554.4,9,9,9,9,21,21,21,21,0.598,0.402,0.508,0.109,0.368,0.187,0.124,0.164,0.4,0.434,0.566,0.812,0.188,0.557,0.443,9,21,11,3,17,5,17,14,16,25,5,24,5,26,4,0.271,0.542,0.263,0.031,0.321,8,13,12,24,18,467.2,996.8,0.469,146.8,413.6,0.355,206.0,262.0,0.786,132.6,371.4,504.0,305.2,171.2,83.8,59.8,63.8,219.4,225.8,1287.2,21,21,14,21,21,12,21,21,20,21,21,21,21,9,21,21,8,21,9,21,200,2025-26
1642884,Vladislav Goldin,Vladislav,1610612748,MIA,25.0,9,5,4,0.556,2.7,0.3,0.4,0.75,0.0,0.0,0.0,0.1,0.1,1.0,0.3,0.7,1.0,0.3,0.3,0.0,0.3,0.0,0.6,0.1,0.8,0.6,3.1,0,0,2.8,75,66,77,28,103,97,103,2,81,94,81,94,96,1,72,87,84,87,80,95,33,85,90,96,97,27,97,38,5,97,1,103.8,105.2,105.2,104.2,88.9,88.9,-0.4,16.3,16.3,0.136,1.0,30.0,0.111,0.214,0.164,30.0,28.7,0.75,0.788,0.101,0.108,112.7,121.19,100.99,121.19,0.105,58,0.3,0.4,77,73,73,7,1,1,33,6,6,38,79,9,8,6,6,102,102,2,1,98,96,1,1,1,16,97,103,0.12,0.078,0.0,0.0,0.333,0.25,0.3,0.333,0.321,0.15,0.188,0.0,0.75,0.0,0.278,0.25,0.115,87,101,81,94,6,10,22,6,13,53,68,95,2,1,74,12,84,0.0,0.6,0.0,0.7,1.8,0.4,0.4,2.4,91,66,92,85,10,2,2,101,1.0,0.0,0.857,0.0,0.0,0.0,0.143,0.0,0.857,1.0,0.0,0.0,0.0,1.0,0.0,1,94,4,63,81,92,51,91,1,1,92,81,57,1,92,0.032,0.0320749011547491,65,Miami Heat,57,31,26,0.544,275.819,164,365,0.449,92,220,0.418,78,93,0.839,85,184,269,184,78.6,53,18,22,182,86,498,31.0,19,13,11,10,16,17,18,15,14,14,2,13,14,3,14,13,15,12,13,15,17,13,18,14,16,4,115.6,27.5,110.8,26.4,4.8,1.1,0.688,2.21,5.8,0.327,0.73,0.519,0.03,0.534,0.613,107.1,449.16,374.3,2587,0.522,13,15,5,7,1,8,8,2,7,7,17,6,11,6,123.0,111.0,105.6,312.8,90.6,76.6,91.8,283.6,13,12,12,13,12,13,15,15,0.397,0.603,0.289,0.004,0.554,0.163,0.157,0.171,0.285,0.486,0.514,0.967,0.033,0.756,0.244,24,6,27,27,4,10,9,10,25,21,9,9,20,13,17,0.269,0.546,0.288,0.035,0.27,9,14,21,16,2,240.2,515.2,0.466,81.8,214.2,0.382,118.6,148.4,0.799,57.0,196.6,253.6,154.6,91.0,45.6,28.0,22.2,115.0,118.6,680.8,15,15,13,16,13,27,16,15,25,12,16,15,15,15,14,13,19,14,16,15,0,2025-26
1642383,Walter Clayton Jr.,Walter,1610612763,MEM,23.0,69,17,52,0.246,20.4,2.6,6.7,0.384,1.1,3.5,0.307,1.6,1.8,0.901,0.4,1.7,2.0,4.0,1.7,0.6,0.3,0.6,1.7,1.6,7.8,-4.1,17.3,1,0,16.8,13,35,7,77,39,40,27,77,25,20,52,19,24,18,69,51,58,6,12,37,45,18,41,18,34,79,36,21,5,35,2,110.8,111.7,111.7,121.0,121.2,121.2,-10.2,-9.6,-9.6,0.274,2.41,30.7,0.017,0.081,0.048,12.8,12.8,0.465,0.523,0.181,0.186,103.77,103.23,86.02,103.23,0.073,3036,2.6,6.7,38,32,32,86,86,86,70,68,68,6,23,7,85,81,92,77,76,79,65,34,36,34,39,39,51,40,27,0.148,0.178,0.186,0.218,0.183,0.161,0.077,0.134,0.118,0.347,0.255,0.166,0.173,0.202,0.197,0.179,0.159,58,46,43,37,36,47,86,78,86,5,92,68,43,68,29,37,45,0.9,0.4,0.8,2.5,8.8,7.8,6.3,22.3,52,70,47,42,69,82,61,34,0.471,0.529,0.379,0.056,0.418,0.108,0.203,0.113,0.323,0.431,0.569,0.707,0.293,0.548,0.452,66,38,68,28,39,67,22,76,70,77,23,74,7,82,18,0.016,0.016004728032397143,82,Memphis Grizzlies,82,25,57,0.305,947.700667,717,1671,0.429,267,787,0.339,321,400,0.803,192,581,773,585,303.6,169,67,128,410,333,2022,-206.6,1,17,25,22,5,7,6,22,3,3,14,5,5,8,5,6,6,4,26,3,7,27,25,5,6,27,108.7,37.2,118.6,40.7,-9.9,-3.5,0.66,1.76,7.8,0.284,0.635,0.455,0.05,0.534,0.547,105.1,306.83,255.69,6067,0.443,3,28,27,13,17,3,22,27,28,27,16,16,27,26,370.0,284.6,286.6,948.4,385.0,386.4,319.8,1149.2,4,5,5,6,25,28,25,26,0.529,0.471,0.445,0.028,0.396,0.152,0.159,0.158,0.417,0.516,0.484,0.779,0.221,0.614,0.386,15,15,17,19,16,13,8,16,14,18,12,27,2,23,7,0.249,0.574,0.279,0.052,0.365,18,27,17,2,27,903.6,1810.2,0.499,272.4,746.4,0.365,383.4,504.6,0.76,269.8,688.8,958.6,584.8,314.0,188.0,113.2,93.8,368.4,411.0,2463.0,26,26,27,25,26,17,25,26,7,27,26,26,26,3,27,27,7,26,4,26,0,2025-26
1642954,Will Richard,Will,1610612744,GSW,23.0,69,34,35,0.493,20.0,2.3,5.0,0.468,1.0,3.1,0.335,0.7,0.8,0.852,1.0,1.5,2.5,1.3,0.8,1.2,0.1,0.2,1.9,0.9,6.4,-1.4,14.5,0,0,13.8,13,10,20,44,43,43,44,40,29,28,37,51,63,28,28,55,46,44,49,11,68,66,33,52,43,54,43,38,5,44,1,110.3,110.3,110.3,113.8,113.6,113.6,-3.5,-3.3,-3.3,0.094,1.75,18.1,0.045,0.078,0.061,10.3,10.3,0.571,0.596,0.123,0.129,102.73,102.86,85.72,102.86,0.063,2951,2.3,5.0,46,45,45,56,57,57,44,49,49,67,45,45,41,86,68,51,51,30,30,87,86,45,48,48,62,43,44,0.141,0.136,0.157,0.165,0.091,0.085,0.201,0.123,0.145,0.116,0.115,0.271,0.071,0.097,0.232,0.109,0.136,66,79,53,57,78,86,42,83,69,73,29,18,75,28,54,78,72,1.7,1.1,1.6,2.5,8.5,6.1,6.8,21.6,18,33,19,46,67,66,66,37,0.387,0.613,0.413,0.027,0.483,0.243,0.104,0.272,0.385,0.681,0.319,0.972,0.028,0.809,0.191,79,25,64,47,32,9,70,13,60,38,62,29,52,27,73,0.06,0.06034875339062161,21,Golden State Warriors,74,35,39,0.473,333.790333,209,463,0.451,108,306,0.353,63,73,0.863,71,129,200,111,112.8,83,9,13,159,73,589,-16.2,12,9,21,19,13,14,14,13,10,13,9,16,16,2,16,19,18,17,18,10,21,8,16,16,13,19,110.6,23.4,113.1,23.9,-2.6,-0.5,0.692,1.71,2.7,0.317,0.68,0.492,0.034,0.544,0.595,101.9,481.74,401.45,3354,0.483,23,9,17,5,20,24,13,17,19,12,12,8,7,18,146.8,112.6,80.8,302.4,139.2,102.0,108.2,351.6,11,11,16,14,18,18,18,17,0.339,0.661,0.343,0.034,0.55,0.207,0.107,0.239,0.309,0.663,0.337,0.907,0.093,0.789,0.211,27,3,24,18,5,2,19,4,23,11,19,18,11,8,22,0.246,0.56,0.254,0.034,0.32,20,21,9,18,17,293.2,604.2,0.485,90.2,245.6,0.367,124.0,153.2,0.809,77.8,224.8,302.6,186.0,113.8,62.2,28.6,29.0,132.4,139.8,800.6,17,17,20,18,17,20,17,17,27,17,17,17,18,11,16,14,16,18,12,17,0,2025-26
1642860,Will Riley,Will,1610612764,WAS,20.0,74,16,58,0.216,22.1,3.7,8.4,0.439,1.1,3.3,0.316,1.9,2.4,0.8,0.8,2.1,2.9,2.0,1.3,0.7,0.1,0.4,1.2,1.8,10.3,-6.5,18.0,2,0,17.9,7,38,1,83,28,17,20,48,28,24,51,10,10,42,39,35,36,31,26,29,71,35,57,16,18,89,32,13,5,32,1,107.1,107.3,107.3,121.5,121.4,121.4,-14.4,-14.1,-14.1,0.131,1.55,15.7,0.033,0.097,0.064,10.1,10.0,0.502,0.548,0.196,0.205,103.19,103.18,85.98,103.18,0.08,3514,3.7,8.4,67,62,62,87,88,88,85,84,84,40,55,64,62,61,66,49,48,59,54,25,26,41,40,40,39,17,20,0.195,0.207,0.188,0.207,0.25,0.237,0.162,0.159,0.16,0.18,0.172,0.205,0.058,0.141,0.132,0.208,0.203,25,28,41,39,11,14,56,58,61,36,60,44,77,40,9,24,23,1.7,1.2,1.1,4.7,10.1,7.7,8.8,27.7,22,27,29,17,88,80,84,22,0.6,0.4,0.505,0.052,0.306,0.111,0.189,0.164,0.453,0.461,0.539,0.846,0.154,0.572,0.428,43,61,53,31,58,64,26,45,51,72,28,58,22,76,24,0.016,0.016309851025402677,82,Washington Wizards,81,16,65,0.198,924.803,748,1700,0.44,242,732,0.331,312,400,0.78,192,536,728,370,303.2,169,65,74,389,331,2050,-228.0,6,26,29,28,6,5,5,19,4,4,19,6,5,13,5,7,7,6,25,3,8,23,24,6,5,28,108.0,33.5,119.8,37.2,-11.8,-3.6,0.586,1.54,4.8,0.281,0.662,0.466,0.047,0.538,0.546,103.7,334.05,278.37,6445,0.431,5,25,28,25,25,14,25,25,26,25,15,18,23,28,319.8,280.0,270.6,923.6,402.4,331.8,352.4,1108.4,6,6,7,7,26,25,26,25,0.569,0.431,0.494,0.077,0.354,0.137,0.152,0.153,0.417,0.492,0.508,0.847,0.153,0.607,0.393,12,18,12,6,21,16,12,19,15,20,10,22,7,24,6,0.244,0.569,0.301,0.043,0.338,21,24,25,5,25,861.4,1734.0,0.497,250.8,688.6,0.364,415.8,521.8,0.797,247.0,659.0,906.0,568.6,278.2,187.6,99.0,96.8,353.0,404.0,2389.4,25,24,25,24,24,16,28,28,23,25,25,25,25,5,26,25,6,23,5,25,4,2025-26
1642905,Yang Hansen,ang Hansen,1610612757,POR,20.0,43,24,19,0.558,7.0,0.7,2.3,0.31,0.1,1.0,0.119,0.7,0.8,0.824,0.5,1.1,1.5,0.5,0.7,0.1,0.2,0.3,1.0,0.9,2.2,-2.3,5.0,0,0,5.0,40,22,44,27,82,85,78,95,74,72,78,55,62,38,57,72,70,77,51,93,51,54,65,50,86,61,85,38,5,83,1,95.6,95.1,95.1,111.6,110.2,110.2,-16.0,-15.1,-15.1,0.111,0.69,13.0,0.063,0.139,0.102,18.9,18.9,0.335,0.413,0.196,0.205,103.81,104.76,87.3,104.76,0.027,654,0.7,2.3,94,92,92,38,38,38,87,87,87,58,89,74,28,35,31,96,96,94,93,26,27,33,25,25,92,85,78,0.135,0.188,0.071,0.179,0.298,0.27,0.294,0.221,0.239,0.169,0.246,0.067,0.345,0.25,0.341,0.305,0.153,75,37,69,50,10,9,23,37,32,40,90,92,20,83,91,5,56,0.3,0.5,0.0,1.2,4.2,2.4,2.7,6.7,87,67,91,74,40,26,27,82,0.58,0.42,0.547,0.021,0.158,0.021,0.295,0.116,0.526,0.615,0.385,1.0,0.0,0.677,0.323,46,57,45,52,69,90,9,75,40,50,50,1,57,60,40,0.028,0.028024478178429946,71,Portland Trail Blazers,65,33,32,0.508,287.903333,236,641,0.368,104,364,0.286,67,86,0.779,49,155,204,153,107.0,37,15,50,100,82,643,-57.2,16,11,16,17,14,12,11,28,11,9,24,15,15,14,18,17,17,13,16,18,18,19,11,15,12,22,103.1,25.3,112.8,27.6,-9.7,-2.3,0.576,1.26,5.0,0.32,0.676,0.496,0.042,0.513,0.474,103.3,421.72,351.44,2531,0.441,17,16,23,29,29,11,10,20,15,21,29,27,17,27,111.8,100.0,72.6,278.8,137.4,93.8,105.8,297.2,14,15,17,17,17,16,17,16,0.432,0.568,0.411,0.059,0.485,0.121,0.104,0.168,0.351,0.462,0.538,0.837,0.163,0.627,0.373,22,8,20,10,9,20,20,13,21,24,6,23,6,21,9,0.242,0.542,0.269,0.036,0.324,22,12,15,14,20,252.8,539.2,0.469,79.0,228.8,0.345,113.0,145.2,0.778,75.8,193.0,268.8,161.4,91.0,67.8,39.8,30.2,118.0,114.4,697.6,16,16,15,15,16,5,13,14,15,16,15,16,16,15,18,18,13,15,17,16,0,2025-26
1642949,Yanic Konan Niederhäuser,Yanic Konan,1610612746,LAC,23.0,41,22,19,0.537,10.3,1.6,2.4,0.64,0.0,0.1,0.2,1.1,1.5,0.758,0.9,2.0,2.9,0.3,0.6,0.1,0.7,0.2,1.6,1.1,4.3,0.9,10.2,0,0,9.2,41,26,44,32,64,61,76,7,80,90,74,28,31,54,29,41,37,92,59,88,12,59,44,42,59,17,59,38,5,63,1,115.8,113.9,113.9,108.0,109.4,109.4,7.8,4.5,4.5,0.041,0.52,7.3,0.096,0.176,0.14,14.0,14.2,0.645,0.691,0.153,0.159,98.75,98.96,82.47,98.96,0.098,873,1.6,2.4,14,18,18,24,33,33,10,17,17,95,93,94,14,16,12,83,83,11,9,63,63,82,86,86,24,61,76,0.181,0.141,0.011,0.019,0.241,0.25,0.411,0.297,0.326,0.061,0.18,0.068,0.526,0.227,0.393,0.249,0.177,34,77,79,91,13,10,14,14,11,95,66,91,10,75,96,15,35,0.4,0.9,0.2,3.1,4.0,2.8,3.5,10.5,73,41,81,37,38,32,38,64,0.95,0.05,0.716,0.0,0.017,0.057,0.267,0.102,0.716,0.714,0.286,1.0,0.0,0.719,0.281,13,91,20,63,80,86,15,82,18,27,72,1,57,51,49,0.043,0.043497140044388316,45,LA Clippers,73,37,36,0.507,372.359,255,513,0.497,84,216,0.389,108,138,0.783,70,213,283,129,111.4,56,40,30,225,113,702,4.0,13,7,19,18,11,11,13,6,15,15,5,11,11,12,17,12,13,15,17,14,13,16,20,11,11,10,113.1,26.3,111.6,26.4,1.6,-0.1,0.592,1.62,3.3,0.303,0.681,0.499,0.034,0.545,0.612,99.2,423.33,352.78,3297,0.502,15,14,15,23,24,21,19,16,12,13,10,7,16,12,136.0,105.2,104.4,377.6,129.8,98.6,123.0,376.8,12,13,14,11,16,17,19,18,0.579,0.421,0.487,0.048,0.359,0.108,0.154,0.138,0.439,0.626,0.374,0.976,0.024,0.741,0.259,10,20,14,13,20,23,11,24,13,14,16,7,22,15,15,0.322,0.536,0.267,0.032,0.319,2,8,13,20,16,311.6,672.2,0.464,97.6,277.2,0.352,141.6,179.6,0.788,83.0,237.6,320.6,197.0,104.8,64.2,41.8,36.8,153.8,152.0,862.4,18,19,9,19,19,10,19,19,22,19,18,18,19,13,17,19,11,19,11,19,0,2025-26
1642358,AJ Johnson,AJ,1610612764,WAS,20.0,29,8,21,0.276,22.0,2.8,7.3,0.385,0.8,3.1,0.267,1.1,1.3,0.865,0.3,1.8,2.0,2.6,1.2,0.4,0.1,0.6,1.7,0.9,7.6,-5.2,14.3,0,0,14.1,47,58,33,76,18,23,17,64,30,22,60,21,25,19,75,42,47,7,16,51,65,8,32,34,24,85,33,35,3,32,2,103.5,104.1,104.1,114.8,115.6,115.6,-11.3,-11.5,-11.5,0.178,2.17,22.3,0.011,0.073,0.042,10.3,10.3,0.441,0.48,0.173,0.178,101.46,100.83,84.02,100.83,0.053,1342,2.8,7.3,66,58,58,74,78,78,72,74,74,22,22,20,93,87,96,55,55,68,67,38,40,53,72,72,74,23,17,0.161,0.181,0.142,0.172,0.151,0.134,0.059,0.118,0.104,0.241,0.19,0.132,0.049,0.257,0.222,0.117,0.157,47,44,57,54,37,55,93,86,95,20,79,69,76,84,49,73,48,1.4,0.2,2.1,3.9,8.3,8.2,8.3,23.8,14,69,6,20,81,96,88,17,0.577,0.423,0.527,0.009,0.327,0.282,0.146,0.191,0.518,0.534,0.466,0.667,0.333,0.573,0.427,43,61,50,66,55,10,39,28,44,66,31,71,6,76,24,0.045,0.04471994674397292,43,Washington Wizards,82,18,64,0.22,1380.553,933,2388,0.391,384,1209,0.318,291,388,0.75,225,932,1157,780,441.4,186,175,118,600,361,2541,-400.4,1,24,29,28,1,1,1,23,1,1,16,1,1,10,4,1,1,1,30,1,1,30,30,1,1,30,102.9,39.1,116.6,44.2,-13.6,-5.1,0.643,1.63,8.1,0.261,0.686,0.47,0.056,0.509,0.497,103.4,272.45,227.04,7837,0.429,1,30,30,12,18,2,28,24,30,29,23,21,30,27,420.8,345.6,464.6,1284.8,557.6,475.0,500.8,1508.4,1,1,1,1,30,30,30,30,0.494,0.506,0.432,0.082,0.453,0.155,0.115,0.133,0.35,0.597,0.403,0.826,0.174,0.691,0.309,26,5,24,4,6,15,19,25,26,20,11,26,5,17,14,0.213,0.549,0.248,0.048,0.314,25,20,15,4,24,1267.2,2677.0,0.473,406.4,1123.8,0.362,523.4,663.8,0.788,372.6,1058.6,1431.2,816.6,375.4,258.2,146.2,152.0,483.8,559.0,3464.2,30,30,19,30,30,20,30,30,21,30,30,30,30,1,30,30,1,30,1,30,0,2024-25
1641737,Adem Bona,Adem,1610612755,PHI,22.0,58,12,46,0.207,15.6,2.3,3.3,0.703,0.0,0.0,0.0,1.2,1.7,0.67,1.6,2.6,4.2,0.5,1.1,0.4,1.2,0.2,2.2,1.6,5.8,-1.9,15.4,3,0,13.8,23,48,10,84,40,39,52,3,80,95,80,15,14,67,11,20,14,67,24,46,7,50,16,14,41,66,28,11,3,34,1,107.3,107.4,107.4,114.1,114.0,114.0,-6.8,-6.6,-6.6,0.043,0.44,8.4,0.097,0.164,0.13,18.9,18.8,0.703,0.714,0.135,0.14,100.51,100.51,83.75,100.51,0.093,1900,2.3,3.3,48,46,46,71,69,69,62,58,58,92,90,88,10,27,15,99,99,5,5,75,76,68,75,75,21,39,52,0.179,0.116,0.0,0.002,0.206,0.236,0.428,0.258,0.304,0.065,0.22,0.166,0.6,0.144,0.35,0.261,0.165,31,92,80,95,16,11,9,19,11,91,89,55,4,45,89,11,41,0.8,1.7,0.4,4.7,5.9,5.3,5.2,15.8,44,12,66,15,66,71,69,37,0.995,0.005,0.801,0.0,0.0,0.068,0.199,0.145,0.801,0.696,0.304,0.0,0.0,0.696,0.304,9,95,12,68,80,77,15,49,8,40,57,78,43,60,40,0.04,0.03978238158354091,53,Philadelphia 76ers,76,19,57,0.25,632.555333,488,987,0.494,140,407,0.344,167,226,0.739,184,389,573,172,181.0,106,109,56,298,194,1283,-94.8,12,23,26,27,6,6,7,5,6,6,11,7,7,12,6,7,7,9,25,4,4,22,25,7,6,25,108.8,29.1,116.4,31.1,-7.5,-2.0,0.578,1.7,2.9,0.292,0.67,0.475,0.037,0.527,0.59,100.5,375.81,313.17,4956,0.456,7,26,21,28,14,21,19,29,29,16,17,3,23,22,231.2,189.2,210.4,646.8,224.4,218.0,212.6,676.0,6,6,6,6,24,25,25,25,0.588,0.412,0.542,0.042,0.327,0.144,0.13,0.166,0.5,0.557,0.443,0.886,0.114,0.652,0.348,12,19,14,11,18,19,14,15,12,22,9,19,12,21,10,0.239,0.568,0.241,0.04,0.33,16,28,11,9,29,565.0,1161.2,0.487,188.4,492.8,0.382,220.8,280.4,0.787,160.6,443.4,604.0,372.2,198.6,102.0,63.8,68.0,232.0,240.0,1539.2,25,25,28,25,25,28,25,25,20,25,25,25,25,6,25,25,6,25,6,25,0,2024-25
1642349,Ajay Mitchell,Ajay,1610612760,OKC,23.0,36,31,5,0.861,16.6,2.5,5.1,0.495,0.6,1.7,0.383,0.8,1.0,0.829,0.5,1.4,1.9,1.8,0.8,0.7,0.1,0.3,1.9,1.5,6.5,3.5,13.0,1,0,12.4,39,12,69,9,36,33,38,21,37,47,13,31,37,20,53,50,50,18,35,17,60,35,25,15,36,6,35,17,3,38,1,109.3,110.0,110.0,100.2,100.2,100.2,9.1,9.7,9.7,0.153,2.21,22.1,0.028,0.08,0.053,10.0,9.9,0.557,0.587,0.159,0.165,100.96,100.63,83.86,100.63,0.082,1254,2.5,5.1,36,30,30,15,19,19,11,11,11,29,20,22,71,83,84,50,50,27,25,52,53,61,73,73,34,33,38,0.178,0.162,0.148,0.131,0.142,0.139,0.142,0.118,0.124,0.21,0.2,0.175,0.074,0.149,0.268,0.237,0.17,32,60,51,70,44,50,67,85,82,26,85,53,71,48,71,13,35,1.0,0.9,0.9,3.4,3.6,4.4,3.3,14.2,32,29,33,27,49,63,50,44,0.674,0.326,0.581,0.051,0.295,0.132,0.124,0.158,0.53,0.397,0.603,0.957,0.043,0.538,0.462,29,75,41,28,57,52,56,44,43,80,17,43,37,80,19,0.106,0.10636214205298239,4,Oklahoma City Thunder,69,58,11,0.841,308.608667,198,447,0.443,71,211,0.336,64,87,0.736,76,197,273,142,80.0,51,29,28,160,92,531,41.2,16,1,4,2,15,17,15,14,15,15,12,14,16,14,13,15,14,11,14,13,12,16,18,13,16,2,109.2,30.1,102.6,28.5,6.6,1.6,0.62,2.02,5.0,0.271,0.706,0.487,0.034,0.523,0.547,101.3,366.44,305.37,2362,0.528,6,17,1,21,4,9,26,15,25,13,18,14,25,1,127.4,84.6,94.6,292.0,78.6,92.8,75.2,270.8,12,16,14,15,13,17,13,15,0.528,0.472,0.478,0.034,0.401,0.111,0.121,0.156,0.444,0.496,0.504,0.972,0.028,0.667,0.333,20,11,19,15,12,23,18,19,20,26,5,9,22,18,13,0.208,0.501,0.302,0.045,0.294,26,3,25,5,15,233.6,546.6,0.427,80.8,264.6,0.305,121.4,165.0,0.736,72.4,231.0,303.4,151.4,105.4,43.6,32.2,28.8,107.8,129.4,669.4,15,16,2,17,18,4,18,18,2,18,19,18,16,13,13,17,15,15,14,16,0,2024-25
1642505,Alex Ducas,Alex,1610612760,OKC,24.0,21,20,1,0.952,6.0,0.6,1.4,0.4,0.5,1.0,0.476,0.1,0.1,1.0,0.4,0.8,1.2,0.2,0.2,0.2,0.0,0.0,0.6,0.0,1.7,-1.0,4.1,0,0,4.1,56,28,94,6,80,79,84,59,50,63,3,94,95,1,62,73,72,88,86,70,82,79,80,98,76,56,80,35,3,78,1,101.7,99.6,99.6,105.5,106.3,106.3,-3.8,-6.7,-6.7,0.058,1.25,12.5,0.06,0.119,0.088,10.0,10.0,0.567,0.583,0.115,0.12,101.97,102.63,85.53,102.63,0.065,266,0.6,1.4,74,75,75,26,34,34,52,59,59,82,60,69,32,51,45,50,53,22,27,93,92,46,48,48,63,79,84,0.122,0.123,0.233,0.146,0.077,0.061,0.29,0.17,0.198,0.081,0.121,0.238,0.0,0.111,0.222,0.034,0.136,80,90,21,66,85,90,27,62,45,79,41,32,82,33,49,98,72,0.1,0.1,0.4,0.1,1.5,1.8,1.8,5.5,82,76,63,94,13,31,28,80,0.3,0.7,0.111,0.056,0.833,0.25,0.056,0.083,0.056,1.0,0.0,1.0,0.0,1.0,0.0,91,12,96,25,4,16,90,81,94,1,90,1,43,1,90,0.029,0.028822824867860846,68,Oklahoma City Thunder,69,58,11,0.841,308.608667,198,447,0.443,71,211,0.336,64,87,0.736,76,197,273,142,80.0,51,29,28,160,92,531,41.2,16,1,4,2,15,17,15,14,15,15,12,14,16,14,13,15,14,11,14,13,12,16,18,13,16,2,109.2,30.1,102.6,28.5,6.6,1.6,0.62,2.02,5.0,0.271,0.706,0.487,0.034,0.523,0.547,101.3,366.44,305.37,2362,0.528,6,17,1,21,4,9,26,15,25,13,18,14,25,1,127.4,84.6,94.6,292.0,78.6,92.8,75.2,270.8,12,16,14,15,13,17,13,15,0.528,0.472,0.478,0.034,0.401,0.111,0.121,0.156,0.444,0.496,0.504,0.972,0.028,0.667,0.333,20,11,19,15,12,23,18,19,20,26,5,9,22,18,13,0.208,0.501,0.302,0.045,0.294,26,3,25,5,15,233.6,546.6,0.427,80.8,264.6,0.305,121.4,165.0,0.736,72.4,231.0,303.4,151.4,105.4,43.6,32.2,28.8,107.8,129.4,669.4,15,16,2,17,18,4,18,18,2,18,19,18,16,13,13,17,15,15,14,16,0,2024-25
1642024,Alex Reese,Alex,1610612755,PHI,26.0,15,4,11,0.267,14.4,1.7,3.6,0.481,1.0,2.7,0.366,0.6,0.8,0.75,0.6,2.5,3.1,0.3,0.4,0.7,0.7,0.1,1.4,0.7,5.1,1.3,12.8,0,0,12.1,63,70,47,78,43,46,47,24,20,28,16,42,45,47,42,23,31,84,61,20,13,76,45,47,43,17,37,35,3,41,2,116.9,117.3,117.3,111.9,111.8,111.8,5.0,5.5,5.5,0.023,0.67,5.8,0.041,0.161,0.103,8.7,8.7,0.62,0.641,0.123,0.128,104.77,104.64,87.2,104.64,0.079,468,1.7,3.6,9,5,5,61,62,62,20,19,19,96,85,93,55,28,30,35,35,12,11,84,85,14,29,29,36,46,47,0.13,0.133,0.217,0.218,0.113,0.111,0.231,0.25,0.246,0.041,0.109,0.244,0.333,0.077,0.304,0.119,0.138,73,82,25,32,63,70,40,21,27,94,32,29,20,26,80,71,70,0.9,0.5,0.6,1.3,3.4,5.2,4.2,14.8,41,52,46,57,48,69,61,39,0.241,0.759,0.289,0.026,0.592,0.118,0.119,0.184,0.263,0.636,0.364,1.0,0.0,0.846,0.154,96,8,86,49,15,59,61,29,81,49,48,1,43,25,75,0.048,0.04843791947920696,38,Philadelphia 76ers,76,19,57,0.25,632.555333,488,987,0.494,140,407,0.344,167,226,0.739,184,389,573,172,181.0,106,109,56,298,194,1283,-94.8,12,23,26,27,6,6,7,5,6,6,11,7,7,12,6,7,7,9,25,4,4,22,25,7,6,25,108.8,29.1,116.4,31.1,-7.5,-2.0,0.578,1.7,2.9,0.292,0.67,0.475,0.037,0.527,0.59,100.5,375.81,313.17,4956,0.456,7,26,21,28,14,21,19,29,29,16,17,3,23,22,231.2,189.2,210.4,646.8,224.4,218.0,212.6,676.0,6,6,6,6,24,25,25,25,0.588,0.412,0.542,0.042,0.327,0.144,0.13,0.166,0.5,0.557,0.443,0.886,0.114,0.652,0.348,12,19,14,11,18,19,14,15,12,22,9,19,12,21,10,0.239,0.568,0.241,0.04,0.33,16,28,11,9,29,565.0,1161.2,0.487,188.4,492.8,0.382,220.8,280.4,0.787,160.6,443.4,604.0,372.2,198.6,102.0,63.8,68.0,232.0,240.0,1539.2,25,25,28,25,25,28,25,25,20,25,25,25,25,6,25,25,6,25,6,25,0,2024-25
1642259,Alex Sarr,Alex,1610612764,WAS,20.0,67,13,54,0.194,27.1,4.9,12.4,0.394,1.6,5.1,0.308,1.7,2.5,0.679,1.9,4.6,6.5,2.4,1.7,0.7,1.5,0.6,2.2,1.8,13.0,-8.1,29.2,10,0,27.8,15,44,4,87,3,5,1,61,11,4,43,6,5,65,7,6,8,11,6,25,2,10,14,9,4,97,1,6,3,1,1,102.0,102.7,102.7,116.1,116.4,116.4,-14.1,-13.7,-13.7,0.139,1.41,13.7,0.06,0.158,0.108,9.7,9.7,0.457,0.482,0.23,0.234,104.83,104.3,86.91,104.3,0.084,3939,4.9,12.4,71,68,68,78,80,80,82,83,83,32,53,64,30,29,26,48,48,62,66,7,7,13,33,33,31,5,1,0.22,0.239,0.195,0.211,0.207,0.235,0.334,0.246,0.266,0.17,0.2,0.14,0.474,0.207,0.202,0.204,0.215,11,6,34,36,15,12,16,25,21,36,84,66,14,72,39,24,8,1.6,2.2,1.3,5.8,10.6,9.7,10.1,30.4,8,5,16,8,97,102,101,3,0.588,0.412,0.509,0.062,0.362,0.102,0.129,0.125,0.446,0.701,0.299,0.952,0.048,0.782,0.218,41,63,53,19,47,66,51,65,55,38,59,45,35,40,60,0.05,0.05040511408378043,35,Washington Wizards,82,18,64,0.22,1380.553,933,2388,0.391,384,1209,0.318,291,388,0.75,225,932,1157,780,441.4,186,175,118,600,361,2541,-400.4,1,24,29,28,1,1,1,23,1,1,16,1,1,10,4,1,1,1,30,1,1,30,30,1,1,30,102.9,39.1,116.6,44.2,-13.6,-5.1,0.643,1.63,8.1,0.261,0.686,0.47,0.056,0.509,0.497,103.4,272.45,227.04,7837,0.429,1,30,30,12,18,2,28,24,30,29,23,21,30,27,420.8,345.6,464.6,1284.8,557.6,475.0,500.8,1508.4,1,1,1,1,30,30,30,30,0.494,0.506,0.432,0.082,0.453,0.155,0.115,0.133,0.35,0.597,0.403,0.826,0.174,0.691,0.309,26,5,24,4,6,15,19,25,26,20,11,26,5,17,14,0.213,0.549,0.248,0.048,0.314,25,20,15,4,24,1267.2,2677.0,0.473,406.4,1123.8,0.362,523.4,663.8,0.788,372.6,1058.6,1431.2,816.6,375.4,258.2,146.2,152.0,483.8,559.0,3464.2,30,30,19,30,30,20,30,30,21,30,30,30,30,1,30,30,1,30,1,30,150,2024-25
1641817,Anton Watson,Anton,1610612752,NYK,24.0,9,5,4,0.556,2.5,0.4,1.0,0.444,0.0,0.1,0.0,0.0,0.0,0.0,0.1,0.2,0.3,0.2,0.2,0.1,0.0,0.1,0.3,0.0,0.9,-1.0,1.7,0,0,1.7,74,67,74,40,99,90,92,37,80,93,80,95,96,95,91,101,99,89,78,82,82,68,91,99,93,53,98,35,3,98,1,104.9,103.9,103.9,136.3,119.2,119.2,-31.4,-15.3,-15.3,0.125,1.0,15.4,0.05,0.118,0.081,15.4,15.4,0.444,0.444,0.193,0.206,103.94,111.52,92.93,111.52,0.033,51,0.4,1.0,58,60,60,101,89,89,99,86,86,41,71,51,40,52,53,94,94,66,76,20,19,20,6,6,84,90,92,0.2,0.225,0.0,0.067,0.0,0.0,0.333,0.182,0.214,0.154,0.2,0.333,0.0,1.0,0.25,0.0,0.151,21,13,80,85,95,96,17,51,35,41,85,10,82,104,62,99,54,0.0,0.2,0.0,0.7,1.6,0.9,0.4,3.8,86,71,85,80,14,14,9,90,0.889,0.111,1.0,0.25,0.0,0.0,0.0,0.0,0.75,0.75,0.25,0.0,0.0,0.75,0.25,12,92,1,3,80,85,95,86,15,26,67,78,43,49,49,0.003,0.002878147576557171,96,New York Knicks,51,34,17,0.667,135.205667,64,160,0.4,20,68,0.294,25,38,0.658,26,81,107,90,48.2,18,22,8,74,43,173,-18.2,22,10,9,5,23,24,25,22,25,25,20,23,22,25,24,23,24,17,10,25,15,6,10,21,25,18,103.2,27.5,109.8,29.1,-6.6,-1.6,0.651,1.46,7.1,0.254,0.713,0.494,0.045,0.532,0.489,100.7,379.33,316.11,1067,0.48,11,19,20,10,24,4,30,12,20,24,11,23,20,17,45.6,28.2,37.8,125.2,53.2,38.8,35.6,147.6,24,25,23,23,10,10,6,10,0.575,0.425,0.509,0.058,0.347,0.127,0.145,0.162,0.451,0.705,0.295,1.0,0.0,0.797,0.203,15,16,17,5,14,22,9,18,18,8,23,1,24,8,23,0.222,0.51,0.256,0.032,0.287,22,6,16,23,12,113.8,253.4,0.449,30.8,101.4,0.304,53.0,64.8,0.818,32.6,92.2,124.8,66.8,34.2,22.4,12.2,12.6,48.0,51.4,311.4,8,8,6,7,8,2,8,7,30,11,8,8,8,24,6,6,23,7,24,8,0,2024-25
1641810,Antonio Reeves,Antonio,1610612740,NOP,24.0,44,6,38,0.136,15.0,2.6,5.6,0.456,1.2,2.9,0.395,0.6,0.8,0.8,0.4,1.0,1.4,0.9,0.7,0.5,0.1,0.3,0.9,0.5,6.9,-3.4,11.0,0,0,11.5,32,65,16,93,41,32,33,32,16,26,11,41,47,28,64,63,65,52,41,43,70,33,61,58,32,79,43,35,3,42,1,106.1,107.3,107.3,118.2,117.5,117.5,-12.0,-10.2,-10.2,0.089,1.3,11.8,0.026,0.07,0.047,9.1,9.0,0.558,0.579,0.183,0.188,101.39,101.12,84.27,101.12,0.072,1386,2.6,5.6,52,47,47,84,84,84,76,69,69,57,58,73,74,91,92,41,41,25,30,28,29,55,68,68,50,32,33,0.204,0.204,0.309,0.275,0.13,0.117,0.111,0.107,0.108,0.105,0.14,0.179,0.065,0.184,0.163,0.087,0.205,19,23,11,17,52,67,78,90,91,66,49,52,74,60,16,83,12,1.0,1.0,1.3,2.5,6.5,4.3,5.7,15.8,38,25,17,37,71,62,71,36,0.48,0.52,0.407,0.052,0.502,0.184,0.091,0.138,0.354,0.726,0.274,0.863,0.137,0.788,0.212,70,34,71,27,25,27,75,58,69,35,62,59,21,39,61,0.023,0.022908813318824276,80,New Orleans Pelicans,82,21,61,0.256,759.387,574,1093,0.525,86,239,0.36,213,317,0.672,353,596,949,200,242.8,91,154,96,328,250,1447,-187.4,1,22,28,26,5,5,5,3,11,12,6,5,4,22,1,3,2,7,26,5,2,27,26,6,5,28,106.9,28.2,118.1,31.3,-11.2,-3.1,0.642,1.69,2.7,0.304,0.689,0.492,0.04,0.521,0.587,101.2,383.11,319.26,6061,0.446,9,27,25,13,15,25,15,23,23,18,19,5,17,25,246.4,241.4,251.8,814.0,317.0,255.6,284.0,816.4,5,5,5,5,27,27,27,27,0.781,0.219,0.674,0.033,0.178,0.107,0.147,0.128,0.641,0.701,0.299,0.919,0.081,0.733,0.267,2,29,3,17,29,25,7,27,2,9,22,15,16,15,16,0.238,0.572,0.236,0.035,0.311,17,29,8,14,23,697.8,1427.4,0.489,238.0,644.0,0.37,262.4,336.8,0.779,184.6,527.0,711.6,459.6,213.8,153.2,81.2,79.8,274.6,277.4,1896.0,27,26,29,27,27,25,26,26,18,27,27,27,27,5,27,26,4,26,5,27,0,2024-25
1630574,Ariel Hukporti,Ariel,1610612752,NYK,23.0,25,17,8,0.68,8.7,0.8,1.2,0.677,0.0,0.0,0.0,0.2,0.5,0.462,0.6,1.5,2.0,0.4,0.8,0.0,0.6,0.1,1.3,0.5,1.9,-2.5,6.1,0,0,5.7,49,35,57,18,62,66,91,5,80,97,80,78,61,92,45,47,46,71,34,88,15,73,48,56,71,71,68,35,3,67,1,98.6,97.6,97.6,111.0,110.1,110.1,-12.4,-12.4,-12.4,0.075,0.52,15.9,0.066,0.151,0.112,30.4,30.6,0.677,0.654,0.113,0.117,101.64,102.57,85.48,102.57,0.048,462,0.8,1.2,85,81,81,54,48,48,79,78,78,65,86,48,25,32,23,103,103,7,9,94,94,49,50,50,78,66,91,0.126,0.084,0.0,0.0,0.078,0.129,0.378,0.227,0.255,0.11,0.253,0.037,0.577,0.1,0.395,0.155,0.106,77,99,80,97,84,60,13,32,25,59,93,88,5,29,98,51,87,0.4,0.2,0.2,1.7,4.0,2.6,2.6,9.0,69,73,75,50,56,44,42,63,1.0,0.0,0.875,0.0,0.0,0.125,0.125,0.208,0.875,0.952,0.048,0.0,0.0,0.952,0.048,1,97,5,68,80,56,55,16,2,8,89,78,43,11,89,0.033,0.033375797805774356,63,New York Knicks,51,34,17,0.667,135.205667,64,160,0.4,20,68,0.294,25,38,0.658,26,81,107,90,48.2,18,22,8,74,43,173,-18.2,22,10,9,5,23,24,25,22,25,25,20,23,22,25,24,23,24,17,10,25,15,6,10,21,25,18,103.2,27.5,109.8,29.1,-6.6,-1.6,0.651,1.46,7.1,0.254,0.713,0.494,0.045,0.532,0.489,100.7,379.33,316.11,1067,0.48,11,19,20,10,24,4,30,12,20,24,11,23,20,17,45.6,28.2,37.8,125.2,53.2,38.8,35.6,147.6,24,25,23,23,10,10,6,10,0.575,0.425,0.509,0.058,0.347,0.127,0.145,0.162,0.451,0.705,0.295,1.0,0.0,0.797,0.203,15,16,17,5,14,22,9,18,18,8,23,1,24,8,23,0.222,0.51,0.256,0.032,0.287,22,6,16,23,12,113.8,253.4,0.449,30.8,101.4,0.304,53.0,64.8,0.818,32.6,92.2,124.8,66.8,34.2,22.4,12.2,12.6,48.0,51.4,311.4,8,8,6,7,8,2,8,7,30,11,8,8,8,24,6,6,23,7,24,8,0,2024-25
1642422,Armel Traore,Armel,1610612747,LAL,22.0,9,5,4,0.556,7.4,0.7,2.1,0.316,0.0,0.8,0.0,0.2,0.8,0.286,0.2,1.4,1.7,0.1,0.3,0.4,0.2,0.1,0.7,0.6,1.6,-5.4,5.4,0,0,4.7,74,67,74,40,69,72,67,85,80,72,80,79,48,94,81,48,57,94,67,48,38,68,73,53,81,88,73,35,3,74,1,86.2,81.9,81.9,122.9,119.3,119.3,-36.7,-37.3,-37.3,0.026,0.33,3.8,0.026,0.228,0.111,11.5,11.5,0.316,0.317,0.153,0.165,98.22,102.24,85.2,102.24,0.027,144,0.7,2.1,96,98,98,94,91,91,100,100,100,95,91,96,74,4,24,73,72,92,94,59,52,89,56,56,88,72,67,0.136,0.165,0.0,0.171,0.091,0.206,0.133,0.333,0.278,0.038,0.136,0.333,0.333,0.333,0.261,0.172,0.119,68,57,80,56,77,22,69,5,20,95,48,10,20,91,67,42,81,0.4,0.2,0.6,1.3,3.1,2.6,3.3,8.9,67,71,52,57,42,40,52,64,0.632,0.368,0.857,0.0,0.0,0.357,0.143,0.286,0.857,0.833,0.167,0.0,0.0,0.833,0.167,35,69,6,68,80,6,42,8,3,16,80,78,43,26,73,0.008,0.00757441361393932,93,Los Angeles Lakers,78,47,31,0.603,350.401,285,648,0.44,138,384,0.359,77,105,0.733,43,206,249,90,106.4,37,13,33,112,74,785,-42.2,9,3,15,9,12,11,12,16,7,8,7,13,13,16,19,14,15,17,19,16,22,19,14,18,11,23,109.3,24.0,114.7,25.3,-5.3,-1.4,0.636,1.71,2.3,0.288,0.682,0.489,0.032,0.538,0.565,98.6,448.29,373.57,3278,0.474,21,12,19,15,12,28,20,25,24,10,6,9,11,19,118.0,89.0,97.8,344.8,130.0,120.4,124.2,364.0,14,14,13,13,19,19,19,19,0.407,0.593,0.375,0.043,0.527,0.183,0.098,0.168,0.331,0.728,0.272,0.913,0.087,0.818,0.182,28,3,27,10,4,8,26,13,27,7,24,16,15,4,27,0.259,0.547,0.259,0.029,0.318,7,18,18,24,25,301.6,641.2,0.47,98.0,279.6,0.351,126.4,166.2,0.761,87.8,226.2,314.0,198.4,95.2,60.0,33.4,27.8,133.4,132.4,827.6,19,19,18,19,19,11,20,19,7,19,17,19,19,14,19,18,16,18,12,19,0,2024-25
1631248,Baylor Scheierman,Baylor,1610612738,BOS,24.0,31,27,4,0.871,12.4,1.3,3.5,0.355,0.8,2.6,0.317,0.3,0.4,0.75,0.6,1.5,2.1,1.1,0.4,0.5,0.1,0.1,0.7,0.6,3.6,0.9,9.2,0,0,8.9,45,21,74,8,51,59,49,71,29,31,39,72,73,47,41,46,44,40,64,36,74,71,69,49,56,22,51,35,3,51,1,111.6,109.9,109.9,106.0,105.8,105.8,5.6,4.1,4.1,0.12,2.75,20.5,0.048,0.117,0.083,7.5,7.5,0.473,0.49,0.143,0.148,94.42,95.28,79.4,95.28,0.074,761,1.3,3.5,26,31,31,30,32,32,17,26,26,43,13,26,44,57,52,26,26,57,62,68,72,99,102,102,46,59,49,0.124,0.157,0.206,0.211,0.113,0.122,0.171,0.181,0.178,0.165,0.102,0.21,0.049,0.13,0.179,0.159,0.135,78,64,31,35,63,62,58,53,55,39,26,41,77,39,25,47,73,0.7,0.5,0.4,0.6,3.7,2.4,2.8,10.8,52,50,64,81,50,39,45,56,0.255,0.745,0.23,0.053,0.69,0.115,0.08,0.195,0.177,0.615,0.385,0.885,0.115,0.795,0.205,94,10,91,26,7,62,82,25,89,52,45,56,24,36,64,0.059,0.05948494275757048,23,Boston Celtics,31,27,4,0.871,83.761,41,119,0.345,28,89,0.315,10,14,0.714,21,53,74,33,25.4,19,3,4,22,19,120,3.0,28,20,2,1,26,26,26,28,21,21,17,27,27,19,26,26,26,26,5,24,28,4,4,25,26,8,109.4,22.3,106.0,21.9,3.5,0.4,0.629,1.67,3.4,0.343,0.699,0.521,0.032,0.528,0.479,94.2,458.73,382.28,800,0.523,27,1,8,17,16,17,4,19,7,7,15,26,10,3,30.2,27.0,19.6,68.4,24.6,17.0,18.8,74.0,26,26,26,26,4,5,5,5,0.252,0.748,0.217,0.05,0.7,0.133,0.083,0.183,0.167,0.615,0.385,0.893,0.107,0.805,0.195,30,1,30,7,1,21,27,9,30,15,16,18,13,6,25,0.14,0.518,0.179,0.032,0.301,30,7,1,19,19,65.2,149.0,0.438,24.0,66.6,0.36,21.2,26.6,0.797,21.0,50.4,71.4,42.6,26.0,12.0,5.4,8.4,24.4,26.4,175.6,5,5,5,5,5,19,4,4,24,5,5,5,5,26,5,5,26,5,27,5,0,2024-25
1641752,Bobi Klintman,Bobi,1610612765,DET,22.0,8,4,4,0.5,5.3,0.8,1.3,0.6,0.3,0.6,0.4,0.1,0.3,0.5,0.1,0.8,0.9,0.9,0.1,0.3,0.1,0.0,1.0,0.3,1.9,0.0,5.2,0,0,4.6,78,70,74,47,81,68,90,11,65,77,9,90,87,80,90,75,84,53,93,66,59,83,55,81,72,34,74,35,3,75,1,120.4,121.4,121.4,122.0,117.2,117.2,-1.6,4.2,4.2,0.212,7.0,36.8,0.024,0.182,0.095,5.3,5.3,0.7,0.689,0.121,0.123,95.34,96.83,80.7,96.83,0.095,84,0.8,1.3,6,2,2,92,83,83,44,25,25,14,1,6,80,16,41,15,15,6,6,88,90,97,100,100,19,68,90,0.154,0.128,0.154,0.135,0.091,0.154,0.083,0.24,0.189,0.269,0.077,0.333,0.5,0.0,0.471,0.118,0.147,52,87,48,69,77,39,86,28,50,15,15,10,8,1,102,72,58,0.4,0.0,0.0,0.8,2.4,0.8,1.0,4.5,72,85,85,78,27,10,13,86,0.5,0.5,0.533,0.133,0.4,0.0,0.067,0.2,0.4,0.75,0.25,1.0,0.0,0.833,0.167,64,37,48,7,43,85,85,21,62,26,67,1,43,26,73,0.008,0.008239164738966727,93,Detroit Pistons,81,44,37,0.543,270.760333,212,445,0.476,39,163,0.239,95,129,0.736,45,190,235,92,83.6,51,18,25,154,120,558,-11.4,5,4,17,14,17,14,17,9,19,17,28,10,11,13,18,16,17,16,15,13,17,15,17,9,14,15,109.5,23.0,110.7,23.2,-1.2,-0.2,0.632,1.71,2.8,0.311,0.698,0.502,0.031,0.532,0.556,101.2,482.73,402.27,2709,0.49,24,7,11,16,13,23,11,20,13,6,10,11,6,15,108.8,87.8,94.2,268.0,106.4,84.8,79.8,258.8,16,15,15,18,16,16,14,14,0.634,0.366,0.62,0.029,0.21,0.281,0.17,0.26,0.591,0.595,0.405,0.974,0.026,0.665,0.335,8,23,7,20,26,2,5,3,5,21,10,8,23,19,12,0.242,0.536,0.3,0.032,0.302,15,12,24,22,20,222.8,483.4,0.461,72.4,202.4,0.358,116.0,145.0,0.8,62.0,179.0,241.0,135.6,87.6,44.8,25.4,26.4,107.4,123.4,634.0,13,13,12,15,14,15,17,16,26,14,14,13,13,16,14,13,17,14,15,14,0,2024-25
1642382,Branden Carlson,Branden,1610612760,OKC,26.0,32,29,3,0.906,7.7,1.3,3.0,0.443,0.7,2.1,0.333,0.4,0.6,0.778,0.5,1.2,1.7,0.4,0.2,0.2,0.7,0.1,0.7,0.4,3.8,1.3,8.7,1,0,8.3,43,16,84,7,66,55,57,38,35,39,33,55,58,37,50,60,55,72,81,75,14,66,71,67,54,16,58,17,3,55,1,116.3,115.1,115.1,107.1,105.8,105.8,9.1,9.4,9.4,0.077,2.0,11.1,0.064,0.131,0.099,5.6,5.6,0.557,0.581,0.185,0.192,102.66,103.83,86.52,103.83,0.101,529,1.3,3.0,11,11,11,34,33,33,12,14,14,64,29,74,26,44,32,17,17,28,28,26,24,37,36,36,15,55,57,0.192,0.202,0.25,0.26,0.192,0.209,0.293,0.203,0.225,0.105,0.109,0.128,0.724,0.182,0.232,0.181,0.2,25,24,15,19,21,20,26,42,33,64,33,73,2,58,53,33,15,0.5,0.8,0.1,1.3,2.2,2.9,2.3,7.3,65,33,80,62,24,48,37,72,0.32,0.68,0.344,0.016,0.541,0.033,0.115,0.123,0.328,0.524,0.476,1.0,0.0,0.767,0.233,90,14,77,57,20,83,64,67,70,67,30,1,43,45,55,0.039,0.03881491495278586,55,Oklahoma City Thunder,69,58,11,0.841,308.608667,198,447,0.443,71,211,0.336,64,87,0.736,76,197,273,142,80.0,51,29,28,160,92,531,41.2,16,1,4,2,15,17,15,14,15,15,12,14,16,14,13,15,14,11,14,13,12,16,18,13,16,2,109.2,30.1,102.6,28.5,6.6,1.6,0.62,2.02,5.0,0.271,0.706,0.487,0.034,0.523,0.547,101.3,366.44,305.37,2362,0.528,6,17,1,21,4,9,26,15,25,13,18,14,25,1,127.4,84.6,94.6,292.0,78.6,92.8,75.2,270.8,12,16,14,15,13,17,13,15,0.528,0.472,0.478,0.034,0.401,0.111,0.121,0.156,0.444,0.496,0.504,0.972,0.028,0.667,0.333,20,11,19,15,12,23,18,19,20,26,5,9,22,18,13,0.208,0.501,0.302,0.045,0.294,26,3,25,5,15,233.6,546.6,0.427,80.8,264.6,0.305,121.4,165.0,0.736,72.4,231.0,303.4,151.4,105.4,43.6,32.2,28.8,107.8,129.4,669.4,15,16,2,17,18,4,18,18,2,18,19,18,16,13,13,17,15,15,14,16,0,2024-25
1642355,Bronny James,Bronny,1610612747,LAL,20.0,27,17,10,0.63,6.7,0.8,2.5,0.313,0.3,1.2,0.281,0.4,0.5,0.786,0.1,0.5,0.7,0.8,0.5,0.3,0.1,0.2,0.5,0.4,2.3,-2.6,5.2,0,0,5.0,48,35,51,29,75,67,64,87,58,56,58,56,62,35,89,84,86,56,53,58,60,59,85,73,67,72,75,35,3,71,1,98.2,95.5,95.5,116.4,114.1,114.1,-18.2,-18.6,-18.6,0.191,1.69,20.4,0.021,0.076,0.048,12.0,12.0,0.381,0.424,0.199,0.21,97.08,99.45,82.87,99.45,0.05,375,0.8,2.5,86,85,85,80,71,71,90,92,92,19,42,28,86,85,88,77,77,82,81,15,16,93,83,83,77,67,64,0.154,0.21,0.209,0.244,0.256,0.25,0.087,0.119,0.11,0.253,0.194,0.31,0.214,0.227,0.188,0.208,0.173,51,21,29,23,9,10,84,84,90,17,81,15,34,79,30,22,32,0.1,0.1,0.2,0.7,2.8,2.6,2.9,7.4,81,81,76,79,33,42,46,71,0.522,0.478,0.387,0.065,0.435,0.081,0.178,0.065,0.323,0.5,0.5,0.778,0.222,0.619,0.381,58,46,74,18,34,73,23,84,73,68,25,68,11,70,29,0.017,0.016868566003856132,85,Los Angeles Lakers,78,47,31,0.603,350.401,285,648,0.44,138,384,0.359,77,105,0.733,43,206,249,90,106.4,37,13,33,112,74,785,-42.2,9,3,15,9,12,11,12,16,7,8,7,13,13,16,19,14,15,17,19,16,22,19,14,18,11,23,109.3,24.0,114.7,25.3,-5.3,-1.4,0.636,1.71,2.3,0.288,0.682,0.489,0.032,0.538,0.565,98.6,448.29,373.57,3278,0.474,21,12,19,15,12,28,20,25,24,10,6,9,11,19,118.0,89.0,97.8,344.8,130.0,120.4,124.2,364.0,14,14,13,13,19,19,19,19,0.407,0.593,0.375,0.043,0.527,0.183,0.098,0.168,0.331,0.728,0.272,0.913,0.087,0.818,0.182,28,3,27,10,4,8,26,13,27,7,24,16,15,4,27,0.259,0.547,0.259,0.029,0.318,7,18,18,24,25,301.6,641.2,0.47,98.0,279.6,0.351,126.4,166.2,0.761,87.8,226.2,314.0,198.4,95.2,60.0,33.4,27.8,133.4,132.4,827.6,19,19,18,19,19,11,20,19,7,19,17,19,19,14,19,18,16,18,12,19,0,2024-25
1642267,Bub Carrington,Bub,1610612764,WAS,19.0,82,18,64,0.22,30.0,3.7,9.1,0.401,1.7,5.0,0.339,0.8,1.0,0.812,0.4,3.8,4.2,4.4,1.7,0.7,0.3,0.3,2.3,1.4,9.8,-9.7,22.5,5,0,22.0,1,32,1,83,1,12,6,58,6,5,28,28,33,26,65,10,17,2,5,24,30,39,10,22,10,101,9,9,3,8,1,102.5,102.8,102.8,117.4,118.0,118.0,-14.9,-15.2,-15.2,0.213,2.58,28.3,0.012,0.117,0.064,11.0,10.9,0.493,0.514,0.154,0.159,103.44,103.06,85.88,103.06,0.071,5279,3.7,9.1,69,67,67,82,85,85,85,85,85,13,17,12,92,55,72,64,64,48,48,58,60,26,41,41,54,12,6,0.149,0.163,0.203,0.2,0.094,0.09,0.064,0.181,0.154,0.282,0.174,0.146,0.079,0.09,0.189,0.131,0.149,59,58,32,43,75,82,91,54,68,12,70,62,68,28,31,65,55,1.3,0.6,1.5,2.3,12.3,9.9,11.2,33.2,20,47,14,41,104,104,104,1,0.456,0.544,0.401,0.169,0.513,0.157,0.086,0.13,0.233,0.481,0.519,0.667,0.333,0.567,0.433,75,29,72,4,23,39,80,62,85,73,24,71,6,79,21,0.041,0.04133258580766219,52,Washington Wizards,82,18,64,0.22,1380.553,933,2388,0.391,384,1209,0.318,291,388,0.75,225,932,1157,780,441.4,186,175,118,600,361,2541,-400.4,1,24,29,28,1,1,1,23,1,1,16,1,1,10,4,1,1,1,30,1,1,30,30,1,1,30,102.9,39.1,116.6,44.2,-13.6,-5.1,0.643,1.63,8.1,0.261,0.686,0.47,0.056,0.509,0.497,103.4,272.45,227.04,7837,0.429,1,30,30,12,18,2,28,24,30,29,23,21,30,27,420.8,345.6,464.6,1284.8,557.6,475.0,500.8,1508.4,1,1,1,1,30,30,30,30,0.494,0.506,0.432,0.082,0.453,0.155,0.115,0.133,0.35,0.597,0.403,0.826,0.174,0.691,0.309,26,5,24,4,6,15,19,25,26,20,11,26,5,17,14,0.213,0.549,0.248,0.048,0.314,25,20,15,4,24,1267.2,2677.0,0.473,406.4,1123.8,0.362,523.4,663.8,0.788,372.6,1058.6,1431.2,816.6,375.4,258.2,146.2,152.0,483.8,559.0,3464.2,30,30,19,30,30,20,30,30,21,30,30,30,30,1,30,30,1,30,1,30,53,2024-25
1642353,Cam Christie,Cam,1610612746,LAC,19.0,13,10,3,0.769,4.5,0.5,1.8,0.292,0.2,1.0,0.154,0.2,0.3,0.5,0.2,0.7,0.9,0.5,0.2,0.4,0.1,0.1,0.3,0.2,1.4,-0.8,4.4,0,0,3.8,67,54,84,16,88,85,72,90,72,63,76,86,80,80,79,78,82,68,91,53,72,74,94,82,86,48,78,35,3,79,1,104.7,97.6,97.6,108.8,105.6,105.6,-4.0,-7.9,-7.9,0.167,3.0,17.6,0.051,0.141,0.098,5.9,5.9,0.333,0.349,0.192,0.203,98.1,103.12,85.94,103.12,0.07,126,0.5,1.8,61,81,81,39,31,31,54,61,61,25,8,39,37,39,35,18,18,89,91,21,20,91,40,40,58,85,72,0.163,0.238,0.143,0.333,0.087,0.154,0.158,0.214,0.197,0.25,0.083,0.385,0.143,0.125,0.129,0.143,0.146,46,10,53,4,80,39,63,40,47,18,20,6,46,37,8,59,60,0.8,0.4,0.5,0.8,2.0,2.2,1.9,5.2,49,59,53,77,21,38,30,82,0.458,0.542,0.556,0.0,0.333,0.389,0.111,0.556,0.556,0.6,0.4,1.0,0.0,0.714,0.286,73,31,43,68,53,5,68,2,39,55,39,1,43,58,42,0.023,0.023317105857676917,80,LA Clippers,13,10,3,0.769,17.032667,11,35,0.314,2,15,0.133,5,7,0.714,4,12,16,6,7.8,5,1,1,8,5,29,-3.2,30,30,1,4,30,30,30,30,30,29,30,30,30,19,30,30,30,30,2,29,30,1,1,30,30,12,101.4,28.1,107.8,30.6,-6.4,-2.5,0.525,0.82,3.9,0.313,0.663,0.5,0.062,0.497,0.381,99.7,355.08,295.9,126,0.453,10,24,24,30,30,12,10,30,14,30,26,30,27,23,5.0,5.6,5.0,16.0,8.0,7.8,6.4,21.2,30,30,29,30,2,2,1,1,0.571,0.429,0.621,0.0,0.207,0.345,0.172,0.345,0.621,0.556,0.444,1.0,0.0,0.636,0.364,16,15,6,30,27,1,4,1,4,23,8,1,24,22,9,0.28,0.51,0.37,0.041,0.337,3,5,30,8,30,14.4,30.8,0.468,2.6,12.2,0.213,7.2,11.4,0.632,5.2,11.2,16.4,9.6,5.2,2.2,2.0,2.0,6.4,9.2,38.6,1,1,16,1,1,1,1,2,1,1,1,1,1,29,1,1,30,1,29,1,0,2024-25
1642285,Cam Spencer,Cam,1610612763,MEM,25.0,25,14,11,0.56,10.1,1.4,3.3,0.415,0.8,2.1,0.365,0.8,0.8,1.0,0.5,0.7,1.2,1.4,0.2,0.4,0.0,0.0,0.9,0.6,4.2,1.6,8.7,0,0,8.4,49,40,47,39,59,53,53,52,32,38,17,33,50,1,58,77,73,27,75,56,80,82,60,52,50,11,60,35,3,54,1,116.5,116.4,116.4,111.4,109.6,109.6,5.1,6.8,6.8,0.182,5.67,26.2,0.043,0.07,0.056,4.6,4.6,0.53,0.587,0.148,0.154,102.19,103.04,85.87,103.04,0.087,543,1.4,3.3,10,9,9,56,44,44,19,16,16,20,3,15,50,90,81,12,12,37,26,64,64,44,42,42,28,53,53,0.154,0.168,0.226,0.218,0.179,0.153,0.145,0.107,0.12,0.217,0.071,0.196,0.034,0.033,0.209,0.146,0.168,52,54,23,31,25,44,66,90,83,25,12,48,80,23,43,57,38,0.8,0.6,0.9,1.0,3.8,3.7,3.3,11.9,50,39,30,69,52,56,51,52,0.366,0.634,0.283,0.057,0.538,0.217,0.179,0.179,0.226,0.867,0.133,0.947,0.053,0.912,0.088,85,19,88,24,21,18,21,30,86,10,87,47,33,15,85,0.038,0.037584087147341766,58,Memphis Grizzlies,82,48,34,0.585,761.351667,583,1222,0.477,182,519,0.351,227,290,0.783,331,527,858,253,255.0,91,94,65,359,288,1575,83.6,1,2,16,11,4,4,4,7,3,4,10,4,5,6,2,4,3,6,27,5,5,25,27,3,3,1,115.1,32.3,110.6,30.8,4.5,1.5,0.624,1.75,3.4,0.353,0.721,0.538,0.043,0.553,0.584,105.5,377.33,314.44,5978,0.524,4,25,3,18,11,16,3,8,2,21,2,6,21,2,286.8,288.4,253.0,890.8,313.0,223.4,266.8,762.8,3,3,4,4,26,26,26,26,0.575,0.425,0.509,0.044,0.347,0.103,0.144,0.133,0.465,0.651,0.349,0.901,0.099,0.729,0.271,14,17,16,9,15,26,10,24,16,12,19,17,14,16,15,0.231,0.539,0.242,0.038,0.279,20,16,12,11,8,671.6,1457.6,0.461,228.4,623.0,0.367,274.4,353.4,0.776,172.2,485.4,657.6,438.8,228.0,143.0,86.4,87.4,315.4,319.0,1846.0,26,27,11,26,26,23,27,27,16,26,26,26,26,4,26,27,2,27,4,26,0,2024-25
1642262,Cody Williams,Cody,1610612762,UTA,20.0,50,9,41,0.18,21.2,1.7,5.1,0.323,0.7,2.7,0.259,0.6,0.8,0.725,0.5,1.7,2.3,1.2,0.9,0.5,0.3,0.3,1.9,0.6,4.6,-6.8,10.5,0,0,10.3,28,57,13,90,23,48,36,82,33,30,61,44,45,56,48,43,40,34,31,44,25,28,24,48,45,91,46,35,3,45,1,103.0,103.0,103.0,117.5,118.5,118.5,-14.6,-15.5,-15.5,0.078,1.34,15.6,0.024,0.075,0.049,11.6,11.7,0.391,0.419,0.122,0.126,103.64,103.19,85.99,103.19,0.021,2284,1.7,5.1,67,65,65,83,86,86,84,88,88,63,56,49,81,86,87,75,75,81,82,85,87,25,39,39,92,48,36,0.098,0.133,0.124,0.158,0.076,0.08,0.113,0.114,0.113,0.111,0.118,0.161,0.162,0.118,0.226,0.076,0.098,91,81,60,60,87,86,77,89,88,58,40,58,44,36,51,88,91,0.5,0.2,0.5,1.7,9.6,7.1,8.8,23.5,58,70,55,49,89,90,92,19,0.475,0.525,0.417,0.043,0.457,0.113,0.126,0.117,0.374,0.563,0.438,1.0,0.0,0.747,0.253,71,33,68,35,31,64,53,70,67,62,35,1,43,53,47,0.027,0.026524198755930185,72,Utah Jazz,81,16,65,0.198,911.651667,588,1365,0.431,161,549,0.293,230,343,0.671,180,629,809,653,317.4,147,55,112,433,303,1567,-215.4,5,26,30,29,3,3,3,17,4,3,21,3,3,23,7,2,4,2,28,3,10,28,28,2,4,29,106.2,33.7,117.9,37.2,-11.7,-3.5,0.639,1.52,8.6,0.294,0.704,0.498,0.051,0.529,0.517,103.1,325.33,271.11,6180,0.439,3,28,27,14,22,1,17,16,16,26,14,20,28,26,257.4,260.0,273.2,907.6,404.0,290.2,350.2,1012.0,4,4,3,3,29,28,29,28,0.598,0.402,0.545,0.029,0.308,0.17,0.147,0.131,0.516,0.475,0.525,0.857,0.143,0.58,0.42,10,21,13,19,20,12,8,26,11,27,4,23,8,29,2,0.254,0.564,0.248,0.037,0.296,8,27,14,12,16,845.2,1747.6,0.484,279.8,780.6,0.358,330.4,432.8,0.763,217.0,629.2,846.2,565.8,230.4,178.8,121.6,76.4,358.6,366.2,2300.6,28,28,27,29,29,17,28,28,10,28,28,28,29,3,28,29,5,28,3,28,0,2024-25
1642385,Cui Cui,Cui,1610612751,BKN,22.0,5,2,3,0.4,2.1,0.2,1.4,0.143,0.0,0.6,0.0,0.2,0.4,0.5,0.0,0.4,0.4,0.0,0.0,0.0,0.0,0.2,0.0,0.2,0.6,0.4,1.1,0,0,1.0,91,86,84,65,101,97,86,97,80,78,80,81,71,80,95,93,98,97,96,89,82,55,98,84,98,27,101,35,3,101,1,84.8,80.8,80.8,86.1,76.0,76.0,-1.2,4.8,4.8,0.0,0.0,0.0,0.0,0.2,0.095,0.0,0.0,0.143,0.19,0.296,0.318,108.95,118.62,98.85,118.62,-0.056,26,0.2,1.4,99,99,99,3,3,3,43,21,21,97,93,97,95,10,39,1,1,97,98,1,1,2,2,2,101,97,86,0.143,0.389,0.0,0.3,0.333,0.5,0.0,0.286,0.286,0.0,0.0,0.0,0.0,0.5,0.0,0.5,0.143,63,1,80,12,2,1,95,11,17,97,1,89,82,98,1,1,64,0.0,0.0,0.6,0.4,1.2,0.4,0.4,2.0,86,85,46,88,11,5,8,100,0.571,0.429,0.667,0.0,0.0,1.0,0.333,0.0,0.667,1.0,0.0,0.0,0.0,1.0,0.0,46,58,26,68,80,1,3,86,24,1,90,78,43,1,90,0.033,0.03318205385948807,63,Brooklyn Nets,42,15,27,0.357,177.039667,98,269,0.364,30,123,0.244,35,49,0.714,32,82,114,94,56.8,39,4,13,74,59,261,-50.0,25,27,13,25,19,22,20,27,20,20,27,20,20,19,23,22,22,15,12,15,27,7,10,19,22,24,99.0,26.6,113.0,30.2,-14.0,-3.7,0.704,1.61,5.6,0.273,0.727,0.477,0.041,0.483,0.449,100.7,375.92,313.26,1388,0.409,16,23,28,2,21,7,25,6,28,20,29,27,22,30,62.6,45.6,61.6,157.2,67.8,41.4,56.8,191.2,21,21,19,19,12,11,12,12,0.543,0.457,0.521,0.023,0.345,0.169,0.134,0.165,0.498,0.618,0.382,1.0,0.0,0.735,0.265,17,14,15,24,16,13,13,17,14,14,17,1,24,14,17,0.247,0.575,0.329,0.043,0.273,12,30,28,6,6,148.6,299.0,0.497,46.4,131.6,0.353,75.2,98.4,0.764,32.0,136.6,168.6,100.4,60.2,30.8,20.2,11.4,68.2,80.4,418.8,12,12,30,12,12,12,12,12,11,10,12,12,12,19,11,12,24,12,19,12,0,2024-25
1631342,Daeqwon Plowden,Daeqwon,1610612737,ATL,26.0,6,3,3,0.5,11.9,2.7,4.2,0.64,1.5,2.8,0.529,0.3,0.3,1.0,0.7,1.2,1.8,0.3,0.7,0.0,0.0,0.0,1.7,0.2,7.2,4.8,9.2,0,0,10.8,84,78,84,47,52,30,45,8,12,27,1,63,76,1,35,58,51,79,42,89,82,83,34,87,28,3,52,35,3,44,1,105.9,104.0,104.0,88.3,84.2,84.2,17.6,19.8,19.8,0.047,0.5,6.3,0.057,0.093,0.076,12.5,12.5,0.82,0.831,0.181,0.185,98.4,101.64,84.7,101.64,0.122,151,2.7,4.2,54,59,59,6,4,4,6,4,4,91,87,91,34,72,58,83,85,2,2,31,33,87,63,63,6,30,45,0.271,0.2,0.429,0.288,0.111,0.071,0.308,0.125,0.159,0.048,0.167,0.0,0.0,0.0,0.385,0.05,0.274,3,25,2,14,65,87,23,76,65,93,67,89,82,1,95,95,1,0.8,1.8,0.7,2.3,3.8,2.7,3.7,10.3,45,9,39,40,53,45,57,57,0.32,0.68,0.326,0.0,0.628,0.093,0.046,0.116,0.326,0.857,0.143,1.0,0.0,0.938,0.063,89,15,80,68,12,68,91,71,71,12,84,1,43,12,88,0.13,0.129696560358834,1,Atlanta Hawks,78,39,39,0.5,483.220667,438,966,0.453,158,443,0.357,119,162,0.735,97,232,329,175,163.0,80,46,56,198,119,1153,-22.2,9,6,19,16,9,7,8,12,5,5,8,9,9,15,11,11,11,8,23,8,11,22,22,10,8,19,110.5,24.5,112.2,24.9,-1.7,-0.4,0.688,1.86,3.1,0.292,0.719,0.502,0.034,0.551,0.556,104.5,471.93,393.28,4746,0.491,20,10,13,5,8,20,18,9,12,14,3,12,9,13,185.4,145.4,183.8,563.2,197.8,135.4,171.4,507.6,7,8,7,7,23,21,23,24,0.541,0.459,0.486,0.035,0.411,0.223,0.103,0.19,0.451,0.675,0.325,0.949,0.051,0.774,0.226,18,13,18,14,10,3,22,6,17,11,20,13,18,11,20,0.208,0.557,0.234,0.034,0.281,27,23,7,16,9,435.0,907.6,0.479,141.4,375.2,0.377,171.6,212.6,0.807,108.6,333.4,442.0,286.6,161.8,94.8,50.4,49.8,163.4,188.6,1183.0,23,22,24,23,22,27,23,22,29,20,22,22,23,7,23,23,8,21,7,23,0,2024-25
1642261,Dalton Knecht,Dalton,1610612747,LAL,24.0,78,47,31,0.603,19.2,3.3,7.1,0.461,1.6,4.4,0.376,0.8,1.1,0.762,0.5,2.3,2.8,0.8,0.5,0.3,0.1,0.3,1.2,0.7,9.1,-0.9,14.4,0,0,15.1,6,1,27,35,29,16,20,29,8,9,14,29,29,43,59,32,35,55,54,61,66,26,51,45,15,51,32,35,3,27,1,112.0,112.2,112.2,113.8,114.9,114.9,-1.9,-2.8,-2.8,0.067,1.78,9.5,0.026,0.116,0.073,5.3,5.3,0.576,0.594,0.181,0.187,98.84,98.26,81.89,98.26,0.087,3063,3.3,7.1,23,20,20,67,72,72,46,49,49,72,39,85,73,58,64,16,16,20,21,30,30,86,95,95,25,16,20,0.206,0.212,0.326,0.313,0.117,0.119,0.121,0.185,0.17,0.083,0.084,0.115,0.068,0.19,0.164,0.099,0.205,17,20,10,9,57,66,76,50,61,77,21,77,73,62,17,79,11,1.6,1.0,1.7,2.9,6.9,6.5,6.5,19.5,11,26,10,33,72,83,78,28,0.39,0.61,0.365,0.042,0.544,0.19,0.091,0.171,0.323,0.744,0.256,0.922,0.078,0.833,0.167,83,21,75,36,19,23,78,35,72,32,65,53,27,28,72,0.043,0.042820738534747965,46,Los Angeles Lakers,78,47,31,0.603,350.401,285,648,0.44,138,384,0.359,77,105,0.733,43,206,249,90,106.4,37,13,33,112,74,785,-42.2,9,3,15,9,12,11,12,16,7,8,7,13,13,16,19,14,15,17,19,16,22,19,14,18,11,23,109.3,24.0,114.7,25.3,-5.3,-1.4,0.636,1.71,2.3,0.288,0.682,0.489,0.032,0.538,0.565,98.6,448.29,373.57,3278,0.474,21,12,19,15,12,28,20,25,24,10,6,9,11,19,118.0,89.0,97.8,344.8,130.0,120.4,124.2,364.0,14,14,13,13,19,19,19,19,0.407,0.593,0.375,0.043,0.527,0.183,0.098,0.168,0.331,0.728,0.272,0.913,0.087,0.818,0.182,28,3,27,10,4,8,26,13,27,7,24,16,15,4,27,0.259,0.547,0.259,0.029,0.318,7,18,18,24,25,301.6,641.2,0.47,98.0,279.6,0.351,126.4,166.2,0.761,87.8,226.2,314.0,198.4,95.2,60.0,33.4,27.8,133.4,132.4,827.6,19,19,18,19,19,11,20,19,7,19,17,19,19,14,19,18,16,18,12,19,17,2024-25
1641878,Damion Baugh,Damion,1610612766,CHA,24.0,15,1,14,0.067,24.7,2.8,8.7,0.323,0.8,3.7,0.214,0.9,1.0,0.867,0.9,2.4,3.3,3.7,2.1,1.0,0.1,0.6,1.5,1.2,7.3,-11.3,18.2,0,0,17.4,63,92,42,98,12,24,8,81,31,14,69,27,34,18,27,26,28,5,3,2,55,9,44,26,25,104,20,35,3,19,1,99.4,99.5,99.5,123.1,121.8,121.8,-23.7,-22.3,-22.3,0.235,1.81,25.0,0.033,0.098,0.064,13.8,13.9,0.369,0.399,0.186,0.191,98.99,99.5,82.92,99.5,0.051,769,2.8,8.7,81,76,76,95,96,96,95,96,96,9,38,16,66,68,73,88,89,83,85,23,26,79,82,82,75,24,8,0.15,0.192,0.143,0.207,0.107,0.095,0.13,0.157,0.148,0.316,0.237,0.278,0.071,0.209,0.167,0.145,0.142,57,30,53,39,67,76,72,67,73,10,91,19,72,73,18,58,66,0.7,0.3,1.3,3.9,12.3,8.0,10.0,23.7,55,68,19,22,103,94,100,18,0.569,0.431,0.55,0.018,0.33,0.174,0.12,0.092,0.532,0.433,0.567,1.0,0.0,0.595,0.405,47,57,45,55,54,35,59,80,42,78,19,1,43,73,27,0.007,0.007156729053143,95,Charlotte Hornets,71,13,58,0.183,513.746667,272,804,0.338,109,406,0.268,133,174,0.764,126,319,445,254,179.4,81,23,57,172,185,786,-163.0,15,28,27,30,7,12,9,29,8,7,25,8,8,9,10,9,10,5,24,7,14,24,20,8,10,27,98.8,26.1,115.2,29.9,-16.4,-3.8,0.62,1.33,5.1,0.316,0.696,0.497,0.044,0.481,0.446,99.4,379.98,316.65,4052,0.415,18,21,29,20,28,8,8,22,17,23,30,28,19,29,161.4,166.2,115.0,460.0,231.6,148.4,178.0,500.4,9,7,12,9,25,23,24,23,0.495,0.505,0.415,0.036,0.416,0.135,0.169,0.135,0.379,0.466,0.534,0.826,0.174,0.61,0.39,25,6,25,13,9,20,6,23,24,28,3,25,6,26,5,0.236,0.559,0.227,0.035,0.304,18,25,5,13,22,445.4,939.6,0.474,160.2,439.8,0.364,168.2,213.2,0.789,120.0,362.0,482.0,292.8,144.8,99.0,56.0,40.8,192.4,187.6,1219.2,24,24,20,24,24,22,22,23,22,23,24,24,24,8,24,24,11,24,8,24,0,2024-25
1642450,Daniss Jenkins,Daniss,1610612765,DET,23.0,7,3,4,0.429,3.2,0.4,1.4,0.3,0.1,1.0,0.143,0.0,0.3,0.0,0.0,0.3,0.3,0.4,0.1,0.0,0.0,0.0,0.3,0.3,1.0,-1.3,1.8,0,0,1.9,81,78,74,61,97,91,84,88,73,63,77,95,84,95,95,98,101,73,92,89,82,83,95,79,90,60,95,35,3,97,1,102.9,102.3,102.3,130.5,108.2,108.2,-27.6,-5.8,-5.8,0.2,3.0,20.0,0.0,0.182,0.054,6.7,6.7,0.35,0.322,0.231,0.234,87.95,97.06,80.89,97.06,0.0,43,0.4,1.4,68,69,69,98,37,37,97,56,56,17,8,30,95,16,82,22,22,87,93,4,6,103,98,98,96,91,84,0.167,0.238,0.143,0.304,0.0,0.5,0.0,0.25,0.125,0.231,0.143,0.0,0.0,0.0,0.2,0.333,0.159,38,8,53,10,95,1,95,21,81,21,52,89,82,1,36,6,46,0.0,0.0,0.0,0.6,1.6,0.0,0.6,2.3,86,85,85,82,15,1,10,97,0.3,0.7,0.571,0.0,0.429,0.0,0.0,0.0,0.571,0.0,1.0,0.0,1.0,0.0,1.0,91,12,42,68,37,85,95,86,38,92,1,78,1,96,1,0.014,0.014004693582398035,89,Detroit Pistons,81,44,37,0.543,270.760333,212,445,0.476,39,163,0.239,95,129,0.736,45,190,235,92,83.6,51,18,25,154,120,558,-11.4,5,4,17,14,17,14,17,9,19,17,28,10,11,13,18,16,17,16,15,13,17,15,17,9,14,15,109.5,23.0,110.7,23.2,-1.2,-0.2,0.632,1.71,2.8,0.311,0.698,0.502,0.031,0.532,0.556,101.2,482.73,402.27,2709,0.49,24,7,11,16,13,23,11,20,13,6,10,11,6,15,108.8,87.8,94.2,268.0,106.4,84.8,79.8,258.8,16,15,15,18,16,16,14,14,0.634,0.366,0.62,0.029,0.21,0.281,0.17,0.26,0.591,0.595,0.405,0.974,0.026,0.665,0.335,8,23,7,20,26,2,5,3,5,21,10,8,23,19,12,0.242,0.536,0.3,0.032,0.302,15,12,24,22,20,222.8,483.4,0.461,72.4,202.4,0.358,116.0,145.0,0.8,62.0,179.0,241.0,135.6,87.6,44.8,25.4,26.4,107.4,123.4,634.0,13,13,12,15,14,15,17,16,26,14,14,13,13,16,14,13,17,14,15,14,0,2024-25
1642269,Devin Carter,Devin,1610612758,SAC,23.0,36,18,18,0.5,11.0,1.3,3.5,0.37,0.5,1.7,0.295,0.7,1.2,0.591,0.5,1.6,2.1,1.1,0.5,0.6,0.1,0.1,1.1,1.3,3.8,1.2,9.7,0,0,9.0,39,32,37,47,55,57,50,68,45,46,51,38,27,77,51,45,42,37,49,32,60,64,52,25,53,19,49,35,3,50,1,114.0,113.1,113.1,110.0,109.3,109.3,4.0,3.9,3.9,0.139,2.28,19.9,0.044,0.147,0.093,8.7,8.8,0.441,0.471,0.169,0.176,99.4,100.14,83.45,100.14,0.07,831,1.3,3.5,15,16,16,45,42,42,24,27,27,33,19,33,49,34,42,36,36,69,68,41,41,77,78,78,55,57,50,0.137,0.17,0.171,0.206,0.172,0.227,0.17,0.215,0.202,0.195,0.176,0.304,0.129,0.143,0.252,0.266,0.147,67,52,42,41,30,15,59,39,41,31,72,16,51,42,64,10,59,0.8,0.7,0.8,1.5,3.2,2.8,3.3,10.2,47,36,35,54,44,47,52,58,0.52,0.48,0.42,0.029,0.391,0.21,0.189,0.203,0.391,0.345,0.655,0.778,0.222,0.511,0.489,61,43,66,47,44,19,19,19,63,82,15,68,11,84,16,0.043,0.04278715602208813,46,Sacramento Kings,61,31,30,0.508,149.094667,106,221,0.48,22,74,0.297,51,84,0.607,42,99,141,54,44.4,27,16,18,71,78,285,0.4,19,15,14,15,22,20,22,6,22,24,19,18,17,26,20,20,20,23,8,22,20,11,8,15,20,10,111.2,25.4,112.2,25.7,-1.0,-0.3,0.623,1.81,3.3,0.338,0.722,0.523,0.033,0.531,0.552,99.9,436.39,363.66,1364,0.5,19,13,12,19,9,18,5,7,5,11,12,13,12,9,57.4,52.2,34.8,154.0,50.2,34.6,44.4,139.2,22,19,24,22,9,8,7,9,0.665,0.335,0.589,0.014,0.232,0.165,0.179,0.189,0.575,0.619,0.381,0.818,0.182,0.66,0.34,5,26,9,28,25,14,3,7,7,13,18,27,4,20,11,0.246,0.56,0.268,0.035,0.278,13,26,19,15,7,124.6,261.0,0.477,43.0,112.4,0.383,54.2,70.0,0.774,30.2,97.6,127.8,75.0,47.2,28.6,14.2,13.0,61.0,58.8,346.4,10,9,23,11,10,29,9,9,13,8,9,9,9,22,10,7,22,11,22,10,0,2024-25
1641794,Dillon Jones,Dillon,1610612760,OKC,23.0,54,45,9,0.833,10.2,0.9,2.5,0.383,0.3,1.2,0.254,0.3,0.5,0.607,0.6,1.7,2.2,1.1,0.5,0.3,0.1,0.2,1.0,0.4,2.5,1.4,7.4,1,0,6.9,25,3,54,10,58,65,65,65,62,57,63,70,62,74,46,44,41,39,48,62,73,54,55,68,65,14,64,17,3,63,1,109.0,108.9,108.9,102.6,102.9,102.9,6.4,6.0,6.0,0.143,2.07,25.0,0.05,0.153,0.102,12.1,12.1,0.444,0.464,0.131,0.135,101.26,101.09,84.24,101.09,0.066,1164,0.9,2.5,39,38,38,20,22,22,15,17,17,30,26,16,39,31,31,78,79,67,70,79,80,57,69,69,61,65,65,0.111,0.129,0.095,0.123,0.092,0.122,0.248,0.236,0.239,0.193,0.185,0.143,0.08,0.212,0.232,0.106,0.106,82,86,68,71,76,63,37,30,31,32,76,64,67,75,54,76,86,0.5,0.6,0.3,1.3,2.9,3.1,2.6,8.7,60,48,74,61,37,51,41,65,0.526,0.474,0.519,0.015,0.356,0.104,0.125,0.207,0.504,0.657,0.343,0.938,0.063,0.745,0.255,56,48,52,59,49,65,54,17,46,47,50,48,32,54,46,0.058,0.057934131130189796,25,Oklahoma City Thunder,69,58,11,0.841,308.608667,198,447,0.443,71,211,0.336,64,87,0.736,76,197,273,142,80.0,51,29,28,160,92,531,41.2,16,1,4,2,15,17,15,14,15,15,12,14,16,14,13,15,14,11,14,13,12,16,18,13,16,2,109.2,30.1,102.6,28.5,6.6,1.6,0.62,2.02,5.0,0.271,0.706,0.487,0.034,0.523,0.547,101.3,366.44,305.37,2362,0.528,6,17,1,21,4,9,26,15,25,13,18,14,25,1,127.4,84.6,94.6,292.0,78.6,92.8,75.2,270.8,12,16,14,15,13,17,13,15,0.528,0.472,0.478,0.034,0.401,0.111,0.121,0.156,0.444,0.496,0.504,0.972,0.028,0.667,0.333,20,11,19,15,12,23,18,19,20,26,5,9,22,18,13,0.208,0.501,0.302,0.045,0.294,26,3,25,5,15,233.6,546.6,0.427,80.8,264.6,0.305,121.4,165.0,0.736,72.4,231.0,303.4,151.4,105.4,43.6,32.2,28.8,107.8,129.4,669.4,15,16,2,17,18,4,18,18,2,18,19,18,16,13,13,17,15,15,14,16,0,2024-25
1642270,Donovan Clingan,Donovan,1610612757,POR,21.0,67,29,38,0.433,19.8,2.7,5.0,0.539,0.2,0.7,0.286,0.9,1.6,0.596,3.2,4.6,7.9,1.1,1.1,0.5,1.6,0.3,2.8,1.5,6.5,0.0,23.0,8,0,20.0,15,16,16,59,27,29,39,17,68,74,52,26,18,76,4,7,4,36,22,39,1,27,3,16,35,37,7,7,3,14,1,108.3,109.9,109.9,108.9,109.7,109.7,-0.6,0.2,0.2,0.081,1.07,14.6,0.144,0.218,0.179,13.7,13.6,0.56,0.574,0.135,0.138,102.79,101.68,84.74,101.68,0.105,2801,2.7,5.0,41,32,32,40,46,46,38,36,36,62,68,56,3,7,2,87,87,23,31,76,77,35,62,62,12,29,39,0.16,0.131,0.038,0.046,0.135,0.161,0.505,0.329,0.384,0.116,0.161,0.156,0.651,0.148,0.357,0.177,0.142,49,83,77,90,47,37,3,7,2,55,63,59,3,47,91,36,67,0.9,2.5,0.4,4.9,7.7,6.1,7.8,19.0,42,4,62,14,78,79,85,30,0.853,0.147,0.761,0.005,0.096,0.069,0.143,0.138,0.757,0.602,0.398,1.0,0.0,0.633,0.367,16,88,17,67,76,76,45,60,13,54,43,1,43,68,32,0.076,0.07562621052758381,9,Portland Trail Blazers,67,29,38,0.433,264.728667,180,334,0.539,14,49,0.286,62,104,0.596,217,310,527,77,89.6,34,110,23,189,98,436,-0.4,17,18,18,21,18,18,18,1,27,26,22,15,14,29,5,10,8,21,16,18,3,13,21,12,18,11,108.3,22.0,108.9,21.9,-0.6,0.0,0.589,1.48,2.2,0.355,0.7,0.522,0.032,0.515,0.574,102.8,508.41,423.68,2801,0.49,28,2,10,27,23,29,2,17,6,8,21,8,3,14,93.0,98.2,89.4,271.6,103.4,82.4,104.0,254.8,17,13,17,17,15,14,18,13,0.853,0.147,0.761,0.005,0.096,0.069,0.142,0.138,0.757,0.602,0.398,1.0,0.0,0.633,0.367,1,30,1,29,30,29,11,22,1,18,13,1,24,23,8,0.254,0.523,0.239,0.029,0.3,9,8,10,25,17,224.6,497.6,0.451,71.6,200.0,0.358,95.0,119.0,0.798,65.2,178.0,243.2,139.2,80.8,53.6,31.0,33.8,110.8,106.0,615.8,14,14,7,13,13,16,13,13,25,15,13,14,14,17,16,16,14,16,18,13,73,2024-25
1631166,Drew Timme,Drew,1610612751,BKN,24.0,9,3,6,0.333,28.2,5.0,11.3,0.441,1.0,3.9,0.257,1.1,1.8,0.625,1.9,5.3,7.2,2.2,1.7,0.4,0.1,0.2,2.3,2.4,12.1,-7.3,24.1,3,0,23.7,74,78,64,70,2,4,4,39,20,13,62,20,13,72,6,2,6,13,7,48,60,51,9,3,6,94,5,11,3,4,1,101.5,102.8,102.8,114.4,115.5,115.5,-12.9,-12.6,-12.6,0.137,1.33,14.0,0.06,0.194,0.123,10.5,10.4,0.485,0.5,0.205,0.212,101.41,100.3,83.58,100.3,0.086,531,5.0,11.3,75,66,66,72,76,76,80,79,79,35,57,62,29,14,20,59,57,50,57,11,13,54,77,77,29,4,4,0.236,0.223,0.117,0.154,0.115,0.142,0.354,0.265,0.284,0.143,0.19,0.108,0.077,0.074,0.175,0.234,0.2,7,15,63,63,60,48,14,18,19,47,78,83,70,25,22,14,17,1.6,1.3,1.7,7.8,10.8,6.2,9.1,31.8,10,15,11,2,98,80,96,2,0.657,0.343,0.661,0.018,0.248,0.138,0.091,0.128,0.642,0.694,0.306,1.0,0.0,0.756,0.244,32,72,29,55,61,49,76,63,30,41,56,1,43,48,52,0.061,0.061015751770905284,21,Brooklyn Nets,42,15,27,0.357,177.039667,98,269,0.364,30,123,0.244,35,49,0.714,32,82,114,94,56.8,39,4,13,74,59,261,-50.0,25,27,13,25,19,22,20,27,20,20,27,20,20,19,23,22,22,15,12,15,27,7,10,19,22,24,99.0,26.6,113.0,30.2,-14.0,-3.7,0.704,1.61,5.6,0.273,0.727,0.477,0.041,0.483,0.449,100.7,375.92,313.26,1388,0.409,16,23,28,2,21,7,25,6,28,20,29,27,22,30,62.6,45.6,61.6,157.2,67.8,41.4,56.8,191.2,21,21,19,19,12,11,12,12,0.543,0.457,0.521,0.023,0.345,0.169,0.134,0.165,0.498,0.618,0.382,1.0,0.0,0.735,0.265,17,14,15,24,16,13,13,17,14,14,17,1,24,14,17,0.247,0.575,0.329,0.043,0.273,12,30,28,6,6,148.6,299.0,0.497,46.4,131.6,0.353,75.2,98.4,0.764,32.0,136.6,168.6,100.4,60.2,30.8,20.2,11.4,68.2,80.4,418.8,12,12,30,12,12,12,12,12,11,10,12,12,12,19,11,12,24,12,19,12,0,2024-25
1641989,Elijah Harkless,Elijah,1610612762,UTA,25.0,10,1,9,0.1,13.8,1.1,3.5,0.314,0.7,2.5,0.28,0.3,0.6,0.5,0.9,1.2,2.1,0.8,0.3,1.0,0.1,0.0,1.8,1.2,3.2,3.1,9.9,0,0,9.0,72,92,54,95,45,61,51,86,33,33,59,71,56,80,28,55,43,57,69,2,68,83,28,26,59,7,48,35,3,49,1,109.8,113.2,113.2,102.3,103.5,103.5,7.5,9.7,9.7,0.073,2.67,16.3,0.058,0.092,0.074,6.1,6.2,0.414,0.425,0.12,0.12,101.49,99.3,82.75,99.3,0.037,287,1.1,3.5,35,15,15,18,24,24,14,12,12,66,16,45,33,73,60,19,19,77,80,89,91,51,85,85,83,61,51,0.092,0.131,0.194,0.219,0.061,0.091,0.214,0.133,0.159,0.108,0.071,0.435,0.111,0.0,0.36,0.188,0.098,92,84,35,29,89,79,43,74,66,60,12,3,56,1,92,30,90,1.0,0.2,0.6,0.8,5.7,3.6,2.7,12.8,33,73,46,74,63,55,43,50,0.286,0.714,0.25,0.0,0.656,0.188,0.094,0.313,0.25,0.75,0.25,0.857,0.143,0.818,0.182,93,11,90,68,9,25,72,6,82,26,67,60,20,29,71,0.074,0.07442571572580711,10,Utah Jazz,81,16,65,0.198,911.651667,588,1365,0.431,161,549,0.293,230,343,0.671,180,629,809,653,317.4,147,55,112,433,303,1567,-215.4,5,26,30,29,3,3,3,17,4,3,21,3,3,23,7,2,4,2,28,3,10,28,28,2,4,29,106.2,33.7,117.9,37.2,-11.7,-3.5,0.639,1.52,8.6,0.294,0.704,0.498,0.051,0.529,0.517,103.1,325.33,271.11,6180,0.439,3,28,27,14,22,1,17,16,16,26,14,20,28,26,257.4,260.0,273.2,907.6,404.0,290.2,350.2,1012.0,4,4,3,3,29,28,29,28,0.598,0.402,0.545,0.029,0.308,0.17,0.147,0.131,0.516,0.475,0.525,0.857,0.143,0.58,0.42,10,21,13,19,20,12,8,26,11,27,4,23,8,29,2,0.254,0.564,0.248,0.037,0.296,8,27,14,12,16,845.2,1747.6,0.484,279.8,780.6,0.358,330.4,432.8,0.763,217.0,629.2,846.2,565.8,230.4,178.8,121.6,76.4,358.6,366.2,2300.6,28,28,27,29,29,17,28,28,10,28,28,28,29,3,28,29,5,28,3,28,0,2024-25
1641801,Emanuel Miller,Emanuel,1610612741,CHI,25.0,6,4,2,0.667,4.1,0.7,1.3,0.5,0.0,0.2,0.0,0.3,0.3,1.0,0.7,0.7,1.3,0.3,0.0,0.2,0.0,0.0,0.5,0.2,1.7,-1.3,4.3,0,0,3.7,84,70,88,19,92,72,88,19,80,90,80,63,76,1,35,80,69,79,96,73,82,83,82,87,77,61,79,35,3,81,1,129.6,120.4,120.4,133.4,130.4,130.4,-3.8,-10.0,-10.0,0.105,0.0,18.2,0.167,0.138,0.151,0.0,0.0,0.5,0.563,0.143,0.15,101.77,106.74,88.95,106.74,0.092,54,0.7,1.3,2,3,3,100,100,100,53,67,67,50,93,38,1,40,6,1,1,42,34,69,70,48,14,14,22,72,88,0.174,0.17,0.0,0.045,0.167,0.143,0.444,0.222,0.296,0.154,0.0,0.5,0.0,0.0,0.273,0.143,0.154,34,50,80,91,31,46,6,34,14,41,1,2,82,1,74,59,50,0.3,0.3,0.0,1.3,0.5,1.8,0.3,3.0,75,63,85,57,4,32,7,95,0.875,0.125,0.8,0.0,0.0,0.0,0.2,0.2,0.8,0.75,0.25,0.0,0.0,0.75,0.25,14,90,13,68,80,85,13,21,9,26,67,78,43,49,49,-0.009,-0.009377333415344408,100,Chicago Bulls,80,39,41,0.488,313.139,260,568,0.458,97,269,0.361,92,112,0.821,60,229,289,87,99.8,30,75,30,133,82,709,-10.0,8,6,21,17,14,13,13,10,9,11,5,11,12,2,15,12,13,19,18,20,7,17,16,14,13,14,111.2,22.4,112.3,22.8,-1.1,-0.4,0.666,1.88,2.2,0.265,0.731,0.506,0.029,0.55,0.574,105.4,520.94,434.12,3410,0.496,26,5,14,8,7,30,27,4,11,4,4,7,2,10,89.8,78.6,125.6,346.0,123.2,99.2,100.0,333.2,18,18,10,12,17,18,17,18,0.526,0.474,0.46,0.014,0.41,0.185,0.13,0.165,0.446,0.687,0.313,0.969,0.031,0.792,0.208,21,10,20,27,11,7,15,16,19,10,21,11,20,9,22,0.215,0.535,0.231,0.023,0.269,24,11,6,29,4,284.2,618.4,0.46,93.0,258.2,0.36,111.8,142.6,0.784,70.8,226.8,297.6,187.4,78.4,55.6,33.4,35.8,106.6,112.8,773.2,18,18,10,18,17,18,15,15,19,17,18,17,18,18,18,18,13,13,17,18,0,2024-25
1642402,Enrique Freeman,Enrique,1610612754,IND,24.0,22,7,15,0.318,8.2,0.7,1.7,0.432,0.0,0.5,0.1,0.6,0.9,0.684,0.5,0.9,1.4,0.4,0.3,0.1,0.1,0.1,1.0,0.7,2.1,-0.9,4.9,0,0,4.5,54,61,41,72,64,70,79,43,79,79,78,43,42,63,53,68,68,74,71,77,54,65,59,46,68,49,77,35,3,76,1,104.6,104.4,104.4,112.0,110.7,110.7,-7.4,-6.3,-6.3,0.062,1.5,15.0,0.054,0.106,0.078,10.0,9.9,0.446,0.507,0.109,0.113,106.83,107.55,89.62,107.55,0.04,409,0.7,1.7,62,56,56,63,51,51,63,57,57,76,47,54,36,64,56,50,51,65,51,95,96,5,13,13,81,70,79,0.099,0.104,0.03,0.078,0.181,0.202,0.239,0.164,0.185,0.1,0.105,0.079,0.13,0.13,0.259,0.181,0.108,90,93,78,83,24,25,38,63,54,68,28,87,50,39,65,32,85,0.6,0.6,0.3,1.4,3.1,1.6,3.0,9.1,56,43,73,56,41,25,47,60,0.73,0.27,0.652,0.0,0.065,0.13,0.283,0.304,0.652,0.8,0.2,1.0,0.0,0.813,0.188,23,81,31,68,79,54,8,7,29,21,75,1,43,31,69,0.03,0.030210469568369005,67,Indiana Pacers,54,34,20,0.63,127.839333,63,168,0.375,22,84,0.262,34,44,0.773,36,77,113,43,42.0,28,16,17,71,41,182,8.8,20,10,10,8,24,25,24,25,22,22,26,21,21,7,22,25,23,25,7,21,20,10,8,22,24,6,107.5,29.0,106.0,28.6,1.4,0.4,0.594,1.61,3.4,0.332,0.711,0.517,0.04,0.519,0.486,105.4,390.49,325.41,1048,0.519,8,18,7,26,20,15,6,13,8,19,20,24,16,5,63.2,42.0,51.8,156.4,46.4,32.0,45.4,125.2,20,23,21,20,7,6,8,6,0.5,0.5,0.451,0.022,0.363,0.192,0.187,0.313,0.429,0.732,0.268,0.864,0.136,0.778,0.222,24,7,22,25,13,4,2,2,21,6,25,21,9,10,21,0.262,0.539,0.314,0.049,0.289,6,15,27,3,13,104.8,225.6,0.465,33.6,100.0,0.336,52.2,70.8,0.737,28.4,82.6,111.0,66.0,50.2,24.8,18.8,17.6,53.8,55.0,295.4,7,6,14,8,7,6,7,10,4,6,7,7,7,20,8,11,20,8,23,7,0,2024-25
1631127,Harrison Ingram,Harrison,1610612759,SAS,22.0,5,0,5,0.0,7.0,0.4,0.8,0.5,0.0,0.2,0.0,0.0,0.0,0.0,0.4,1.4,1.8,0.6,0.2,0.6,0.0,0.0,0.4,0.0,0.8,6.0,5.5,0,0,4.4,91,99,69,99,73,93,97,19,80,88,80,95,96,95,66,49,53,62,83,30,82,83,88,99,95,2,72,35,3,77,1,131.2,132.0,132.0,91.4,92.0,92.0,39.7,40.0,40.0,0.086,3.0,37.5,0.067,0.175,0.129,12.5,12.5,0.5,0.5,0.06,0.061,104.26,103.6,86.33,103.6,0.08,75,0.4,0.8,1,1,1,8,10,10,1,1,1,58,8,5,24,21,17,83,83,42,56,103,103,18,38,38,35,93,97,0.054,0.063,0.0,0.038,0.0,0.0,0.286,0.241,0.25,0.107,0.091,0.429,0.0,0.0,0.167,0.0,0.04,98,102,80,93,95,96,28,27,26,63,23,4,82,1,18,99,100,0.0,0.4,0.0,0.8,2.8,0.8,1.2,5.2,86,58,85,74,34,12,18,83,0.75,0.25,1.0,0.0,0.0,0.0,0.0,0.0,1.0,0.5,0.5,0.0,0.0,0.5,0.5,20,83,1,68,80,85,95,86,1,68,25,78,43,86,12,0.063,0.06330278015296174,19,San Antonio Spurs,81,33,48,0.407,440.704333,425,993,0.428,95,335,0.284,249,344,0.724,91,217,308,335,125.4,77,22,66,166,262,1194,-41.8,5,12,24,23,11,8,6,18,10,9,24,2,2,18,12,13,12,4,20,9,15,26,19,5,7,22,112.3,22.6,114.8,23.3,-2.5,-0.8,0.667,2.03,6.1,0.286,0.681,0.483,0.027,0.543,0.522,102.5,506.68,422.23,4641,0.485,25,8,17,7,3,5,21,27,27,3,5,19,4,16,154.0,119.2,150.0,440.0,168.2,151.8,140.8,482.0,10,10,8,10,22,24,20,21,0.663,0.337,0.553,0.057,0.239,0.188,0.209,0.17,0.496,0.461,0.539,0.789,0.211,0.534,0.466,6,25,12,6,23,5,1,11,15,29,2,28,3,30,1,0.252,0.555,0.209,0.028,0.319,11,22,4,27,27,409.4,853.2,0.48,127.8,353.0,0.362,142.2,178.6,0.796,112.2,310.8,423.0,259.4,129.2,72.8,41.6,49.2,165.0,159.4,1088.8,21,20,25,20,20,21,21,21,23,22,20,21,21,11,20,20,9,22,10,21,0,2024-25
1642403,Isaac Jones,Isaac,1610612758,SAC,24.0,40,19,21,0.475,7.6,1.4,2.1,0.651,0.1,0.2,0.375,0.6,0.9,0.639,0.6,0.9,1.4,0.3,0.4,0.1,0.3,0.3,0.8,0.8,3.4,-1.6,6.2,0,0,5.9,37,29,33,54,67,54,68,7,76,88,15,45,41,71,47,67,66,81,61,79,31,31,67,41,58,63,66,35,3,66,1,105.7,104.6,104.6,117.2,115.1,115.1,-11.6,-10.5,-10.5,0.057,0.75,9.5,0.071,0.12,0.095,12.7,12.6,0.669,0.678,0.152,0.16,101.24,102.68,85.56,102.68,0.087,652,1.4,2.1,56,55,55,81,75,75,73,71,71,84,83,83,21,50,40,86,86,8,8,61,58,59,47,47,26,54,68,0.205,0.148,0.045,0.04,0.261,0.308,0.306,0.171,0.206,0.072,0.15,0.119,0.333,0.371,0.238,0.268,0.196,18,72,76,92,8,7,24,60,39,86,56,76,20,94,57,9,19,0.5,0.6,0.5,2.6,3.0,1.7,2.3,7.5,61,42,61,36,38,27,38,70,0.904,0.096,0.761,0.0,0.067,0.134,0.172,0.149,0.761,0.765,0.235,1.0,0.0,0.778,0.222,11,93,18,68,78,50,28,47,12,25,72,1,43,41,59,0.017,0.017203218654585503,85,Sacramento Kings,61,31,30,0.508,149.094667,106,221,0.48,22,74,0.297,51,84,0.607,42,99,141,54,44.4,27,16,18,71,78,285,0.4,19,15,14,15,22,20,22,6,22,24,19,18,17,26,20,20,20,23,8,22,20,11,8,15,20,10,111.2,25.4,112.2,25.7,-1.0,-0.3,0.623,1.81,3.3,0.338,0.722,0.523,0.033,0.531,0.552,99.9,436.39,363.66,1364,0.5,19,13,12,19,9,18,5,7,5,11,12,13,12,9,57.4,52.2,34.8,154.0,50.2,34.6,44.4,139.2,22,19,24,22,9,8,7,9,0.665,0.335,0.589,0.014,0.232,0.165,0.179,0.189,0.575,0.619,0.381,0.818,0.182,0.66,0.34,5,26,9,28,25,14,3,7,7,13,18,27,4,20,11,0.246,0.56,0.268,0.035,0.278,13,26,19,15,7,124.6,261.0,0.477,43.0,112.4,0.383,54.2,70.0,0.774,30.2,97.6,127.8,75.0,47.2,28.6,14.2,13.0,61.0,58.8,346.4,10,9,23,11,10,29,9,9,13,8,9,9,9,22,10,7,22,11,22,10,0,2024-25
1642268,Isaiah Collier,Isaiah,1610612762,UTA,20.0,71,14,57,0.197,25.9,3.3,7.8,0.422,0.6,2.4,0.249,1.5,2.2,0.682,0.5,2.9,3.3,6.3,2.9,0.9,0.2,0.8,2.1,1.9,8.7,-5.7,22.6,11,0,21.2,13,40,3,86,8,15,13,50,38,36,66,9,8,64,61,17,30,1,1,7,37,5,19,7,17,89,8,5,3,11,1,107.4,108.3,108.3,118.3,118.6,118.6,-10.9,-10.4,-10.4,0.342,2.14,34.9,0.017,0.104,0.061,16.3,16.3,0.459,0.494,0.186,0.19,103.01,102.44,85.37,102.44,0.077,3927,3.3,7.8,47,42,42,85,87,87,70,70,70,1,23,7,89,65,78,95,97,61,61,24,27,30,53,53,41,15,13,0.152,0.165,0.081,0.113,0.161,0.18,0.077,0.161,0.14,0.461,0.323,0.25,0.096,0.225,0.2,0.19,0.145,55,56,71,76,33,31,88,64,75,2,98,26,61,78,38,28,62,1.4,0.5,2.2,5.0,11.4,8.2,9.7,27.9,17,49,4,11,102,97,99,8,0.695,0.305,0.624,0.042,0.205,0.252,0.171,0.163,0.582,0.349,0.651,0.595,0.405,0.393,0.607,26,78,34,37,69,15,29,41,36,81,16,75,5,93,7,0.031,0.03114110132080852,65,Utah Jazz,81,16,65,0.198,911.651667,588,1365,0.431,161,549,0.293,230,343,0.671,180,629,809,653,317.4,147,55,112,433,303,1567,-215.4,5,26,30,29,3,3,3,17,4,3,21,3,3,23,7,2,4,2,28,3,10,28,28,2,4,29,106.2,33.7,117.9,37.2,-11.7,-3.5,0.639,1.52,8.6,0.294,0.704,0.498,0.051,0.529,0.517,103.1,325.33,271.11,6180,0.439,3,28,27,14,22,1,17,16,16,26,14,20,28,26,257.4,260.0,273.2,907.6,404.0,290.2,350.2,1012.0,4,4,3,3,29,28,29,28,0.598,0.402,0.545,0.029,0.308,0.17,0.147,0.131,0.516,0.475,0.525,0.857,0.143,0.58,0.42,10,21,13,19,20,12,8,26,11,27,4,23,8,29,2,0.254,0.564,0.248,0.037,0.296,8,27,14,12,16,845.2,1747.6,0.484,279.8,780.6,0.358,330.4,432.8,0.763,217.0,629.2,846.2,565.8,230.4,178.8,121.6,76.4,358.6,366.2,2300.6,28,28,27,29,29,17,28,28,10,28,28,28,29,3,28,29,5,28,3,28,52,2024-25
1642384,Isaiah Crawford,Isaiah,1610612758,SAC,23.0,15,7,8,0.467,3.0,0.3,0.7,0.455,0.1,0.3,0.2,0.1,0.3,0.5,0.1,0.5,0.5,0.1,0.1,0.1,0.1,0.0,0.1,0.1,0.9,1.5,2.1,0,0,1.9,63,61,57,56,98,94,98,34,77,83,70,89,86,80,92,89,92,96,95,87,55,83,97,97,94,12,94,35,3,95,1,124.2,112.0,112.0,96.6,92.7,92.7,27.6,19.3,19.3,0.029,1.0,6.7,0.023,0.149,0.088,6.7,6.8,0.5,0.509,0.122,0.131,95.84,103.01,85.84,103.01,0.07,100,0.3,0.7,3,21,21,12,11,11,3,5,5,94,71,90,82,33,46,22,24,42,50,87,83,94,43,43,56,94,98,0.128,0.139,0.077,0.167,0.095,0.133,0.067,0.233,0.178,0.038,0.077,0.111,0.5,0.0,0.154,0.063,0.116,75,78,72,57,74,57,90,31,56,95,15,79,8,1,12,92,82,0.4,0.1,0.0,0.5,1.1,0.4,0.6,2.1,69,80,85,86,10,5,11,99,0.545,0.455,0.615,0.0,0.231,0.0,0.154,0.462,0.615,0.75,0.25,1.0,0.0,0.8,0.2,52,52,37,68,64,85,36,3,32,26,67,1,43,33,65,0.027,0.02670768875813639,72,Sacramento Kings,61,31,30,0.508,149.094667,106,221,0.48,22,74,0.297,51,84,0.607,42,99,141,54,44.4,27,16,18,71,78,285,0.4,19,15,14,15,22,20,22,6,22,24,19,18,17,26,20,20,20,23,8,22,20,11,8,15,20,10,111.2,25.4,112.2,25.7,-1.0,-0.3,0.623,1.81,3.3,0.338,0.722,0.523,0.033,0.531,0.552,99.9,436.39,363.66,1364,0.5,19,13,12,19,9,18,5,7,5,11,12,13,12,9,57.4,52.2,34.8,154.0,50.2,34.6,44.4,139.2,22,19,24,22,9,8,7,9,0.665,0.335,0.589,0.014,0.232,0.165,0.179,0.189,0.575,0.619,0.381,0.818,0.182,0.66,0.34,5,26,9,28,25,14,3,7,7,13,18,27,4,20,11,0.246,0.56,0.268,0.035,0.278,13,26,19,15,7,124.6,261.0,0.477,43.0,112.4,0.383,54.2,70.0,0.774,30.2,97.6,127.8,75.0,47.2,28.6,14.2,13.0,61.0,58.8,346.4,10,9,23,11,10,29,9,9,13,8,9,9,9,22,10,7,22,11,22,10,0,2024-25
1641815,Isaiah Stevens,Isaiah,1610612748,MIA,24.0,3,3,0,1.0,1.8,0.0,0.7,0.0,0.0,0.3,0.0,0.0,0.0,0.0,0.0,0.7,0.7,0.0,0.0,0.3,0.0,0.0,0.0,0.0,0.0,1.3,1.8,0,0,1.3,97,78,100,1,103,100,100,100,80,83,80,95,96,95,95,80,86,97,96,58,82,83,98,99,101,15,96,35,3,100,1,72.7,61.5,61.5,33.7,30.8,30.8,39.1,30.8,30.8,0.0,0.0,0.0,0.0,0.222,0.125,0.0,0.0,0.0,0.0,0.143,0.167,98.94,112.43,93.69,112.43,0.125,13,0.0,0.7,102,103,103,1,1,1,2,2,2,97,93,97,95,5,18,1,1,100,101,69,51,82,4,4,3,100,100,0.0,0.2,0.0,0.143,0.0,0.0,0.0,0.333,0.286,0.0,0.0,0.333,0.0,0.0,0.0,0.0,0.0,100,25,80,67,95,96,95,5,17,97,1,10,82,1,1,99,101,0.0,0.0,0.0,0.0,0.0,0.0,0.0,0.0,86,85,85,95,1,1,1,104,0.5,0.5,0.0,0.0,0.0,0.0,1.0,0.0,0.0,0.0,0.0,0.0,0.0,0.0,0.0,64,37,97,68,80,85,95,86,95,92,90,78,43,96,90,0.056,0.05636261107070489,28,Miami Heat,73,32,41,0.438,461.621667,364,695,0.524,70,214,0.327,91,137,0.664,150,445,595,129,132.2,77,82,31,213,116,889,11.6,14,13,21,20,10,9,10,4,16,14,15,12,10,24,9,6,6,12,21,9,6,18,23,11,9,5,112.4,26.9,109.4,26.4,2.9,0.4,0.656,1.95,2.8,0.26,0.713,0.496,0.034,0.559,0.589,98.8,411.04,342.53,3942,0.518,12,14,6,9,5,24,29,11,18,12,1,4,13,6,148.8,111.6,133.6,474.8,163.0,126.6,142.0,475.2,11,11,9,8,20,20,21,20,0.692,0.308,0.661,0.027,0.236,0.103,0.102,0.141,0.634,0.762,0.238,0.971,0.029,0.802,0.198,4,27,4,22,24,27,24,21,3,5,26,10,21,7,24,0.233,0.537,0.196,0.034,0.287,19,13,2,17,11,397.0,859.4,0.462,128.4,370.4,0.347,125.8,168.6,0.746,108.6,313.6,422.2,252.2,132.8,76.0,44.2,44.0,158.4,145.6,1048.2,20,21,13,21,21,8,19,20,5,20,21,20,20,10,21,22,10,20,11,20,0,2024-25
1642266,Ja'Kobe Walter,Ja'Kobe,1610612761,TOR,20.0,52,19,33,0.365,21.2,3.1,7.6,0.405,1.3,3.6,0.349,1.3,1.6,0.795,1.1,1.9,3.1,1.6,1.0,0.8,0.2,0.8,1.8,1.4,8.6,-1.6,16.8,1,0,16.6,26,29,23,67,22,19,15,56,13,16,25,14,16,33,18,40,32,24,27,14,44,6,27,19,18,62,25,17,3,23,1,108.3,108.6,108.6,111.5,111.1,111.1,-3.2,-2.4,-2.4,0.105,1.62,14.5,0.049,0.092,0.07,8.9,8.9,0.487,0.523,0.179,0.183,101.25,101.29,84.41,101.29,0.068,2316,3.1,7.6,40,39,39,57,55,55,49,46,46,51,45,57,42,75,67,39,39,49,44,32,34,58,67,67,59,19,15,0.171,0.19,0.226,0.233,0.178,0.174,0.201,0.142,0.16,0.127,0.148,0.218,0.097,0.298,0.192,0.173,0.178,36,33,22,26,27,36,44,73,64,52,55,37,60,88,32,41,26,1.3,1.1,1.2,3.1,7.6,6.5,6.8,23.5,21,22,21,30,76,82,79,20,0.527,0.473,0.419,0.058,0.434,0.143,0.147,0.145,0.361,0.628,0.372,0.954,0.046,0.761,0.239,55,49,67,21,36,46,38,50,68,51,46,44,36,47,53,0.072,0.0718786561140631,11,Toronto Raptors,82,30,52,0.366,985.913667,670,1605,0.417,259,738,0.351,196,254,0.772,239,513,752,598,318.8,173,65,113,486,267,1795,-153.0,1,16,25,24,2,2,2,19,2,2,9,6,6,8,3,5,5,3,29,2,9,29,29,4,2,26,105.7,37.0,112.6,39.5,-6.9,-2.5,0.695,1.8,8.0,0.311,0.679,0.487,0.053,0.512,0.523,102.0,291.04,242.54,5972,0.457,2,29,23,4,10,3,12,28,26,27,22,17,29,21,392.6,309.4,331.6,1030.4,384.0,318.6,347.2,1064.4,2,2,2,2,28,29,28,29,0.54,0.46,0.458,0.045,0.433,0.152,0.109,0.167,0.413,0.606,0.394,0.942,0.058,0.736,0.264,19,12,21,8,8,16,20,14,22,17,14,14,17,13,18,0.22,0.547,0.303,0.054,0.321,23,19,26,1,28,846.8,1778.8,0.476,252.6,727.6,0.347,417.8,538.2,0.776,240.4,695.6,936.0,519.6,325.0,186.0,118.0,84.4,360.8,447.2,2364.0,29,29,21,28,28,9,29,29,15,29,29,29,28,2,29,28,3,29,2,29,0,2024-25
1629098,Jack McVeigh,Jack,1610612745,HOU,29.0,9,5,4,0.556,4.8,0.6,1.9,0.294,0.4,1.4,0.308,0.0,0.0,0.0,0.2,0.3,0.6,0.1,0.2,0.0,0.2,0.0,0.3,0.0,1.6,-1.1,2.8,0,0,3.1,74,67,74,40,86,81,71,89,51,51,44,95,96,95,81,95,90,94,78,89,38,83,91,99,81,57,87,35,3,87,1,85.3,84.7,84.7,94.7,93.9,93.9,-9.4,-9.2,-9.2,0.038,0.5,5.0,0.039,0.056,0.048,10.0,10.0,0.412,0.412,0.176,0.18,108.54,109.32,91.1,109.32,0.02,98,0.6,1.9,97,95,95,9,13,13,67,66,66,93,87,94,59,98,90,50,52,78,83,37,38,3,10,10,93,81,71,0.161,0.221,0.364,0.333,0.0,0.0,0.25,0.083,0.114,0.056,0.1,0.0,0.182,0.0,0.176,0.0,0.169,48,18,5,4,95,96,33,98,87,92,25,89,41,1,23,99,37,0.0,0.0,0.0,0.0,1.2,1.1,1.3,3.8,86,85,85,95,12,19,22,90,0.235,0.765,0.143,0.143,0.857,0.0,0.0,0.0,0.0,0.0,1.0,1.0,0.0,0.8,0.2,97,7,95,6,2,85,95,86,95,92,1,1,43,33,65,0.044,0.043957629103518706,45,Houston Rockets,52,30,22,0.577,149.643667,99,269,0.368,52,155,0.335,17,21,0.81,24,80,104,78,52.4,36,24,13,65,14,267,-14.2,21,16,11,12,21,21,20,26,18,19,13,25,25,4,25,24,25,20,11,17,13,7,6,27,21,16,107.0,23.7,111.8,24.5,-4.8,-0.8,0.573,1.43,4.3,0.313,0.7,0.506,0.035,0.53,0.48,105.3,478.26,398.55,1485,0.473,22,9,16,29,25,10,9,18,10,15,13,25,8,20,49.0,46.6,59.0,155.6,55.8,46.8,51.8,164.8,23,20,20,21,11,12,11,11,0.424,0.576,0.352,0.09,0.584,0.172,0.064,0.105,0.262,0.383,0.617,0.846,0.154,0.626,0.374,27,4,28,3,3,11,30,28,29,30,1,24,7,25,6,0.244,0.526,0.29,0.028,0.3,14,9,23,26,18,131.2,287.6,0.456,40.2,113.2,0.355,63.6,83.4,0.763,39.2,108.0,147.2,80.2,42.4,32.0,14.4,20.6,55.4,62.4,366.2,11,11,8,9,11,13,11,11,9,12,10,11,11,23,12,9,19,9,20,11,0,2024-25
1642050,Jackson Rowe,Jackson,1610612744,GSW,28.0,6,4,2,0.667,8.6,1.3,2.8,0.471,0.5,1.7,0.3,0.5,1.0,0.5,0.5,1.3,1.8,0.7,0.2,0.7,0.0,0.0,0.7,0.5,3.7,3.8,8.7,0,0,8.0,84,70,88,19,63,56,62,27,45,47,47,49,34,80,53,53,51,59,87,20,82,83,73,58,55,5,59,35,3,56,1,119.2,116.4,116.4,103.7,103.5,103.5,15.4,12.9,12.9,0.1,4.0,16.0,0.046,0.167,0.097,4.0,4.1,0.559,0.56,0.142,0.152,108.5,109.95,91.63,109.95,0.101,122,1.3,2.8,8,8,8,23,23,23,7,9,9,53,4,47,47,25,36,10,11,24,35,72,68,4,8,8,14,56,62,0.167,0.16,0.167,0.2,0.107,0.154,0.176,0.216,0.204,0.108,0.077,0.4,0.0,0.0,0.148,0.1,0.155,38,63,44,44,68,39,55,38,40,60,15,5,82,1,11,77,49,0.5,0.5,0.7,1.7,3.3,1.7,2.0,8.0,61,53,39,51,47,26,31,68,0.412,0.588,0.455,0.0,0.409,0.182,0.136,0.136,0.455,1.0,0.0,1.0,0.0,1.0,0.0,79,25,59,68,40,28,47,61,51,1,90,1,43,1,90,0.051,0.051100499857955735,34,Golden State Warriors,45,29,16,0.644,151.574333,133,295,0.451,76,189,0.402,24,33,0.727,41,122,163,65,41.2,23,18,16,93,28,366,12.2,24,18,8,7,20,19,19,13,14,16,2,24,24,17,21,18,18,22,6,23,17,9,12,24,19,4,112.4,23.4,109.6,22.8,2.8,0.6,0.765,2.29,3.6,0.279,0.736,0.498,0.027,0.538,0.591,100.1,481.19,400.99,1526,0.515,23,4,4,1,1,14,23,3,15,2,7,2,7,7,64.0,43.4,43.4,122.0,49.4,36.2,50.8,134.8,19,22,22,25,8,9,10,8,0.359,0.641,0.311,0.033,0.623,0.082,0.066,0.15,0.279,0.825,0.175,1.0,0.0,0.925,0.075,29,2,29,18,2,28,29,20,28,1,30,1,24,1,30,0.264,0.544,0.259,0.033,0.264,5,17,17,18,3,124.2,266.0,0.467,41.2,111.6,0.369,55.4,68.8,0.805,31.8,110.8,142.6,79.6,50.2,23.4,14.2,15.2,60.6,59.4,345.0,9,10,15,10,9,24,10,8,28,9,11,10,10,20,7,7,21,10,21,9,0,2024-25
1642443,Jahmir Young,Jahmir,1610612741,CHI,24.0,6,4,2,0.667,4.9,0.7,0.8,0.8,0.2,0.3,0.5,0.3,0.3,1.0,0.2,0.3,0.5,1.0,0.2,0.0,0.0,0.2,0.3,0.2,1.8,-1.2,3.8,0,0,3.5,84,70,88,19,84,72,96,1,71,83,2,63,76,1,85,95,93,43,87,89,82,60,91,87,73,58,85,35,3,85,1,121.9,110.0,110.0,127.0,123.5,123.5,-5.1,-13.5,-13.5,0.231,6.0,46.2,0.042,0.059,0.052,7.7,7.8,0.9,0.935,0.092,0.101,104.62,111.64,93.03,111.64,0.1,70,0.7,0.8,4,28,28,96,99,99,58,82,82,10,2,3,53,95,85,28,30,1,1,100,99,17,5,5,16,72,96,0.133,0.094,0.143,0.087,0.2,0.143,0.2,0.087,0.107,0.429,0.111,0.0,0.0,0.5,0.182,0.1,0.143,70,96,53,82,18,46,45,96,92,3,34,89,82,98,27,77,64,0.0,0.5,0.3,1.0,1.8,1.5,1.5,4.0,86,53,69,66,20,22,23,89,0.6,0.4,0.545,0.0,0.273,0.182,0.182,0.0,0.545,0.0,1.0,0.0,1.0,0.0,1.0,40,64,47,68,59,28,20,86,41,92,1,78,1,96,1,-0.001,-0.0011337769771645665,97,Chicago Bulls,80,39,41,0.488,313.139,260,568,0.458,97,269,0.361,92,112,0.821,60,229,289,87,99.8,30,75,30,133,82,709,-10.0,8,6,21,17,14,13,13,10,9,11,5,11,12,2,15,12,13,19,18,20,7,17,16,14,13,14,111.2,22.4,112.3,22.8,-1.1,-0.4,0.666,1.88,2.2,0.265,0.731,0.506,0.029,0.55,0.574,105.4,520.94,434.12,3410,0.496,26,5,14,8,7,30,27,4,11,4,4,7,2,10,89.8,78.6,125.6,346.0,123.2,99.2,100.0,333.2,18,18,10,12,17,18,17,18,0.526,0.474,0.46,0.014,0.41,0.185,0.13,0.165,0.446,0.687,0.313,0.969,0.031,0.792,0.208,21,10,20,27,11,7,15,16,19,10,21,11,20,9,22,0.215,0.535,0.231,0.023,0.269,24,11,6,29,4,284.2,618.4,0.46,93.0,258.2,0.36,111.8,142.6,0.784,70.8,226.8,297.6,187.4,78.4,55.6,33.4,35.8,106.6,112.8,773.2,18,18,10,18,17,18,15,15,19,17,18,17,18,18,18,18,13,13,17,18,0,2024-25
1641779,Jalen Bridges,Jalen,1610612756,PHX,24.0,8,1,7,0.125,3.8,0.3,0.9,0.286,0.3,0.9,0.286,0.4,0.5,0.75,0.0,0.5,0.5,0.0,0.5,0.0,0.0,0.0,0.0,0.4,1.1,0.9,1.2,0,0,1.9,78,92,61,94,93,96,95,91,65,69,52,60,65,47,95,85,93,97,49,89,82,83,98,71,89,23,100,35,3,96,1,100.9,98.4,98.4,94.9,88.7,88.7,6.0,9.7,9.7,0.0,0.0,0.0,0.0,0.121,0.062,30.8,31.3,0.429,0.514,0.197,0.201,94.35,98.77,82.31,98.77,0.026,63,0.3,0.9,78,80,80,10,7,7,16,13,13,97,93,97,95,49,76,104,104,71,49,16,22,100,90,90,89,96,95,0.111,0.152,0.4,0.35,0.143,0.154,0.0,0.154,0.143,0.0,0.667,0.0,0.0,0.0,0.0,0.176,0.145,83,70,4,3,41,39,95,68,74,97,104,89,82,1,1,38,61,0.0,0.0,0.0,0.0,0.6,0.9,0.3,3.8,86,85,85,95,5,13,5,92,0.0,1.0,0.0,0.0,0.667,0.0,0.333,0.0,0.0,0.0,0.0,1.0,0.0,1.0,0.0,101,1,97,68,8,85,3,86,95,92,90,1,43,1,90,0.037,0.036866257238701614,59,Phoenix Suns,77,32,45,0.416,497.267,320,671,0.477,84,273,0.308,51,93,0.548,158,335,493,128,135.2,72,69,36,264,78,775,-36.6,11,13,23,22,8,10,11,8,12,10,18,18,15,30,8,8,9,13,22,11,8,20,24,15,12,21,111.4,26.7,112.0,27.4,-0.6,-0.7,0.669,2.03,2.5,0.282,0.697,0.492,0.032,0.536,0.544,98.4,405.8,338.17,4192,0.495,14,16,15,6,2,26,22,21,22,9,9,15,15,11,167.4,143.4,122.4,438.8,167.4,145.8,149.4,486.4,8,9,11,11,21,22,22,22,0.593,0.407,0.609,0.026,0.325,0.108,0.066,0.169,0.583,0.801,0.199,1.0,0.0,0.853,0.147,11,20,8,23,19,24,28,12,6,2,29,1,24,2,29,0.227,0.534,0.247,0.032,0.303,21,10,13,21,21,420.0,918.4,0.457,140.2,394.4,0.355,176.6,227.0,0.778,120.4,341.4,461.8,273.4,135.0,77.4,42.8,54.0,174.8,187.2,1156.8,22,23,9,22,23,14,24,24,17,24,23,23,22,9,22,21,7,23,9,22,0,2024-25
1642347,Jamal Shead,Jamal,1610612761,TOR,22.0,75,28,47,0.373,19.6,2.7,6.7,0.405,1.0,3.0,0.323,0.7,0.9,0.768,0.4,1.1,1.5,4.2,1.6,0.8,0.1,0.4,2.1,1.3,7.1,-3.1,16.4,1,0,15.6,7,18,9,66,28,26,24,55,25,25,36,40,39,41,66,62,61,3,9,15,55,23,18,23,29,77,26,17,3,26,1,106.0,105.5,105.5,112.4,113.3,113.3,-6.4,-7.8,-7.8,0.307,2.7,32.8,0.019,0.057,0.037,12.1,12.1,0.476,0.499,0.179,0.186,102.29,102.18,85.15,102.18,0.07,3127,2.7,6.7,53,52,52,65,67,67,60,60,60,4,15,8,87,97,99,79,78,55,58,33,31,43,57,57,57,26,24,0.165,0.182,0.194,0.21,0.116,0.11,0.077,0.091,0.087,0.367,0.254,0.224,0.078,0.165,0.237,0.178,0.162,42,41,36,37,59,72,87,95,99,6,94,35,69,52,56,34,42,1.0,0.6,1.1,3.2,7.5,6.7,6.3,20.2,31,41,22,28,75,85,77,26,0.558,0.442,0.495,0.041,0.405,0.161,0.1,0.146,0.454,0.402,0.598,0.875,0.125,0.569,0.431,50,54,56,38,41,38,71,48,53,79,18,58,22,78,22,0.054,0.05387207037731457,31,Toronto Raptors,82,30,52,0.366,985.913667,670,1605,0.417,259,738,0.351,196,254,0.772,239,513,752,598,318.8,173,65,113,486,267,1795,-153.0,1,16,25,24,2,2,2,19,2,2,9,6,6,8,3,5,5,3,29,2,9,29,29,4,2,26,105.7,37.0,112.6,39.5,-6.9,-2.5,0.695,1.8,8.0,0.311,0.679,0.487,0.053,0.512,0.523,102.0,291.04,242.54,5972,0.457,2,29,23,4,10,3,12,28,26,27,22,17,29,21,392.6,309.4,331.6,1030.4,384.0,318.6,347.2,1064.4,2,2,2,2,28,29,28,29,0.54,0.46,0.458,0.045,0.433,0.152,0.109,0.167,0.413,0.606,0.394,0.942,0.058,0.736,0.264,19,12,21,8,8,16,20,14,22,17,14,14,17,13,18,0.22,0.547,0.303,0.054,0.321,23,19,26,1,28,846.8,1778.8,0.476,252.6,727.6,0.347,417.8,538.2,0.776,240.4,695.6,936.0,519.6,325.0,186.0,118.0,84.4,360.8,447.2,2364.0,29,29,21,28,28,9,29,29,15,29,29,29,28,2,29,28,3,29,2,29,2,2024-25
1642419,Jamison Battle,Jamison,1610612761,TOR,24.0,59,21,38,0.356,17.7,2.5,5.9,0.429,1.8,4.4,0.405,0.3,0.3,0.889,0.6,2.1,2.7,0.9,0.5,0.3,0.2,0.2,1.6,0.4,7.1,-3.1,12.6,0,0,13.4,22,26,16,69,34,34,30,46,3,8,8,73,83,15,40,36,38,51,57,64,47,47,40,66,30,76,39,35,3,35,1,104.8,105.0,105.0,113.5,113.4,113.4,-8.7,-8.4,-8.4,0.073,1.96,12.2,0.032,0.117,0.072,6.2,6.2,0.581,0.59,0.147,0.152,102.4,102.32,85.27,102.32,0.072,2222,2.5,5.9,60,54,54,66,68,68,66,63,63,67,33,71,67,56,65,20,20,19,23,65,67,41,55,55,49,34,30,0.17,0.175,0.355,0.315,0.056,0.046,0.128,0.18,0.164,0.086,0.076,0.104,0.128,0.112,0.195,0.069,0.18,37,48,6,7,91,95,74,55,63,74,14,84,52,35,34,91,24,1.2,0.8,1.1,1.2,7.3,5.3,7.2,19.0,23,30,24,65,73,72,82,29,0.254,0.746,0.21,0.048,0.752,0.153,0.038,0.172,0.162,0.818,0.182,0.971,0.029,0.926,0.074,95,9,93,31,5,40,92,34,90,19,77,40,39,14,86,0.048,0.047957799015474006,38,Toronto Raptors,82,30,52,0.366,985.913667,670,1605,0.417,259,738,0.351,196,254,0.772,239,513,752,598,318.8,173,65,113,486,267,1795,-153.0,1,16,25,24,2,2,2,19,2,2,9,6,6,8,3,5,5,3,29,2,9,29,29,4,2,26,105.7,37.0,112.6,39.5,-6.9,-2.5,0.695,1.8,8.0,0.311,0.679,0.487,0.053,0.512,0.523,102.0,291.04,242.54,5972,0.457,2,29,23,4,10,3,12,28,26,27,22,17,29,21,392.6,309.4,331.6,1030.4,384.0,318.6,347.2,1064.4,2,2,2,2,28,29,28,29,0.54,0.46,0.458,0.045,0.433,0.152,0.109,0.167,0.413,0.606,0.394,0.942,0.058,0.736,0.264,19,12,21,8,8,16,20,14,22,17,14,14,17,13,18,0.22,0.547,0.303,0.054,0.321,23,19,26,1,28,846.8,1778.8,0.476,252.6,727.6,0.347,417.8,538.2,0.776,240.4,695.6,936.0,519.6,325.0,186.0,118.0,84.4,360.8,447.2,2364.0,29,29,21,28,28,9,29,29,15,29,29,29,28,2,29,28,3,29,2,29,0,2024-25
1642272,Jared McCain,Jared,1610612755,PHI,21.0,23,7,16,0.304,25.7,5.5,11.9,0.46,2.2,5.8,0.383,2.1,2.4,0.875,0.6,1.9,2.4,2.6,1.6,0.7,0.0,0.5,1.6,2.0,15.3,-1.2,22.5,1,0,23.9,52,61,38,73,10,2,3,30,1,2,12,2,6,16,44,41,39,9,8,26,82,19,37,6,1,59,10,17,3,3,1,108.3,109.3,109.3,110.7,111.4,111.4,-2.5,-2.1,-2.1,0.171,1.62,15.2,0.022,0.076,0.048,9.3,9.4,0.553,0.589,0.243,0.248,98.92,98.18,81.82,98.18,0.106,1210,5.5,11.9,42,36,36,53,59,59,47,44,44,24,44,52,85,84,89,44,44,29,24,3,3,83,96,96,11,2,3,0.264,0.26,0.354,0.302,0.219,0.202,0.1,0.12,0.115,0.221,0.213,0.146,0.0,0.193,0.162,0.188,0.266,4,3,7,11,13,24,81,81,85,23,87,63,82,63,15,29,3,2.5,1.1,2.8,5.7,9.4,7.3,8.7,25.7,2,23,2,9,87,91,90,11,0.515,0.485,0.426,0.051,0.435,0.182,0.139,0.165,0.375,0.32,0.68,0.804,0.196,0.516,0.484,62,42,65,29,35,28,46,39,66,86,11,65,15,83,17,0.084,0.08379164794949279,5,Philadelphia 76ers,76,19,57,0.25,632.555333,488,987,0.494,140,407,0.344,167,226,0.739,184,389,573,172,181.0,106,109,56,298,194,1283,-94.8,12,23,26,27,6,6,7,5,6,6,11,7,7,12,6,7,7,9,25,4,4,22,25,7,6,25,108.8,29.1,116.4,31.1,-7.5,-2.0,0.578,1.7,2.9,0.292,0.67,0.475,0.037,0.527,0.59,100.5,375.81,313.17,4956,0.456,7,26,21,28,14,21,19,29,29,16,17,3,23,22,231.2,189.2,210.4,646.8,224.4,218.0,212.6,676.0,6,6,6,6,24,25,25,25,0.588,0.412,0.542,0.042,0.327,0.144,0.13,0.166,0.5,0.557,0.443,0.886,0.114,0.652,0.348,12,19,14,11,18,19,14,15,12,22,9,19,12,21,10,0.239,0.568,0.241,0.04,0.33,16,28,11,9,29,565.0,1161.2,0.487,188.4,492.8,0.382,220.8,280.4,0.787,160.6,443.4,604.0,372.2,198.6,102.0,63.8,68.0,232.0,240.0,1539.2,25,25,28,25,25,28,25,25,20,25,25,25,25,6,25,25,6,25,6,25,7,2024-25
1641740,Jaylen Clark,Jaylen,1610612750,MIN,23.0,40,28,12,0.7,13.0,1.4,3.0,0.467,0.6,1.3,0.431,0.7,0.9,0.784,0.7,0.7,1.3,0.7,0.2,0.9,0.1,0.3,1.5,0.8,4.1,1.1,9.3,0,0,8.5,37,18,45,17,46,51,58,28,41,54,5,37,38,36,39,79,70,61,83,11,78,43,42,41,52,20,50,35,3,53,1,115.5,115.2,115.2,110.7,109.6,109.6,4.7,5.6,5.6,0.067,3.25,15.1,0.047,0.053,0.05,4.7,4.7,0.558,0.598,0.115,0.117,101.32,101.98,84.98,101.98,0.057,1101,1.4,3.0,12,10,10,52,43,43,22,18,18,71,7,53,46,99,86,13,13,26,19,92,93,56,58,58,72,51,58,0.126,0.124,0.133,0.114,0.134,0.137,0.198,0.081,0.114,0.094,0.057,0.336,0.045,0.222,0.272,0.14,0.129,76,89,59,75,48,53,49,99,86,71,10,9,78,76,73,62,75,1.1,0.8,0.5,1.7,4.0,3.7,4.0,13.2,29,35,59,53,55,57,60,49,0.575,0.425,0.417,0.012,0.405,0.117,0.178,0.264,0.405,0.559,0.441,1.0,0.0,0.732,0.268,45,59,69,63,42,61,22,11,60,63,34,1,43,57,43,0.052,0.051639227479482706,33,Minnesota Timberwolves,62,40,22,0.645,277.899333,204,447,0.456,58,156,0.372,54,73,0.74,50,104,154,158,79.2,64,8,37,129,75,520,12.4,18,5,11,6,16,15,15,11,17,18,3,17,18,11,17,19,19,10,13,12,24,21,15,17,17,3,113.0,30.7,110.2,30.2,2.8,0.6,0.647,1.92,6.0,0.306,0.682,0.493,0.037,0.537,0.543,101.5,372.13,310.11,2155,0.511,5,22,5,11,6,6,14,26,21,17,8,16,24,8,111.6,80.8,81.4,278.4,90.6,83.4,80.6,288.0,15,17,18,16,14,15,15,16,0.651,0.349,0.562,0.038,0.335,0.175,0.104,0.21,0.523,0.527,0.473,0.776,0.224,0.598,0.402,7,24,10,12,17,10,21,4,10,24,7,29,2,27,4,0.266,0.538,0.274,0.042,0.318,4,14,21,7,26,237.6,508.0,0.468,71.8,209.6,0.343,102.6,139.4,0.736,70.0,190.6,260.6,142.8,90.0,45.2,28.0,24.8,113.4,113.8,649.6,16,15,17,14,15,7,14,14,3,16,15,15,15,15,15,14,18,17,16,15,0,2024-25
1641798,Jaylen Martin,Jaylen,1610612764,WAS,21.0,16,3,13,0.188,14.9,1.9,4.6,0.419,0.4,1.4,0.304,0.6,0.6,0.9,0.7,2.1,2.8,1.1,0.8,0.6,0.0,0.3,0.9,0.5,4.9,-8.2,10.7,0,0,10.3,60,78,44,88,42,42,41,51,53,52,45,46,55,14,33,35,36,41,38,34,82,34,62,58,44,98,44,35,3,47,2,94.3,93.6,93.6,119.3,120.7,120.7,-25.0,-27.1,-27.1,0.12,1.42,16.0,0.04,0.141,0.086,11.3,11.2,0.466,0.497,0.155,0.162,100.83,100.58,83.81,100.58,0.074,502,1.9,4.6,94,89,89,88,94,94,96,98,98,42,52,46,57,38,48,69,66,58,59,57,54,65,74,74,44,42,41,0.179,0.17,0.149,0.139,0.117,0.094,0.186,0.221,0.212,0.155,0.16,0.25,0.0,0.2,0.159,0.095,0.166,30,51,50,68,58,77,52,37,36,40,61,26,82,69,13,80,40,0.9,0.8,0.9,2.9,6.2,5.7,5.0,17.0,39,33,32,34,68,76,66,34,0.689,0.311,0.615,0.026,0.269,0.179,0.116,0.192,0.59,0.667,0.333,1.0,0.0,0.742,0.258,27,77,37,50,60,32,62,27,35,43,52,1,43,56,44,0.009,0.008778707236016313,92,Washington Wizards,82,18,64,0.22,1380.553,933,2388,0.391,384,1209,0.318,291,388,0.75,225,932,1157,780,441.4,186,175,118,600,361,2541,-400.4,1,24,29,28,1,1,1,23,1,1,16,1,1,10,4,1,1,1,30,1,1,30,30,1,1,30,102.9,39.1,116.6,44.2,-13.6,-5.1,0.643,1.63,8.1,0.261,0.686,0.47,0.056,0.509,0.497,103.4,272.45,227.04,7837,0.429,1,30,30,12,18,2,28,24,30,29,23,21,30,27,420.8,345.6,464.6,1284.8,557.6,475.0,500.8,1508.4,1,1,1,1,30,30,30,30,0.494,0.506,0.432,0.082,0.453,0.155,0.115,0.133,0.35,0.597,0.403,0.826,0.174,0.691,0.309,26,5,24,4,6,15,19,25,26,20,11,26,5,17,14,0.213,0.549,0.248,0.048,0.314,25,20,15,4,24,1267.2,2677.0,0.473,406.4,1123.8,0.362,523.4,663.8,0.788,372.6,1058.6,1431.2,816.6,375.4,258.2,146.2,152.0,483.8,559.0,3464.2,30,30,19,30,30,20,30,30,21,30,30,30,30,1,30,30,1,30,1,30,0,2024-25
1631301,Jaylen Sims,Jaylen,1610612766,CHA,26.0,6,0,6,0.0,18.6,2.0,4.7,0.429,1.0,2.5,0.4,2.0,2.5,0.8,0.5,0.5,1.0,2.0,1.3,0.5,0.2,0.2,1.7,1.8,7.0,-7.8,11.9,0,0,12.3,84,99,64,99,33,41,40,47,20,33,9,3,4,28,53,85,80,14,13,41,48,60,34,10,31,96,42,35,3,39,1,100.3,100.4,100.4,120.7,120.4,120.4,-20.3,-20.0,-20.0,0.176,1.5,21.8,0.025,0.025,0.025,14.5,14.7,0.536,0.607,0.159,0.162,100.84,100.89,84.07,100.89,0.057,235,2.0,4.7,79,74,74,89,92,92,92,93,93,23,47,23,78,101,101,93,93,35,17,51,55,64,71,71,71,41,40,0.15,0.149,0.24,0.181,0.235,0.211,0.107,0.041,0.059,0.218,0.182,0.188,0.125,0.143,0.204,0.193,0.178,57,71,17,52,12,19,80,101,101,24,74,51,54,42,42,27,27,1.0,0.3,1.0,1.7,9.7,7.0,5.7,13.7,33,63,25,51,91,89,70,46,0.464,0.536,0.286,0.048,0.429,0.143,0.285,0.143,0.238,0.667,0.333,0.833,0.167,0.75,0.25,72,32,87,32,37,45,7,51,84,43,52,62,17,49,49,0.013,0.0128599641860864,90,Charlotte Hornets,71,13,58,0.183,513.746667,272,804,0.338,109,406,0.268,133,174,0.764,126,319,445,254,179.4,81,23,57,172,185,786,-163.0,15,28,27,30,7,12,9,29,8,7,25,8,8,9,10,9,10,5,24,7,14,24,20,8,10,27,98.8,26.1,115.2,29.9,-16.4,-3.8,0.62,1.33,5.1,0.316,0.696,0.497,0.044,0.481,0.446,99.4,379.98,316.65,4052,0.415,18,21,29,20,28,8,8,22,17,23,30,28,19,29,161.4,166.2,115.0,460.0,231.6,148.4,178.0,500.4,9,7,12,9,25,23,24,23,0.495,0.505,0.415,0.036,0.416,0.135,0.169,0.135,0.379,0.466,0.534,0.826,0.174,0.61,0.39,25,6,25,13,9,20,6,23,24,28,3,25,6,26,5,0.236,0.559,0.227,0.035,0.304,18,25,5,13,22,445.4,939.6,0.474,160.2,439.8,0.364,168.2,213.2,0.789,120.0,362.0,482.0,292.8,144.8,99.0,56.0,40.8,192.4,187.6,1219.2,24,24,20,24,24,22,22,23,22,23,24,24,24,8,24,24,11,24,8,24,0,2024-25
1642377,Jaylen Wells,Jaylen,1610612763,MEM,21.0,79,47,32,0.595,25.9,3.6,8.6,0.425,1.7,5.0,0.352,1.4,1.7,0.822,1.1,2.3,3.4,1.7,0.9,0.6,0.1,0.4,1.8,1.9,10.4,2.4,18.2,1,0,18.6,5,1,26,36,9,13,10,49,4,6,23,11,15,21,19,33,26,21,32,35,67,22,26,8,7,10,21,17,3,18,1,114.6,116.7,116.7,111.0,111.9,111.9,3.6,4.7,4.7,0.082,1.96,14.4,0.04,0.083,0.061,7.4,7.3,0.527,0.56,0.156,0.158,106.02,104.64,87.2,104.64,0.065,4444,3.6,8.6,14,7,7,55,64,64,25,22,22,61,34,58,58,79,77,25,25,38,37,55,62,7,28,28,64,13,10,0.149,0.169,0.235,0.245,0.15,0.146,0.156,0.122,0.131,0.111,0.104,0.125,0.035,0.136,0.172,0.177,0.159,60,53,19,22,38,45,64,79,80,57,27,74,79,41,20,37,47,1.4,1.5,1.4,3.1,10.4,7.5,9.0,25.6,15,13,15,31,95,93,95,12,0.42,0.58,0.362,0.066,0.503,0.139,0.135,0.139,0.296,0.658,0.342,0.906,0.094,0.777,0.223,78,26,76,17,24,48,48,57,76,46,51,55,25,42,58,0.081,0.08128410838239453,6,Memphis Grizzlies,82,48,34,0.585,761.351667,583,1222,0.477,182,519,0.351,227,290,0.783,331,527,858,253,255.0,91,94,65,359,288,1575,83.6,1,2,16,11,4,4,4,7,3,4,10,4,5,6,2,4,3,6,27,5,5,25,27,3,3,1,115.1,32.3,110.6,30.8,4.5,1.5,0.624,1.75,3.4,0.353,0.721,0.538,0.043,0.553,0.584,105.5,377.33,314.44,5978,0.524,4,25,3,18,11,16,3,8,2,21,2,6,21,2,286.8,288.4,253.0,890.8,313.0,223.4,266.8,762.8,3,3,4,4,26,26,26,26,0.575,0.425,0.509,0.044,0.347,0.103,0.144,0.133,0.465,0.651,0.349,0.901,0.099,0.729,0.271,14,17,16,9,15,26,10,24,16,12,19,17,14,16,15,0.231,0.539,0.242,0.038,0.279,20,16,12,11,8,671.6,1457.6,0.461,228.4,623.0,0.367,274.4,353.4,0.776,172.2,485.4,657.6,438.8,228.0,143.0,86.4,87.4,315.4,319.0,1846.0,26,27,11,26,26,23,27,27,16,26,26,26,26,4,26,27,2,27,4,26,195,2024-25
1642281,Jaylon Tyson,Jaylon,1610612739,CLE,22.0,47,37,10,0.787,9.6,1.4,3.2,0.43,0.4,1.2,0.345,0.4,0.5,0.792,0.8,1.3,2.0,0.9,0.6,0.3,0.1,0.2,1.1,0.5,3.6,0.0,7.9,1,0,7.6,31,7,51,13,60,52,55,45,54,55,27,57,64,34,31,54,45,49,46,65,75,48,53,55,57,38,63,17,3,60,1,108.3,108.4,108.4,108.5,108.8,108.8,-0.2,-0.4,-0.4,0.135,1.69,19.1,0.076,0.117,0.097,11.3,11.3,0.497,0.523,0.164,0.168,101.47,101.31,84.42,101.31,0.075,957,1.4,3.2,43,41,41,36,40,40,37,39,39,37,42,35,19,53,38,68,69,46,43,48,48,52,66,66,43,52,55,0.164,0.173,0.157,0.157,0.148,0.134,0.257,0.172,0.197,0.19,0.159,0.197,0.081,0.18,0.286,0.164,0.161,43,49,46,61,39,54,32,58,46,33,60,47,66,57,76,46,44,0.4,0.6,0.5,1.7,3.7,2.7,3.6,9.5,74,45,54,47,51,46,56,59,0.611,0.389,0.527,0.036,0.359,0.15,0.114,0.102,0.491,0.477,0.523,0.85,0.15,0.594,0.406,38,66,51,41,48,42,65,77,48,74,23,61,19,74,26,0.039,0.03887262854852465,55,Cleveland Cavaliers,49,39,10,0.796,120.844,82,201,0.408,22,77,0.286,29,37,0.784,54,83,137,54,44.4,14,5,19,65,34,215,0.8,23,6,3,3,25,23,23,21,22,23,22,22,23,5,16,21,21,23,8,26,26,12,6,23,23,9,107.4,26.8,106.9,26.7,0.5,0.1,0.6,1.4,4.2,0.363,0.71,0.541,0.043,0.528,0.495,101.7,407.14,339.28,1025,0.493,13,15,9,24,27,11,1,14,1,22,16,22,14,12,37.0,39.6,33.0,124.0,45.0,34.4,47.2,125.2,25,24,25,24,6,7,9,6,0.617,0.383,0.558,0.028,0.307,0.149,0.135,0.102,0.53,0.5,0.5,0.864,0.136,0.598,0.402,9,22,11,21,21,17,12,30,9,25,6,21,9,28,3,0.201,0.496,0.236,0.027,0.29,28,2,9,28,14,100.6,233.0,0.432,30.0,96.8,0.31,42.6,55.0,0.775,29.0,75.0,104.0,60.4,28.0,27.4,17.6,11.4,39.0,45.8,273.8,6,7,3,6,6,5,6,6,14,7,6,6,6,25,9,10,24,6,25,6,0,2024-25
1641789,Jazian Gortman,Jazian,1610612742,DAL,22.0,16,8,8,0.5,3.5,0.6,1.4,0.391,0.3,0.7,0.364,0.1,0.3,0.5,0.1,0.3,0.3,0.4,0.3,0.1,0.1,0.1,0.6,0.1,1.5,0.7,2.7,0,0,2.8,60,58,57,47,94,80,83,62,65,76,18,90,87,80,93,99,100,78,68,79,76,77,81,93,83,24,89,35,3,88,1,112.4,103.8,103.8,102.4,99.2,99.2,10.1,4.6,4.6,0.154,1.2,17.1,0.016,0.065,0.04,14.3,14.0,0.478,0.485,0.195,0.219,103.82,109.79,91.49,109.79,0.031,132,0.6,1.4,20,62,62,19,18,18,10,23,23,27,64,40,90,93,98,90,90,53,65,18,10,24,9,9,85,80,83,0.188,0.223,0.25,0.25,0.08,0.111,0.071,0.095,0.089,0.2,0.294,0.222,0.1,0.5,0.346,0.087,0.175,26,14,15,20,83,70,89,93,98,27,97,36,58,98,87,84,30,0.2,0.0,0.0,0.4,0.7,0.7,1.8,3.8,80,85,85,89,6,8,26,92,0.522,0.478,0.417,0.167,0.5,0.0,0.083,0.125,0.25,0.2,0.8,0.75,0.25,0.444,0.556,59,45,70,5,26,85,81,66,82,90,6,70,10,91,9,0.026,0.02563405353197802,75,Dallas Mavericks,24,11,13,0.458,24.670667,19,36,0.528,4,11,0.364,6,10,0.6,9,17,26,8,7.4,2,3,1,17,6,48,-5.0,29,29,5,19,29,29,29,2,29,30,4,29,29,27,29,29,29,29,1,30,28,1,2,29,29,13,107.2,20.6,117.8,22.9,-10.6,-2.2,0.598,1.65,2.4,0.322,0.758,0.531,0.027,0.5,0.594,103.3,534.08,445.06,277,0.447,30,6,22,25,17,27,7,1,3,1,25,1,1,24,6.6,8.8,4.0,22.0,7.6,4.0,10.4,28.4,29,29,30,29,1,1,2,2,0.694,0.306,0.625,0.125,0.25,0.021,0.125,0.104,0.5,0.6,0.4,0.75,0.25,0.632,0.368,3,28,5,2,22,30,16,29,13,19,12,30,1,24,7,0.299,0.558,0.206,0.018,0.242,1,24,3,30,1,23.2,48.6,0.477,7.8,18.4,0.424,8.0,10.0,0.8,5.2,18.2,23.4,15.4,5.0,4.2,2.2,3.4,10.0,9.2,62.2,2,2,22,2,2,30,2,1,26,1,2,2,2,30,2,2,29,2,29,2,0,2024-25
1642399,Jesse Edwards,Jesse,1610612750,MIN,25.0,2,2,0,1.0,2.3,0.0,0.0,0.0,0.0,0.0,0.0,0.0,0.0,0.0,0.0,0.0,0.0,0.5,0.0,0.0,0.0,0.0,1.0,0.5,0.0,-5.0,0.8,0,0,0.5,100,86,100,1,100,100,104,100,80,97,80,95,96,95,95,102,102,63,96,89,82,83,55,58,101,83,103,35,3,103,1,81.0,72.7,72.7,186.7,150.0,150.0,-105.8,-77.3,-77.3,0.25,0.0,100.0,0.0,0.0,0.0,0.0,0.0,0.0,0.0,0.0,0.0,100.39,118.29,98.57,118.29,-0.043,11,0.0,0.0,101,101,101,104,103,103,104,103,103,8,93,1,95,102,102,1,1,100,101,104,104,70,3,3,100,100,104,0.0,0.0,0.0,0.0,0.0,0.0,0.0,0.0,0.0,1.0,0.0,0.0,0.0,0.0,0.667,0.5,0.0,100,104,80,97,95,96,95,102,102,1,1,89,82,1,104,1,101,0.0,0.0,0.0,0.0,1.0,1.0,1.0,2.0,86,85,85,95,8,15,13,100,0.0,0.0,0.0,0.0,0.0,0.0,1.0,0.0,0.0,0.0,0.0,0.0,0.0,0.0,0.0,101,97,97,68,80,85,95,86,95,92,90,78,43,96,90,-0.023,-0.02289287187149136,102,Minnesota Timberwolves,62,40,22,0.645,277.899333,204,447,0.456,58,156,0.372,54,73,0.74,50,104,154,158,79.2,64,8,37,129,75,520,12.4,18,5,11,6,16,15,15,11,17,18,3,17,18,11,17,19,19,10,13,12,24,21,15,17,17,3,113.0,30.7,110.2,30.2,2.8,0.6,0.647,1.92,6.0,0.306,0.682,0.493,0.037,0.537,0.543,101.5,372.13,310.11,2155,0.511,5,22,5,11,6,6,14,26,21,17,8,16,24,8,111.6,80.8,81.4,278.4,90.6,83.4,80.6,288.0,15,17,18,16,14,15,15,16,0.651,0.349,0.562,0.038,0.335,0.175,0.104,0.21,0.523,0.527,0.473,0.776,0.224,0.598,0.402,7,24,10,12,17,10,21,4,10,24,7,29,2,27,4,0.266,0.538,0.274,0.042,0.318,4,14,21,7,26,237.6,508.0,0.468,71.8,209.6,0.343,102.6,139.4,0.736,70.0,190.6,260.6,142.8,90.0,45.2,28.0,24.8,113.4,113.8,649.6,16,15,17,14,15,7,14,14,3,16,15,15,15,15,15,14,18,17,16,15,0,2024-25
1642277,Johnny Furphy,Johnny,1610612754,IND,20.0,50,31,19,0.62,7.6,0.7,1.8,0.38,0.3,1.0,0.3,0.4,0.4,0.818,0.5,1.0,1.4,0.4,0.2,0.4,0.2,0.2,0.8,0.5,2.1,0.4,5.8,0,0,5.3,28,12,35,31,68,71,73,66,61,63,47,61,68,23,60,65,67,77,75,56,40,53,65,65,69,26,70,35,3,70,1,107.8,106.1,106.1,106.3,105.4,105.4,1.5,0.6,0.6,0.063,1.58,14.4,0.06,0.126,0.093,9.1,9.0,0.462,0.506,0.118,0.124,104.22,105.49,87.91,105.49,0.059,842,0.7,1.8,45,50,50,31,30,30,32,34,34,74,46,59,31,46,43,42,42,60,52,91,88,19,19,19,68,71,73,0.104,0.13,0.19,0.2,0.125,0.12,0.261,0.191,0.209,0.091,0.092,0.214,0.22,0.193,0.252,0.149,0.115,86,85,37,44,53,65,30,47,38,72,24,39,33,63,63,54,83,0.7,0.1,0.6,0.8,2.8,2.1,2.5,7.2,53,83,50,74,34,37,39,74,0.457,0.543,0.388,0.0,0.437,0.282,0.175,0.34,0.388,0.85,0.15,0.933,0.067,0.886,0.114,74,30,73,68,33,11,26,5,64,14,83,50,30,17,83,0.039,0.03899875915987948,55,Indiana Pacers,54,34,20,0.63,127.839333,63,168,0.375,22,84,0.262,34,44,0.773,36,77,113,43,42.0,28,16,17,71,41,182,8.8,20,10,10,8,24,25,24,25,22,22,26,21,21,7,22,25,23,25,7,21,20,10,8,22,24,6,107.5,29.0,106.0,28.6,1.4,0.4,0.594,1.61,3.4,0.332,0.711,0.517,0.04,0.519,0.486,105.4,390.49,325.41,1048,0.519,8,18,7,26,20,15,6,13,8,19,20,24,16,5,63.2,42.0,51.8,156.4,46.4,32.0,45.4,125.2,20,23,21,20,7,6,8,6,0.5,0.5,0.451,0.022,0.363,0.192,0.187,0.313,0.429,0.732,0.268,0.864,0.136,0.778,0.222,24,7,22,25,13,4,2,2,21,6,25,21,9,10,21,0.262,0.539,0.314,0.049,0.289,6,15,27,3,13,104.8,225.6,0.465,33.6,100.0,0.336,52.2,70.8,0.737,28.4,82.6,111.0,66.0,50.2,24.8,18.8,17.6,53.8,55.0,295.4,7,6,14,8,7,6,7,10,4,6,7,7,7,20,8,11,20,8,23,7,0,2024-25
1642367,Jonathan Mogbo,Jonathan,1610612761,TOR,23.0,63,18,45,0.286,20.4,2.5,5.7,0.438,0.3,1.1,0.243,1.0,1.3,0.732,1.7,3.2,4.9,2.3,1.1,0.9,0.5,0.5,2.2,1.1,6.2,-3.8,18.7,3,1,16.5,19,32,11,74,26,36,32,42,64,59,67,25,24,54,10,16,12,12,20,13,17,17,15,29,38,81,19,11,1,24,1,103.8,103.7,103.7,112.2,111.9,111.9,-8.4,-8.2,-8.2,0.16,2.09,24.1,0.076,0.157,0.114,11.5,11.5,0.462,0.496,0.145,0.149,102.5,102.69,85.58,102.69,0.083,2743,2.5,5.7,64,63,63,64,63,63,65,62,62,26,25,18,18,30,22,72,73,59,60,67,71,39,46,46,32,36,32,0.146,0.147,0.054,0.073,0.153,0.157,0.311,0.247,0.266,0.198,0.162,0.242,0.309,0.197,0.23,0.155,0.137,62,74,74,84,36,38,22,24,22,30,64,30,26,68,52,50,71,1.3,1.0,0.9,4.2,8.2,6.8,7.4,22.7,18,27,29,19,80,88,83,22,0.803,0.197,0.715,0.031,0.131,0.152,0.154,0.216,0.684,0.712,0.288,1.0,0.0,0.744,0.256,18,86,23,44,74,41,35,14,22,37,60,1,43,55,45,0.065,0.06521899854186809,16,Toronto Raptors,82,30,52,0.366,985.913667,670,1605,0.417,259,738,0.351,196,254,0.772,239,513,752,598,318.8,173,65,113,486,267,1795,-153.0,1,16,25,24,2,2,2,19,2,2,9,6,6,8,3,5,5,3,29,2,9,29,29,4,2,26,105.7,37.0,112.6,39.5,-6.9,-2.5,0.695,1.8,8.0,0.311,0.679,0.487,0.053,0.512,0.523,102.0,291.04,242.54,5972,0.457,2,29,23,4,10,3,12,28,26,27,22,17,29,21,392.6,309.4,331.6,1030.4,384.0,318.6,347.2,1064.4,2,2,2,2,28,29,28,29,0.54,0.46,0.458,0.045,0.433,0.152,0.109,0.167,0.413,0.606,0.394,0.942,0.058,0.736,0.264,19,12,21,8,8,16,20,14,22,17,14,14,17,13,18,0.22,0.547,0.303,0.054,0.321,23,19,26,1,28,846.8,1778.8,0.476,252.6,727.6,0.347,417.8,538.2,0.776,240.4,695.6,936.0,519.6,325.0,186.0,118.0,84.4,360.8,447.2,2364.0,29,29,21,28,28,9,29,29,15,29,29,29,28,2,29,28,3,29,2,29,0,2024-25
1642348,Justin Edwards,Justin,1610612755,PHI,21.0,44,11,33,0.25,26.2,3.9,8.6,0.455,1.6,4.3,0.363,0.7,1.0,0.696,1.0,2.3,3.4,1.6,1.1,1.0,0.4,0.6,2.2,0.9,10.1,-6.4,19.5,1,0,19.4,32,53,23,80,7,8,9,33,10,10,19,36,32,61,24,31,27,23,19,1,22,11,12,35,9,90,17,17,3,16,1,110.4,111.6,111.6,122.7,123.2,123.2,-12.3,-11.6,-11.6,0.084,1.41,13.3,0.038,0.094,0.065,9.5,9.5,0.546,0.559,0.165,0.168,100.16,99.43,82.86,99.43,0.062,2391,3.9,8.6,32,23,23,93,97,97,77,75,75,59,54,66,61,71,71,46,47,32,38,47,49,73,84,84,65,8,9,0.174,0.177,0.21,0.209,0.088,0.099,0.188,0.157,0.166,0.112,0.155,0.216,0.157,0.197,0.214,0.093,0.167,34,46,26,38,79,75,51,66,62,56,59,38,45,67,46,81,39,1.8,1.3,1.8,3.9,9.6,9.8,9.0,30.2,6,16,9,21,90,103,94,5,0.497,0.503,0.463,0.076,0.465,0.178,0.072,0.173,0.387,0.544,0.456,0.928,0.072,0.698,0.302,68,36,58,15,30,33,84,33,65,65,32,51,29,59,41,-0.003,-0.0031813152509232658,98,Philadelphia 76ers,76,19,57,0.25,632.555333,488,987,0.494,140,407,0.344,167,226,0.739,184,389,573,172,181.0,106,109,56,298,194,1283,-94.8,12,23,26,27,6,6,7,5,6,6,11,7,7,12,6,7,7,9,25,4,4,22,25,7,6,25,108.8,29.1,116.4,31.1,-7.5,-2.0,0.578,1.7,2.9,0.292,0.67,0.475,0.037,0.527,0.59,100.5,375.81,313.17,4956,0.456,7,26,21,28,14,21,19,29,29,16,17,3,23,22,231.2,189.2,210.4,646.8,224.4,218.0,212.6,676.0,6,6,6,6,24,25,25,25,0.588,0.412,0.542,0.042,0.327,0.144,0.13,0.166,0.5,0.557,0.443,0.886,0.114,0.652,0.348,12,19,14,11,18,19,14,15,12,22,9,19,12,21,10,0.239,0.568,0.241,0.04,0.33,16,28,11,9,29,565.0,1161.2,0.487,188.4,492.8,0.382,220.8,280.4,0.787,160.6,443.4,604.0,372.2,198.6,102.0,63.8,68.0,232.0,240.0,1539.2,25,25,28,25,25,28,25,25,20,25,25,25,25,6,25,25,6,25,6,25,1,2024-25
1642354,KJ Simpson,KJ,1610612766,CHA,22.0,36,3,33,0.083,23.4,2.9,8.4,0.346,0.9,3.6,0.254,1.1,1.4,0.82,1.1,1.9,3.0,3.1,1.6,0.9,0.2,0.5,1.6,2.1,7.8,-7.7,17.9,0,0,17.1,39,78,23,97,15,22,11,73,27,15,64,17,21,22,22,39,33,6,10,6,48,15,41,5,22,95,22,35,3,21,1,99.3,101.0,101.0,116.2,116.4,116.4,-16.9,-15.4,-15.4,0.21,2.0,22.8,0.042,0.081,0.06,11.4,11.4,0.4,0.437,0.188,0.192,99.99,99.1,82.58,99.1,0.06,1734,2.9,8.4,83,72,72,79,79,79,89,87,87,15,29,19,52,81,79,71,71,79,78,22,25,74,87,87,67,22,11,0.163,0.196,0.171,0.214,0.145,0.138,0.184,0.122,0.139,0.287,0.198,0.264,0.086,0.209,0.186,0.233,0.161,45,29,43,33,40,52,53,80,76,11,83,23,64,73,29,15,43,1.1,1.3,1.0,3.5,10.5,7.3,8.2,24.1,26,20,28,26,96,92,86,16,0.568,0.432,0.504,0.057,0.351,0.124,0.145,0.142,0.447,0.324,0.676,0.667,0.333,0.433,0.567,48,56,54,23,50,57,41,54,54,85,12,71,6,92,8,0.043,0.04308437778653074,46,Charlotte Hornets,71,13,58,0.183,513.746667,272,804,0.338,109,406,0.268,133,174,0.764,126,319,445,254,179.4,81,23,57,172,185,786,-163.0,15,28,27,30,7,12,9,29,8,7,25,8,8,9,10,9,10,5,24,7,14,24,20,8,10,27,98.8,26.1,115.2,29.9,-16.4,-3.8,0.62,1.33,5.1,0.316,0.696,0.497,0.044,0.481,0.446,99.4,379.98,316.65,4052,0.415,18,21,29,20,28,8,8,22,17,23,30,28,19,29,161.4,166.2,115.0,460.0,231.6,148.4,178.0,500.4,9,7,12,9,25,23,24,23,0.495,0.505,0.415,0.036,0.416,0.135,0.169,0.135,0.379,0.466,0.534,0.826,0.174,0.61,0.39,25,6,25,13,9,20,6,23,24,28,3,25,6,26,5,0.236,0.559,0.227,0.035,0.304,18,25,5,13,22,445.4,939.6,0.474,160.2,439.8,0.364,168.2,213.2,0.789,120.0,362.0,482.0,292.8,144.8,99.0,56.0,40.8,192.4,187.6,1219.2,24,24,20,24,24,22,22,23,22,23,24,24,24,8,24,24,11,24,8,24,0,2024-25
1631255,Karlo Matković,Karlo,1610612740,NOP,24.0,42,12,30,0.286,18.8,3.2,5.6,0.574,0.5,1.6,0.318,0.8,1.0,0.773,1.5,3.5,5.0,1.1,1.0,0.5,1.0,0.3,2.5,1.0,7.7,-2.1,18.8,4,0,17.3,34,48,30,74,32,17,34,14,45,49,38,30,30,40,13,14,11,38,25,38,9,42,5,33,23,67,18,10,3,20,1,109.3,109.4,109.4,114.0,114.1,114.1,-4.7,-4.7,-4.7,0.083,1.07,13.5,0.079,0.177,0.129,12.6,12.5,0.619,0.639,0.155,0.16,102.02,101.91,84.92,101.91,0.096,1674,3.2,5.6,37,35,35,68,70,70,57,53,53,60,67,65,14,19,16,85,84,13,13,56,59,45,59,59,18,17,34,0.197,0.162,0.098,0.111,0.139,0.138,0.344,0.272,0.291,0.104,0.16,0.163,0.432,0.155,0.32,0.147,0.177,23,61,66,77,46,51,15,16,15,67,62,57,17,49,82,56,29,0.9,1.3,0.6,5.3,7.7,6.8,5.9,18.2,43,19,43,10,77,86,74,32,0.719,0.281,0.702,0.018,0.194,0.083,0.104,0.111,0.683,0.728,0.272,1.0,0.0,0.77,0.23,25,79,24,54,70,72,69,76,23,34,63,1,43,43,57,0.048,0.04793335310363803,38,New Orleans Pelicans,82,21,61,0.256,759.387,574,1093,0.525,86,239,0.36,213,317,0.672,353,596,949,200,242.8,91,154,96,328,250,1447,-187.4,1,22,28,26,5,5,5,3,11,12,6,5,4,22,1,3,2,7,26,5,2,27,26,6,5,28,106.9,28.2,118.1,31.3,-11.2,-3.1,0.642,1.69,2.7,0.304,0.689,0.492,0.04,0.521,0.587,101.2,383.11,319.26,6061,0.446,9,27,25,13,15,25,15,23,23,18,19,5,17,25,246.4,241.4,251.8,814.0,317.0,255.6,284.0,816.4,5,5,5,5,27,27,27,27,0.781,0.219,0.674,0.033,0.178,0.107,0.147,0.128,0.641,0.701,0.299,0.919,0.081,0.733,0.267,2,29,3,17,29,25,7,27,2,9,22,15,16,15,16,0.238,0.572,0.236,0.035,0.311,17,29,8,14,23,697.8,1427.4,0.489,238.0,644.0,0.37,262.4,336.8,0.779,184.6,527.0,711.6,459.6,213.8,153.2,81.2,79.8,274.6,277.4,1896.0,27,26,29,27,27,25,26,26,18,27,27,27,27,5,27,26,4,26,5,27,0,2024-25
1630811,Keaton Wallace,Keaton,1610612737,ATL,26.0,31,15,16,0.484,16.2,2.1,5.2,0.401,0.9,2.6,0.329,0.4,0.4,1.0,0.2,1.4,1.6,2.6,1.1,0.9,0.3,0.1,1.3,0.4,5.4,-0.6,13.8,1,1,12.9,45,38,38,53,38,40,35,57,28,31,34,62,74,1,80,51,59,8,23,10,27,71,50,69,42,45,34,17,1,36,1,107.9,106.2,106.2,108.6,108.4,108.4,-0.8,-2.2,-2.2,0.224,2.45,28.8,0.013,0.08,0.047,11.7,11.8,0.485,0.503,0.164,0.17,101.88,102.77,85.64,102.77,0.074,1075,2.1,5.2,44,48,48,37,38,38,39,45,45,12,18,11,91,82,91,76,76,51,53,49,46,47,44,44,45,40,35,0.152,0.176,0.186,0.2,0.077,0.059,0.061,0.12,0.106,0.278,0.196,0.295,0.184,0.07,0.211,0.074,0.147,54,47,39,46,85,92,92,81,94,13,82,18,40,24,45,89,57,0.8,0.6,0.5,2.2,6.5,4.9,4.5,14.7,48,44,60,42,70,65,63,40,0.494,0.506,0.452,0.048,0.482,0.083,0.066,0.143,0.405,0.289,0.711,0.815,0.185,0.508,0.492,69,35,62,32,28,69,87,51,61,88,9,64,16,85,15,0.066,0.06591304932239261,15,Atlanta Hawks,78,39,39,0.5,483.220667,438,966,0.453,158,443,0.357,119,162,0.735,97,232,329,175,163.0,80,46,56,198,119,1153,-22.2,9,6,19,16,9,7,8,12,5,5,8,9,9,15,11,11,11,8,23,8,11,22,22,10,8,19,110.5,24.5,112.2,24.9,-1.7,-0.4,0.688,1.86,3.1,0.292,0.719,0.502,0.034,0.551,0.556,104.5,471.93,393.28,4746,0.491,20,10,13,5,8,20,18,9,12,14,3,12,9,13,185.4,145.4,183.8,563.2,197.8,135.4,171.4,507.6,7,8,7,7,23,21,23,24,0.541,0.459,0.486,0.035,0.411,0.223,0.103,0.19,0.451,0.675,0.325,0.949,0.051,0.774,0.226,18,13,18,14,10,3,22,6,17,11,20,13,18,11,20,0.208,0.557,0.234,0.034,0.281,27,23,7,16,9,435.0,907.6,0.479,141.4,375.2,0.377,171.6,212.6,0.807,108.6,333.4,442.0,286.6,161.8,94.8,50.4,49.8,163.4,188.6,1183.0,23,22,24,23,22,27,23,22,29,20,22,22,23,7,23,23,8,21,7,23,0,2024-25
1631232,Keion Brooks Jr.,Keion,1610612740,NOP,24.0,14,2,12,0.143,23.7,3.8,7.8,0.486,1.0,3.1,0.326,1.6,2.1,0.733,0.9,3.3,4.1,0.9,0.9,0.7,0.7,0.4,2.1,1.4,10.1,-10.4,19.9,1,0,19.1,66,86,45,91,14,10,14,22,20,23,35,8,9,53,29,15,18,50,33,16,12,21,17,17,8,103,16,17,3,17,1,102.3,100.7,100.7,121.0,121.2,121.2,-18.8,-20.5,-20.5,0.062,1.08,8.8,0.034,0.136,0.084,8.2,8.2,0.55,0.581,0.169,0.175,100.92,101.63,84.69,101.63,0.079,702,3.8,7.8,70,73,73,90,95,95,91,94,94,78,66,87,65,41,50,31,31,30,29,40,42,62,64,64,37,10,14,0.201,0.182,0.189,0.184,0.21,0.205,0.156,0.199,0.188,0.071,0.114,0.192,0.357,0.222,0.242,0.177,0.201,20,42,38,51,14,23,65,44,51,89,38,50,19,76,58,35,14,2.0,1.9,1.9,4.4,9.8,8.1,8.7,24.4,4,8,8,16,92,95,91,14,0.606,0.394,0.549,0.113,0.296,0.19,0.155,0.197,0.437,0.718,0.282,1.0,0.0,0.792,0.208,39,65,46,11,56,22,34,24,58,36,61,1,43,38,62,0.011,0.010914799758981944,91,New Orleans Pelicans,82,21,61,0.256,759.387,574,1093,0.525,86,239,0.36,213,317,0.672,353,596,949,200,242.8,91,154,96,328,250,1447,-187.4,1,22,28,26,5,5,5,3,11,12,6,5,4,22,1,3,2,7,26,5,2,27,26,6,5,28,106.9,28.2,118.1,31.3,-11.2,-3.1,0.642,1.69,2.7,0.304,0.689,0.492,0.04,0.521,0.587,101.2,383.11,319.26,6061,0.446,9,27,25,13,15,25,15,23,23,18,19,5,17,25,246.4,241.4,251.8,814.0,317.0,255.6,284.0,816.4,5,5,5,5,27,27,27,27,0.781,0.219,0.674,0.033,0.178,0.107,0.147,0.128,0.641,0.701,0.299,0.919,0.081,0.733,0.267,2,29,3,17,29,25,7,27,2,9,22,15,16,15,16,0.238,0.572,0.236,0.035,0.311,17,29,8,14,23,697.8,1427.4,0.489,238.0,644.0,0.37,262.4,336.8,0.779,184.6,527.0,711.6,459.6,213.8,153.2,81.2,79.8,274.6,277.4,1896.0,27,26,29,27,27,25,26,26,18,27,27,27,27,5,27,26,4,26,5,27,0,2024-25
1642276,Kel'el Ware,Kel'el,1610612748,MIA,21.0,64,28,36,0.438,22.2,4.0,7.3,0.554,0.5,1.7,0.315,0.7,1.0,0.687,1.8,5.6,7.4,0.9,0.9,0.6,1.1,0.3,1.7,0.9,9.3,0.6,23.8,15,0,21.6,18,18,21,57,17,7,18,15,42,44,41,39,31,62,8,1,5,48,29,28,8,41,31,36,12,25,6,1,3,9,1,112.8,112.8,112.8,110.4,110.9,110.9,2.4,1.9,1.9,0.062,1.05,9.8,0.087,0.238,0.167,9.3,9.3,0.592,0.603,0.169,0.172,98.84,98.6,82.17,98.6,0.119,2914,4.0,7.3,18,17,17,49,53,53,28,30,30,77,70,81,11,3,4,43,43,17,18,42,45,85,92,92,7,7,18,0.209,0.185,0.089,0.109,0.105,0.121,0.42,0.356,0.37,0.075,0.132,0.174,0.477,0.127,0.268,0.117,0.181,13,38,69,80,69,64,10,2,3,84,43,54,13,38,72,74,23,0.9,1.8,0.7,6.6,8.1,6.3,7.0,23.3,39,10,41,6,79,81,81,21,0.761,0.239,0.746,0.04,0.176,0.071,0.078,0.101,0.706,0.766,0.234,0.971,0.029,0.794,0.206,19,85,20,39,72,75,83,78,18,24,73,40,39,37,63,0.077,0.07693389309357575,8,Miami Heat,73,32,41,0.438,461.621667,364,695,0.524,70,214,0.327,91,137,0.664,150,445,595,129,132.2,77,82,31,213,116,889,11.6,14,13,21,20,10,9,10,4,16,14,15,12,10,24,9,6,6,12,21,9,6,18,23,11,9,5,112.4,26.9,109.4,26.4,2.9,0.4,0.656,1.95,2.8,0.26,0.713,0.496,0.034,0.559,0.589,98.8,411.04,342.53,3942,0.518,12,14,6,9,5,24,29,11,18,12,1,4,13,6,148.8,111.6,133.6,474.8,163.0,126.6,142.0,475.2,11,11,9,8,20,20,21,20,0.692,0.308,0.661,0.027,0.236,0.103,0.102,0.141,0.634,0.762,0.238,0.971,0.029,0.802,0.198,4,27,4,22,24,27,24,21,3,5,26,10,21,7,24,0.233,0.537,0.196,0.034,0.287,19,13,2,17,11,397.0,859.4,0.462,128.4,370.4,0.347,125.8,168.6,0.746,108.6,313.6,422.2,252.2,132.8,76.0,44.2,44.0,158.4,145.6,1048.2,20,21,13,21,21,8,19,20,5,20,21,20,20,10,21,22,10,20,11,20,138,2024-25
1642352,Keshad Johnson,Keshad,1610612748,MIA,24.0,16,10,6,0.625,6.1,1.1,1.6,0.692,0.2,0.4,0.429,0.3,0.6,0.444,0.4,1.4,1.8,0.3,0.3,0.3,0.3,0.2,0.7,0.4,2.7,0.3,6.6,0,0,6.0,60,54,64,30,79,60,81,4,70,80,6,76,58,93,70,52,54,85,72,60,31,58,71,71,63,32,65,35,3,65,1,111.2,105.5,105.5,106.3,104.1,104.1,4.9,1.3,1.3,0.058,1.0,10.5,0.067,0.188,0.136,10.5,10.5,0.75,0.718,0.145,0.155,102.79,106.64,88.87,106.64,0.114,219,1.1,1.6,29,51,51,32,25,25,21,31,31,83,71,77,23,15,12,60,61,4,4,66,63,34,16,16,8,60,81,0.207,0.154,0.136,0.109,0.114,0.191,0.5,0.272,0.301,0.07,0.133,0.278,0.25,0.3,0.355,0.154,0.186,15,68,58,79,61,29,4,17,12,90,46,19,31,89,90,52,21,0.3,0.5,0.6,1.9,2.4,1.9,1.9,5.9,77,53,51,46,29,34,29,79,0.731,0.269,0.698,0.0,0.209,0.209,0.093,0.116,0.698,0.6,0.4,1.0,0.0,0.667,0.333,22,82,25,68,67,20,74,71,20,55,39,1,43,65,34,0.036,0.03571395262000622,61,Miami Heat,73,32,41,0.438,461.621667,364,695,0.524,70,214,0.327,91,137,0.664,150,445,595,129,132.2,77,82,31,213,116,889,11.6,14,13,21,20,10,9,10,4,16,14,15,12,10,24,9,6,6,12,21,9,6,18,23,11,9,5,112.4,26.9,109.4,26.4,2.9,0.4,0.656,1.95,2.8,0.26,0.713,0.496,0.034,0.559,0.589,98.8,411.04,342.53,3942,0.518,12,14,6,9,5,24,29,11,18,12,1,4,13,6,148.8,111.6,133.6,474.8,163.0,126.6,142.0,475.2,11,11,9,8,20,20,21,20,0.692,0.308,0.661,0.027,0.236,0.103,0.102,0.141,0.634,0.762,0.238,0.971,0.029,0.802,0.198,4,27,4,22,24,27,24,21,3,5,26,10,21,7,24,0.233,0.537,0.196,0.034,0.287,19,13,2,17,11,397.0,859.4,0.462,128.4,370.4,0.347,125.8,168.6,0.746,108.6,313.6,422.2,252.2,132.8,76.0,44.2,44.0,158.4,145.6,1048.2,20,21,13,21,21,8,19,20,5,20,21,20,20,10,21,22,10,20,11,20,0,2024-25
1641755,Kevin McCullar Jr.,Kevin,1610612752,NYK,24.0,4,4,0,1.0,7.3,0.5,1.8,0.286,0.0,0.3,0.0,0.5,0.5,1.0,0.0,2.0,2.0,0.5,0.0,0.3,0.3,0.3,1.5,0.8,1.5,-0.5,6.2,0,0,5.0,95,70,100,1,71,86,75,91,80,87,80,49,65,1,95,37,48,63,96,66,31,43,43,41,83,44,67,35,3,71,1,97.2,93.8,93.8,102.9,96.9,96.9,-5.7,-3.1,-3.1,0.111,0.0,20.0,0.0,0.286,0.151,0.0,0.0,0.286,0.381,0.118,0.124,100.36,105.33,87.77,105.33,0.066,64,0.5,1.8,88,88,88,22,16,16,59,50,50,47,93,30,95,1,6,1,1,94,86,90,89,72,22,22,60,86,75,0.1,0.156,0.0,0.05,0.154,0.154,0.0,0.348,0.32,0.143,0.0,0.25,0.5,0.5,0.4,0.231,0.1,88,65,80,88,35,39,95,3,8,47,1,26,8,98,99,17,89,0.0,0.0,0.5,1.0,3.3,0.5,2.3,8.5,86,85,56,66,45,7,36,66,0.857,0.143,0.667,0.0,0.0,0.333,0.333,0.0,0.667,0.5,0.5,0.0,0.0,0.5,0.5,15,89,26,68,80,7,3,86,24,68,25,78,43,86,12,0.058,0.058252349445901644,25,New York Knicks,51,34,17,0.667,135.205667,64,160,0.4,20,68,0.294,25,38,0.658,26,81,107,90,48.2,18,22,8,74,43,173,-18.2,22,10,9,5,23,24,25,22,25,25,20,23,22,25,24,23,24,17,10,25,15,6,10,21,25,18,103.2,27.5,109.8,29.1,-6.6,-1.6,0.651,1.46,7.1,0.254,0.713,0.494,0.045,0.532,0.489,100.7,379.33,316.11,1067,0.48,11,19,20,10,24,4,30,12,20,24,11,23,20,17,45.6,28.2,37.8,125.2,53.2,38.8,35.6,147.6,24,25,23,23,10,10,6,10,0.575,0.425,0.509,0.058,0.347,0.127,0.145,0.162,0.451,0.705,0.295,1.0,0.0,0.797,0.203,15,16,17,5,14,22,9,18,18,8,23,1,24,8,23,0.222,0.51,0.256,0.032,0.287,22,6,16,23,12,113.8,253.4,0.449,30.8,101.4,0.304,53.0,64.8,0.818,32.6,92.2,124.8,66.8,34.2,22.4,12.2,12.6,48.0,51.4,311.4,8,8,6,7,8,2,8,7,30,11,8,8,8,24,6,6,23,7,24,8,0,2024-25
1642271,Kyle Filipowski,Kyle,1610612762,UTA,21.0,72,13,59,0.181,21.1,3.6,7.2,0.502,1.1,3.1,0.35,1.3,2.0,0.65,1.6,4.6,6.1,1.9,1.4,0.7,0.3,0.6,2.4,1.7,9.6,-5.1,21.3,13,0,20.7,12,44,2,89,24,14,19,18,19,24,24,13,11,70,12,8,9,17,12,20,26,13,8,12,11,84,13,3,3,12,1,106.7,107.7,107.7,119.0,118.9,118.9,-12.3,-11.3,-11.3,0.14,1.37,17.0,0.07,0.213,0.14,12.4,12.4,0.576,0.594,0.184,0.189,102.89,102.46,85.39,102.46,0.103,3248,3.6,7.2,51,45,45,87,88,88,78,73,73,31,55,41,22,8,11,82,82,21,22,27,28,33,52,52,13,14,19,0.206,0.186,0.173,0.171,0.177,0.207,0.333,0.334,0.334,0.169,0.193,0.211,0.204,0.2,0.278,0.205,0.197,16,36,41,55,28,21,17,4,7,37,80,40,36,69,75,23,18,1.0,1.3,1.1,4.9,9.4,6.6,8.3,24.6,37,18,23,13,88,84,87,13,0.575,0.425,0.53,0.014,0.335,0.114,0.135,0.1,0.516,0.579,0.421,0.935,0.065,0.685,0.315,44,60,49,61,52,63,49,79,45,60,37,49,31,62,38,0.024,0.02357640786205473,78,Utah Jazz,81,16,65,0.198,911.651667,588,1365,0.431,161,549,0.293,230,343,0.671,180,629,809,653,317.4,147,55,112,433,303,1567,-215.4,5,26,30,29,3,3,3,17,4,3,21,3,3,23,7,2,4,2,28,3,10,28,28,2,4,29,106.2,33.7,117.9,37.2,-11.7,-3.5,0.639,1.52,8.6,0.294,0.704,0.498,0.051,0.529,0.517,103.1,325.33,271.11,6180,0.439,3,28,27,14,22,1,17,16,16,26,14,20,28,26,257.4,260.0,273.2,907.6,404.0,290.2,350.2,1012.0,4,4,3,3,29,28,29,28,0.598,0.402,0.545,0.029,0.308,0.17,0.147,0.131,0.516,0.475,0.525,0.857,0.143,0.58,0.42,10,21,13,19,20,12,8,26,11,27,4,23,8,29,2,0.254,0.564,0.248,0.037,0.296,8,27,14,12,16,845.2,1747.6,0.484,279.8,780.6,0.358,330.4,432.8,0.763,217.0,629.2,846.2,565.8,230.4,178.8,121.6,76.4,358.6,366.2,2300.6,28,28,27,29,29,17,28,28,10,28,28,28,29,3,28,29,5,28,3,28,19,2024-25
1630283,Kylor Kelley,Kylor,1610612747,LAL,27.0,11,3,8,0.273,11.5,1.3,2.0,0.636,0.0,0.0,0.0,0.5,0.9,0.6,1.1,2.5,3.5,0.5,0.4,0.1,0.3,0.0,1.4,0.5,3.1,-6.8,8.8,1,0,7.8,70,78,57,77,54,58,69,9,80,97,80,47,40,75,21,24,23,70,65,83,28,83,47,54,60,92,57,17,3,59,2,101.8,101.4,101.4,131.5,130.5,130.5,-29.7,-29.1,-29.1,0.056,1.25,13.9,0.079,0.194,0.134,11.1,11.3,0.636,0.644,0.097,0.097,103.86,104.42,87.01,104.42,0.072,276,1.3,2.0,72,70,70,99,101,101,98,99,99,86,60,63,15,13,13,65,68,10,10,99,100,23,32,32,51,58,69,0.136,0.088,0.0,0.0,0.133,0.175,0.324,0.276,0.289,0.079,0.111,0.111,0.333,0.0,0.333,0.125,0.121,69,98,80,97,50,32,20,15,16,80,34,79,20,1,85,69,80,0.4,0.8,0.1,2.2,5.0,3.8,4.0,13.3,73,32,84,43,61,59,59,48,1.0,0.0,0.824,0.118,0.0,0.029,0.176,0.118,0.706,0.857,0.143,0.0,0.0,0.857,0.143,1,97,10,10,80,84,24,69,18,12,84,78,43,21,78,-0.027,-0.026713819433973687,103,Los Angeles Lakers,78,47,31,0.603,350.401,285,648,0.44,138,384,0.359,77,105,0.733,43,206,249,90,106.4,37,13,33,112,74,785,-42.2,9,3,15,9,12,11,12,16,7,8,7,13,13,16,19,14,15,17,19,16,22,19,14,18,11,23,109.3,24.0,114.7,25.3,-5.3,-1.4,0.636,1.71,2.3,0.288,0.682,0.489,0.032,0.538,0.565,98.6,448.29,373.57,3278,0.474,21,12,19,15,12,28,20,25,24,10,6,9,11,19,118.0,89.0,97.8,344.8,130.0,120.4,124.2,364.0,14,14,13,13,19,19,19,19,0.407,0.593,0.375,0.043,0.527,0.183,0.098,0.168,0.331,0.728,0.272,0.913,0.087,0.818,0.182,28,3,27,10,4,8,26,13,27,7,24,16,15,4,27,0.259,0.547,0.259,0.029,0.318,7,18,18,24,25,301.6,641.2,0.47,98.0,279.6,0.351,126.4,166.2,0.761,87.8,226.2,314.0,198.4,95.2,60.0,33.4,27.8,133.4,132.4,827.6,19,19,18,19,19,11,20,19,7,19,17,19,19,14,19,18,16,18,12,19,0,2024-25
1642273,Kyshawn George,Kyshawn,1610612764,WAS,21.0,68,15,53,0.221,26.5,3.0,8.0,0.372,1.7,5.2,0.322,1.0,1.4,0.753,0.7,3.5,4.2,2.5,1.4,1.0,0.7,0.5,3.0,1.4,8.7,-5.3,21.2,1,0,20.5,14,38,6,82,6,20,12,67,7,3,37,23,22,46,32,13,16,10,11,2,11,14,2,21,16,86,14,17,3,13,1,104.9,105.4,105.4,115.2,115.5,115.5,-10.3,-10.1,-10.1,0.133,1.74,19.8,0.025,0.122,0.074,11.4,11.4,0.476,0.503,0.156,0.16,103.1,102.7,85.59,102.7,0.058,3869,3.0,8.0,59,53,53,76,77,77,68,68,68,38,40,34,77,48,61,70,70,55,55,54,57,29,45,45,70,20,12,0.138,0.163,0.22,0.237,0.114,0.123,0.129,0.188,0.174,0.175,0.166,0.239,0.248,0.182,0.261,0.138,0.145,65,59,24,25,62,61,73,48,59,35,66,31,32,58,68,63,63,1.1,0.6,1.6,2.4,11.1,8.8,8.8,27.4,27,46,13,39,100,98,93,9,0.352,0.648,0.302,0.024,0.58,0.181,0.118,0.127,0.278,0.573,0.427,0.921,0.079,0.768,0.232,87,17,84,51,18,31,60,64,78,61,36,54,26,44,56,0.055,0.055170632543142015,29,Washington Wizards,82,18,64,0.22,1380.553,933,2388,0.391,384,1209,0.318,291,388,0.75,225,932,1157,780,441.4,186,175,118,600,361,2541,-400.4,1,24,29,28,1,1,1,23,1,1,16,1,1,10,4,1,1,1,30,1,1,30,30,1,1,30,102.9,39.1,116.6,44.2,-13.6,-5.1,0.643,1.63,8.1,0.261,0.686,0.47,0.056,0.509,0.497,103.4,272.45,227.04,7837,0.429,1,30,30,12,18,2,28,24,30,29,23,21,30,27,420.8,345.6,464.6,1284.8,557.6,475.0,500.8,1508.4,1,1,1,1,30,30,30,30,0.494,0.506,0.432,0.082,0.453,0.155,0.115,0.133,0.35,0.597,0.403,0.826,0.174,0.691,0.309,26,5,24,4,6,15,19,25,26,20,11,26,5,17,14,0.213,0.549,0.248,0.048,0.314,25,20,15,4,24,1267.2,2677.0,0.473,406.4,1123.8,0.362,523.4,663.8,0.788,372.6,1058.6,1431.2,816.6,375.4,258.2,146.2,152.0,483.8,559.0,3464.2,30,30,19,30,30,20,30,30,21,30,30,30,30,1,30,30,1,30,1,30,1,2024-25
1641857,Liam Robbins,Liam,1610612749,MIL,25.0,13,8,5,0.615,4.4,0.2,0.6,0.25,0.0,0.2,0.0,0.4,0.8,0.5,0.5,0.4,0.9,0.2,0.5,0.2,0.2,0.2,0.7,0.8,0.7,-0.4,2.5,0,0,2.4,67,58,69,33,90,98,101,93,80,92,80,59,49,80,49,94,82,93,56,76,51,49,70,40,97,42,91,35,3,93,1,84.0,80.3,80.3,87.7,85.6,85.6,-3.7,-5.3,-5.3,0.056,0.33,9.5,0.111,0.085,0.098,28.6,29.4,0.25,0.363,0.128,0.134,102.54,106.17,88.47,106.17,-0.025,127,0.2,0.6,100,100,100,5,5,5,51,55,55,87,91,83,9,78,34,102,102,95,89,80,81,38,18,18,99,98,101,0.053,0.082,0.0,0.049,0.333,0.385,0.438,0.114,0.2,0.105,0.214,0.154,0.2,0.429,0.346,0.435,0.088,99,101,80,89,2,5,8,88,43,64,88,60,37,96,87,3,93,0.1,0.0,0.0,0.3,2.8,0.8,1.3,1.8,85,85,85,90,36,11,20,102,0.75,0.25,0.444,0.0,0.0,0.0,0.556,0.111,0.444,1.0,0.0,0.0,0.0,1.0,0.0,20,83,64,68,80,85,2,75,56,1,90,78,43,1,90,0.049,0.04911579161901291,37,Milwaukee Bucks,32,18,14,0.563,44.458,34,77,0.442,16,37,0.432,12,20,0.6,13,31,44,13,18.6,6,6,7,20,18,96,3.2,27,24,6,13,28,28,28,15,26,28,1,26,26,27,28,28,28,28,3,28,25,5,3,26,27,7,96.1,26.7,94.1,25.2,2.0,1.5,0.601,1.05,3.1,0.311,0.729,0.527,0.053,0.496,0.559,103.5,380.04,316.7,348,0.522,15,11,2,23,29,19,13,5,4,28,27,10,18,4,21.6,10.4,9.6,34.4,23.0,13.2,10.4,32.4,27,28,28,28,3,3,2,3,0.519,0.481,0.375,0.021,0.5,0.146,0.125,0.188,0.354,0.778,0.222,0.875,0.125,0.824,0.176,22,9,26,26,5,18,16,8,25,4,27,20,11,3,28,0.29,0.472,0.275,0.053,0.271,2,1,22,2,5,30.8,77.8,0.396,11.8,38.8,0.304,16.2,21.4,0.757,11.0,30.0,41.0,18.0,19.0,8.6,4.2,4.2,17.2,18.4,89.6,3,3,1,3,3,3,3,3,6,3,3,3,3,27,3,3,28,4,28,3,0,2024-25
1631247,Luke Travers,Luke,1610612739,CLE,23.0,12,10,2,0.833,7.3,0.4,1.7,0.25,0.0,0.8,0.0,0.2,0.2,1.0,0.7,1.0,1.7,0.7,0.7,0.1,0.1,0.3,0.5,0.1,1.0,-0.1,3.8,0,0,3.7,69,54,88,10,70,92,80,93,80,73,80,83,91,1,35,64,57,59,42,85,71,29,82,96,90,39,84,35,3,81,1,111.1,109.1,109.1,110.2,109.7,109.7,0.8,-0.5,-0.5,0.113,1.0,21.6,0.084,0.108,0.097,21.6,21.7,0.25,0.287,0.132,0.138,100.47,101.62,84.68,101.62,0.022,186,0.4,1.7,30,37,37,48,45,45,33,40,40,46,71,24,12,63,37,101,101,95,96,78,78,69,65,65,91,92,80,0.066,0.121,0.0,0.118,0.105,0.069,0.296,0.188,0.22,0.154,0.25,0.1,0.083,0.333,0.2,0.043,0.059,97,91,80,73,69,89,25,49,34,41,92,86,65,91,36,97,98,0.0,0.2,0.2,0.8,2.7,2.6,3.3,9.0,86,75,77,73,32,41,52,61,0.55,0.45,0.833,0.0,0.0,0.167,0.167,0.0,0.833,0.8,0.2,0.0,0.0,0.8,0.2,51,53,8,68,80,36,30,86,6,21,75,78,43,33,65,0.028,0.02778292450748965,70,Cleveland Cavaliers,49,39,10,0.796,120.844,82,201,0.408,22,77,0.286,29,37,0.784,54,83,137,54,44.4,14,5,19,65,34,215,0.8,23,6,3,3,25,23,23,21,22,23,22,22,23,5,16,21,21,23,8,26,26,12,6,23,23,9,107.4,26.8,106.9,26.7,0.5,0.1,0.6,1.4,4.2,0.363,0.71,0.541,0.043,0.528,0.495,101.7,407.14,339.28,1025,0.493,13,15,9,24,27,11,1,14,1,22,16,22,14,12,37.0,39.6,33.0,124.0,45.0,34.4,47.2,125.2,25,24,25,24,6,7,9,6,0.617,0.383,0.558,0.028,0.307,0.149,0.135,0.102,0.53,0.5,0.5,0.864,0.136,0.598,0.402,9,22,11,21,21,17,12,30,9,25,6,21,9,28,3,0.201,0.496,0.236,0.027,0.29,28,2,9,28,14,100.6,233.0,0.432,30.0,96.8,0.31,42.6,55.0,0.775,29.0,75.0,104.0,60.4,28.0,27.4,17.6,11.4,39.0,45.8,273.8,6,7,3,6,6,5,6,6,14,7,6,6,6,25,9,10,24,6,25,6,0,2024-25
1642502,Malevy Leons,Malevy,1610612760,OKC,25.0,6,6,0,1.0,3.5,0.0,0.3,0.0,0.0,0.2,0.0,0.3,0.7,0.5,0.2,0.3,0.5,0.2,0.2,0.0,0.0,0.2,0.7,0.3,0.3,-3.0,1.0,0,0,1.0,84,65,100,1,95,100,102,100,80,90,80,63,51,80,85,95,93,92,87,89,82,60,73,74,100,75,102,35,3,101,1,66.8,61.4,61.4,104.3,104.7,104.7,-37.4,-43.3,-43.3,0.111,1.0,16.7,0.04,0.095,0.065,16.7,17.4,0.0,0.266,0.102,0.107,95.65,99.59,82.99,99.59,-0.069,44,0.0,0.3,104,104,104,24,28,28,101,101,101,47,71,42,56,70,70,96,98,100,97,98,97,95,81,81,103,100,102,0.0,0.061,0.0,0.059,0.333,0.4,0.25,0.154,0.176,0.2,0.143,0.0,0.0,0.25,0.4,0.25,0.074,100,103,80,86,2,4,33,68,57,27,52,89,82,81,99,12,97,0.0,0.0,0.2,0.0,1.0,1.0,1.2,3.3,86,85,77,95,8,15,16,94,0.5,0.5,0.0,0.0,0.0,0.5,1.0,0.0,0.0,0.0,0.0,0.0,0.0,0.0,0.0,64,37,97,68,80,2,1,86,95,92,90,78,43,96,90,0.018,0.01767005176441197,82,Oklahoma City Thunder,69,58,11,0.841,308.608667,198,447,0.443,71,211,0.336,64,87,0.736,76,197,273,142,80.0,51,29,28,160,92,531,41.2,16,1,4,2,15,17,15,14,15,15,12,14,16,14,13,15,14,11,14,13,12,16,18,13,16,2,109.2,30.1,102.6,28.5,6.6,1.6,0.62,2.02,5.0,0.271,0.706,0.487,0.034,0.523,0.547,101.3,366.44,305.37,2362,0.528,6,17,1,21,4,9,26,15,25,13,18,14,25,1,127.4,84.6,94.6,292.0,78.6,92.8,75.2,270.8,12,16,14,15,13,17,13,15,0.528,0.472,0.478,0.034,0.401,0.111,0.121,0.156,0.444,0.496,0.504,0.972,0.028,0.667,0.333,20,11,19,15,12,23,18,19,20,26,5,9,22,18,13,0.208,0.501,0.302,0.045,0.294,26,3,25,5,15,233.6,546.6,0.427,80.8,264.6,0.305,121.4,165.0,0.736,72.4,231.0,303.4,151.4,105.4,43.6,32.2,28.8,107.8,129.4,669.4,15,16,2,17,18,4,18,18,2,18,19,18,16,13,13,17,15,15,14,16,0,2024-25
1630542,Marcus Bagley,Marcus,1610612755,PHI,23.0,10,1,9,0.1,25.3,2.7,6.9,0.391,0.5,3.2,0.156,0.8,1.0,0.8,2.3,4.7,7.0,1.0,0.7,0.9,1.2,0.5,1.6,1.0,6.7,-8.4,22.2,2,0,19.4,72,92,54,95,11,27,22,62,45,21,75,32,34,28,5,5,7,43,40,11,6,15,38,30,34,99,11,15,3,15,1,101.2,101.1,101.1,115.5,117.0,117.0,-14.2,-15.9,-15.9,0.056,1.43,11.0,0.078,0.175,0.124,7.7,7.7,0.428,0.456,0.128,0.132,103.21,102.58,85.48,102.58,0.077,542,2.7,6.9,76,71,71,77,82,82,83,89,89,87,50,76,17,22,19,28,29,72,72,81,82,27,49,49,42,27,22,0.13,0.141,0.081,0.149,0.111,0.106,0.329,0.288,0.3,0.085,0.088,0.196,0.333,0.167,0.195,0.141,0.122,72,76,70,64,65,73,19,10,13,75,22,48,20,53,33,61,79,1.3,2.0,0.8,4.4,8.7,9.5,10.2,28.8,19,6,36,17,84,101,102,7,0.536,0.464,0.657,0.0,0.224,0.119,0.119,0.194,0.657,0.545,0.455,0.8,0.2,0.593,0.407,53,51,30,68,66,58,58,26,28,64,33,66,14,75,25,0.043,0.04333030932864788,46,Philadelphia 76ers,76,19,57,0.25,632.555333,488,987,0.494,140,407,0.344,167,226,0.739,184,389,573,172,181.0,106,109,56,298,194,1283,-94.8,12,23,26,27,6,6,7,5,6,6,11,7,7,12,6,7,7,9,25,4,4,22,25,7,6,25,108.8,29.1,116.4,31.1,-7.5,-2.0,0.578,1.7,2.9,0.292,0.67,0.475,0.037,0.527,0.59,100.5,375.81,313.17,4956,0.456,7,26,21,28,14,21,19,29,29,16,17,3,23,22,231.2,189.2,210.4,646.8,224.4,218.0,212.6,676.0,6,6,6,6,24,25,25,25,0.588,0.412,0.542,0.042,0.327,0.144,0.13,0.166,0.5,0.557,0.443,0.886,0.114,0.652,0.348,12,19,14,11,18,19,14,15,12,22,9,19,12,21,10,0.239,0.568,0.241,0.04,0.33,16,28,11,9,29,565.0,1161.2,0.487,188.4,492.8,0.382,220.8,280.4,0.787,160.6,443.4,604.0,372.2,198.6,102.0,63.8,68.0,232.0,240.0,1539.2,25,25,28,25,25,28,25,25,20,25,25,25,25,6,25,25,6,25,6,25,0,2024-25
1641824,Matas Buzelis,Matas,1610612741,CHI,20.0,80,39,41,0.488,18.9,3.2,6.9,0.454,1.2,3.3,0.361,1.1,1.4,0.815,0.7,2.8,3.5,1.0,0.9,0.4,0.9,0.4,1.6,1.0,8.6,-0.4,17.2,1,0,16.9,4,5,13,52,31,18,21,35,14,19,20,22,23,24,33,18,25,46,28,55,10,25,38,30,19,43,23,17,3,22,1,110.7,110.4,110.4,111.6,112.1,112.1,-0.9,-1.7,-1.7,0.072,1.07,10.4,0.035,0.133,0.085,9.8,9.8,0.541,0.571,0.181,0.185,105.48,105.38,87.82,105.38,0.079,3328,3.2,6.9,31,27,27,58,65,65,40,43,43,69,69,79,64,43,49,49,49,33,33,29,32,9,21,21,38,18,21,0.186,0.192,0.21,0.207,0.174,0.175,0.168,0.194,0.188,0.087,0.153,0.134,0.419,0.178,0.236,0.155,0.187,29,31,27,40,29,33,60,46,52,73,58,68,18,56,55,49,20,1.4,0.8,1.6,3.8,7.5,6.0,6.1,20.3,16,31,12,24,74,77,75,25,0.521,0.479,0.453,0.015,0.419,0.188,0.128,0.167,0.439,0.699,0.301,0.979,0.021,0.806,0.194,60,44,61,60,39,25,52,37,57,39,58,38,42,32,68,0.058,0.05836251610070724,25,Chicago Bulls,80,39,41,0.488,313.139,260,568,0.458,97,269,0.361,92,112,0.821,60,229,289,87,99.8,30,75,30,133,82,709,-10.0,8,6,21,17,14,13,13,10,9,11,5,11,12,2,15,12,13,19,18,20,7,17,16,14,13,14,111.2,22.4,112.3,22.8,-1.1,-0.4,0.666,1.88,2.2,0.265,0.731,0.506,0.029,0.55,0.574,105.4,520.94,434.12,3410,0.496,26,5,14,8,7,30,27,4,11,4,4,7,2,10,89.8,78.6,125.6,346.0,123.2,99.2,100.0,333.2,18,18,10,12,17,18,17,18,0.526,0.474,0.46,0.014,0.41,0.185,0.13,0.165,0.446,0.687,0.313,0.969,0.031,0.792,0.208,21,10,20,27,11,7,15,16,19,10,21,11,20,9,22,0.215,0.535,0.231,0.023,0.269,24,11,6,29,4,284.2,618.4,0.46,93.0,258.2,0.36,111.8,142.6,0.784,70.8,226.8,297.6,187.4,78.4,55.6,33.4,35.8,106.6,112.8,773.2,18,18,10,18,17,18,15,15,19,17,18,17,18,18,18,18,13,13,17,18,97,2024-25
1641936,Miles Norris,Miles,1610612738,BOS,25.0,3,2,1,0.667,11.6,0.7,3.0,0.222,0.7,2.3,0.286,0.3,0.7,0.5,0.7,2.3,3.0,0.0,0.0,0.7,0.3,0.3,0.0,0.3,2.3,-4.7,8.9,0,0,8.0,97,86,94,19,53,72,58,95,36,37,52,63,51,80,35,29,34,97,96,20,23,29,98,74,66,82,53,35,3,56,1,85.1,87.7,87.7,105.5,110.9,110.9,-20.4,-23.2,-23.2,0.0,0.0,0.0,0.048,0.171,0.108,0.0,0.0,0.333,0.354,0.127,0.128,92.27,88.67,73.89,88.67,0.088,65,0.7,3.0,98,94,94,27,54,54,93,97,97,97,93,97,45,23,25,1,1,89,90,83,84,101,104,104,24,72,58,0.091,0.141,0.333,0.219,0.143,0.222,0.2,0.28,0.257,0.0,0.0,0.667,1.0,0.25,0.0,0.111,0.123,93,77,9,30,41,16,45,13,23,97,1,1,1,81,1,75,78,0.0,0.0,1.0,0.0,3.0,3.3,2.0,12.0,86,85,25,95,39,52,31,51,0.222,0.778,0.0,0.0,0.857,0.429,0.143,0.0,0.0,0.0,0.0,1.0,0.0,1.0,0.0,99,5,97,68,2,4,42,86,95,92,90,1,43,1,90,0.036,0.03588356468530244,61,Boston Celtics,31,27,4,0.871,83.761,41,119,0.345,28,89,0.315,10,14,0.714,21,53,74,33,25.4,19,3,4,22,19,120,3.0,28,20,2,1,26,26,26,28,21,21,17,27,27,19,26,26,26,26,5,24,28,4,4,25,26,8,109.4,22.3,106.0,21.9,3.5,0.4,0.629,1.67,3.4,0.343,0.699,0.521,0.032,0.528,0.479,94.2,458.73,382.28,800,0.523,27,1,8,17,16,17,4,19,7,7,15,26,10,3,30.2,27.0,19.6,68.4,24.6,17.0,18.8,74.0,26,26,26,26,4,5,5,5,0.252,0.748,0.217,0.05,0.7,0.133,0.083,0.183,0.167,0.615,0.385,0.893,0.107,0.805,0.195,30,1,30,7,1,21,27,9,30,15,16,18,13,6,25,0.14,0.518,0.179,0.032,0.301,30,7,1,19,19,65.2,149.0,0.438,24.0,66.6,0.36,21.2,26.6,0.797,21.0,50.4,71.4,42.6,26.0,12.0,5.4,8.4,24.4,26.4,175.6,5,5,5,5,5,19,4,4,24,5,5,5,5,26,5,5,26,5,27,5,0,2024-25
1642368,N'Faly Dante,N'Faly,1610612745,HOU,23.0,4,0,4,0.0,12.7,2.5,3.3,0.769,0.0,0.0,0.0,1.0,1.3,0.8,1.5,3.8,5.3,0.5,0.5,0.3,1.3,0.0,2.3,0.8,6.0,-2.8,17.1,0,0,14.8,95,99,74,99,49,35,54,2,80,97,80,24,26,28,14,11,10,63,49,66,5,83,11,41,39,73,24,35,3,28,1,119.7,114.9,114.9,127.6,123.5,123.5,-7.9,-8.6,-8.6,0.05,1.0,10.5,0.122,0.268,0.2,10.5,10.4,0.769,0.789,0.133,0.143,104.67,108.58,90.48,108.58,0.125,114,2.5,3.3,7,12,12,97,98,98,64,64,64,90,71,77,6,2,1,60,58,3,3,77,75,16,12,12,4,35,54,0.2,0.137,0.0,0.0,0.333,0.294,0.545,0.385,0.42,0.077,0.111,0.2,0.5,0.0,0.375,0.214,0.183,21,79,80,97,2,9,1,1,1,82,34,43,8,1,93,20,22,0.5,1.8,0.5,5.0,5.8,4.8,3.5,11.5,61,11,56,12,64,64,55,53,1.0,0.0,0.833,0.0,0.0,0.083,0.167,0.083,0.833,0.6,0.4,0.0,0.0,0.6,0.4,1,97,8,68,80,69,30,81,6,55,39,78,43,72,28,-0.003,-0.0028044402969121915,98,Houston Rockets,52,30,22,0.577,149.643667,99,269,0.368,52,155,0.335,17,21,0.81,24,80,104,78,52.4,36,24,13,65,14,267,-14.2,21,16,11,12,21,21,20,26,18,19,13,25,25,4,25,24,25,20,11,17,13,7,6,27,21,16,107.0,23.7,111.8,24.5,-4.8,-0.8,0.573,1.43,4.3,0.313,0.7,0.506,0.035,0.53,0.48,105.3,478.26,398.55,1485,0.473,22,9,16,29,25,10,9,18,10,15,13,25,8,20,49.0,46.6,59.0,155.6,55.8,46.8,51.8,164.8,23,20,20,21,11,12,11,11,0.424,0.576,0.352,0.09,0.584,0.172,0.064,0.105,0.262,0.383,0.617,0.846,0.154,0.626,0.374,27,4,28,3,3,11,30,28,29,30,1,24,7,25,6,0.244,0.526,0.29,0.028,0.3,14,9,23,26,18,131.2,287.6,0.456,40.2,113.2,0.355,63.6,83.4,0.763,39.2,108.0,147.2,80.2,42.4,32.0,14.4,20.6,55.4,62.4,366.2,11,11,8,9,11,13,11,11,9,12,10,11,11,23,12,9,19,9,20,11,0,2024-25
1641772,Nae'Qwan Tomlin,Nae'Qwan,1610612739,CLE,24.0,5,4,1,0.8,12.7,2.6,6.4,0.406,0.4,2.0,0.2,1.6,2.2,0.727,1.8,2.4,4.2,0.4,0.4,0.0,0.2,0.8,1.8,1.6,7.2,1.4,13.0,1,0,12.6,91,70,94,12,48,31,29,54,55,40,70,7,7,55,9,26,15,75,61,89,43,4,28,13,27,13,36,17,3,37,1,96.3,96.4,96.4,90.9,92.0,92.0,5.4,4.4,4.4,0.053,1.0,5.0,0.117,0.145,0.131,5.0,4.9,0.438,0.489,0.23,0.243,104.74,104.1,86.75,104.1,0.096,138,2.6,6.4,89,84,84,7,9,9,18,24,24,89,71,94,8,35,14,14,14,70,63,6,4,15,35,35,17,31,29,0.255,0.258,0.118,0.179,0.571,0.478,0.409,0.2,0.256,0.071,0.077,0.0,0.125,0.267,0.375,0.4,0.271,5,4,62,53,1,3,11,43,24,87,15,89,54,86,93,4,2,1.0,2.0,1.0,4.4,4.0,2.6,5.2,14.0,33,6,25,17,56,43,68,45,0.688,0.313,0.611,0.0,0.167,0.139,0.222,0.139,0.611,0.455,0.545,1.0,0.0,0.538,0.462,28,76,39,68,73,47,11,56,33,77,20,1,43,80,19,0.116,0.11551199161097014,2,Cleveland Cavaliers,49,39,10,0.796,120.844,82,201,0.408,22,77,0.286,29,37,0.784,54,83,137,54,44.4,14,5,19,65,34,215,0.8,23,6,3,3,25,23,23,21,22,23,22,22,23,5,16,21,21,23,8,26,26,12,6,23,23,9,107.4,26.8,106.9,26.7,0.5,0.1,0.6,1.4,4.2,0.363,0.71,0.541,0.043,0.528,0.495,101.7,407.14,339.28,1025,0.493,13,15,9,24,27,11,1,14,1,22,16,22,14,12,37.0,39.6,33.0,124.0,45.0,34.4,47.2,125.2,25,24,25,24,6,7,9,6,0.617,0.383,0.558,0.028,0.307,0.149,0.135,0.102,0.53,0.5,0.5,0.864,0.136,0.598,0.402,9,22,11,21,21,17,12,30,9,25,6,21,9,28,3,0.201,0.496,0.236,0.027,0.29,28,2,9,28,14,100.6,233.0,0.432,30.0,96.8,0.31,42.6,55.0,0.775,29.0,75.0,104.0,60.4,28.0,27.4,17.6,11.4,39.0,45.8,273.8,6,7,3,6,6,5,6,6,14,7,6,6,6,25,9,10,24,6,25,6,0,2024-25
1642345,Oso Ighodaro,Oso,1610612756,PHX,22.0,61,25,36,0.41,17.1,1.9,3.1,0.604,0.0,0.0,0.0,0.5,0.8,0.58,1.1,2.6,3.6,1.2,0.6,0.5,0.5,0.2,1.7,0.8,4.2,-0.3,12.5,0,0,10.9,20,24,21,63,35,45,56,10,80,94,80,53,44,78,23,22,20,35,44,45,19,46,33,38,51,41,41,35,3,43,1,110.2,109.4,109.4,109.7,110.0,110.0,0.5,-0.6,-0.6,0.095,1.82,22.3,0.063,0.143,0.104,12.2,12.2,0.604,0.61,0.103,0.106,98.85,99.05,82.54,99.05,0.073,2154,1.9,3.1,33,34,34,43,47,47,35,41,41,55,37,21,27,36,29,80,81,15,16,97,98,84,88,88,48,45,56,0.131,0.1,0.0,0.002,0.084,0.117,0.319,0.224,0.246,0.124,0.132,0.153,0.261,0.174,0.266,0.128,0.108,71,95,80,94,81,68,21,33,28,53,45,61,28,55,69,67,84,0.7,0.6,0.3,3.5,5.9,5.0,5.2,17.2,54,40,72,25,65,66,67,33,0.989,0.011,0.886,0.047,0.0,0.067,0.114,0.165,0.839,0.858,0.142,0.0,0.0,0.858,0.142,10,94,4,34,80,79,66,40,5,11,86,78,43,20,80,0.063,0.06298972658612915,19,Phoenix Suns,77,32,45,0.416,497.267,320,671,0.477,84,273,0.308,51,93,0.548,158,335,493,128,135.2,72,69,36,264,78,775,-36.6,11,13,23,22,8,10,11,8,12,10,18,18,15,30,8,8,9,13,22,11,8,20,24,15,12,21,111.4,26.7,112.0,27.4,-0.6,-0.7,0.669,2.03,2.5,0.282,0.697,0.492,0.032,0.536,0.544,98.4,405.8,338.17,4192,0.495,14,16,15,6,2,26,22,21,22,9,9,15,15,11,167.4,143.4,122.4,438.8,167.4,145.8,149.4,486.4,8,9,11,11,21,22,22,22,0.593,0.407,0.609,0.026,0.325,0.108,0.066,0.169,0.583,0.801,0.199,1.0,0.0,0.853,0.147,11,20,8,23,19,24,28,12,6,2,29,1,24,2,29,0.227,0.534,0.247,0.032,0.303,21,10,13,21,21,420.0,918.4,0.457,140.2,394.4,0.355,176.6,227.0,0.778,120.4,341.4,461.8,273.4,135.0,77.4,42.8,54.0,174.8,187.2,1156.8,22,23,9,22,23,14,24,24,17,24,23,23,22,9,22,21,7,23,9,22,0,2024-25
1641790,PJ Hall,PJ,1610612743,DEN,23.0,19,12,7,0.632,3.5,0.7,1.3,0.583,0.1,0.4,0.25,0.2,0.2,0.75,0.3,0.8,1.2,0.2,0.1,0.0,0.2,0.1,0.6,0.2,1.7,-0.1,4.0,0,0,3.6,58,48,61,28,96,69,89,12,75,81,65,85,89,47,72,70,74,90,94,89,41,70,79,91,75,40,81,35,3,83,1,94.3,91.9,91.9,95.5,91.3,91.3,-1.2,0.5,0.5,0.118,2.0,12.5,0.079,0.219,0.148,6.3,6.3,0.625,0.641,0.176,0.182,95.52,99.0,82.5,99.0,0.168,135,0.7,1.3,93,91,91,11,8,8,42,35,35,44,29,69,15,6,10,21,21,11,12,36,37,96,89,89,1,69,89,0.292,0.2,0.105,0.121,0.333,0.235,0.286,0.327,0.314,0.108,0.08,0.0,0.571,0.4,0.393,0.214,0.266,2,25,64,72,2,13,28,8,9,60,19,89,6,95,97,20,4,0.1,0.4,0.1,1.2,1.6,0.7,0.3,2.3,84,57,83,64,17,9,6,96,0.667,0.333,0.727,0.061,0.182,0.061,0.091,0.061,0.667,0.833,0.167,1.0,0.0,0.857,0.143,30,74,21,20,71,81,77,85,24,16,80,1,43,21,78,0.031,0.031173472133358183,65,Denver Nuggets,37,22,15,0.595,61.606,38,99,0.384,6,42,0.143,9,11,0.818,15,36,51,20,23.4,7,10,3,38,9,91,-14.4,26,21,7,10,27,27,27,24,28,27,29,28,28,3,27,27,27,27,4,27,23,3,5,28,28,17,94.5,26.5,106.9,29.8,-12.4,-3.2,0.699,1.41,3.6,0.276,0.757,0.512,0.051,0.486,0.438,100.5,359.19,299.32,462,0.428,17,20,26,3,26,13,24,2,9,25,28,29,26,28,21.6,14.0,19.0,50.4,27.2,16.4,14.6,54.4,27,27,27,27,5,4,4,4,0.576,0.424,0.703,0.154,0.198,0.187,0.099,0.176,0.549,0.781,0.219,1.0,0.0,0.816,0.184,13,18,2,1,28,6,25,10,8,3,28,1,24,5,26,0.147,0.509,0.366,0.038,0.243,29,4,29,10,2,45.6,105.6,0.432,16.4,47.0,0.349,29.4,38.6,0.762,12.0,48.2,60.2,26.8,17.6,11.6,5.0,6.4,14.0,27.8,137.0,4,4,4,4,4,10,5,5,8,4,4,4,4,28,4,4,27,3,26,4,0,2024-25
1642359,Pacôme Dadiet,Pacôme,1610612752,NYK,19.0,18,14,4,0.778,6.2,0.6,1.7,0.323,0.3,1.1,0.316,0.2,0.3,0.667,0.2,0.8,1.0,0.3,0.2,0.2,0.1,0.1,0.4,0.3,1.7,-0.9,3.9,0,0,3.8,59,40,74,14,78,81,76,83,58,61,40,79,76,68,85,71,80,83,78,73,60,78,89,74,77,50,83,35,3,80,1,104.3,103.8,103.8,114.7,113.0,113.0,-10.4,-9.2,-9.2,0.063,1.25,11.9,0.028,0.128,0.08,9.5,9.4,0.419,0.446,0.142,0.151,99.42,100.38,83.65,100.38,0.047,235,0.6,1.7,63,61,61,73,66,66,69,65,65,75,60,72,70,45,54,47,45,74,75,71,69,76,76,76,80,81,76,0.111,0.161,0.2,0.213,0.118,0.14,0.2,0.195,0.196,0.083,0.105,0.273,0.2,0.111,0.159,0.15,0.123,83,62,33,34,56,49,45,45,48,76,28,22,37,33,13,53,77,0.3,0.1,0.1,0.2,2.2,2.1,1.7,6.4,78,81,82,92,25,36,24,75,0.387,0.613,0.267,0.133,0.6,0.067,0.133,0.167,0.133,1.0,0.0,1.0,0.0,1.0,0.0,84,20,89,7,13,79,50,38,91,1,90,1,43,1,90,0.017,0.01747885868053492,85,New York Knicks,51,34,17,0.667,135.205667,64,160,0.4,20,68,0.294,25,38,0.658,26,81,107,90,48.2,18,22,8,74,43,173,-18.2,22,10,9,5,23,24,25,22,25,25,20,23,22,25,24,23,24,17,10,25,15,6,10,21,25,18,103.2,27.5,109.8,29.1,-6.6,-1.6,0.651,1.46,7.1,0.254,0.713,0.494,0.045,0.532,0.489,100.7,379.33,316.11,1067,0.48,11,19,20,10,24,4,30,12,20,24,11,23,20,17,45.6,28.2,37.8,125.2,53.2,38.8,35.6,147.6,24,25,23,23,10,10,6,10,0.575,0.425,0.509,0.058,0.347,0.127,0.145,0.162,0.451,0.705,0.295,1.0,0.0,0.797,0.203,15,16,17,5,14,22,9,18,18,8,23,1,24,8,23,0.222,0.51,0.256,0.032,0.287,22,6,16,23,12,113.8,253.4,0.449,30.8,101.4,0.304,53.0,64.8,0.818,32.6,92.2,124.8,66.8,34.2,22.4,12.2,12.6,48.0,51.4,311.4,8,8,6,7,8,2,8,7,30,11,8,8,8,24,6,6,23,7,24,8,0,2024-25
1641796,Pelle Larsson,Pelle,1610612748,MIA,24.0,55,24,31,0.436,14.2,1.6,3.7,0.438,0.6,1.7,0.337,0.7,1.1,0.672,0.5,1.2,1.7,1.2,0.4,0.6,0.1,0.2,1.7,1.0,4.6,0.2,10.0,0,0,9.4,24,25,27,58,44,49,46,41,39,45,31,34,28,66,52,59,56,33,60,33,58,55,36,30,46,33,47,35,3,48,1,112.1,111.1,111.1,108.7,108.7,108.7,3.4,2.4,2.4,0.116,2.71,20.4,0.036,0.081,0.058,7.5,7.5,0.517,0.546,0.141,0.146,98.3,98.71,82.26,98.71,0.055,1595,1.6,3.7,21,25,25,38,39,39,26,28,28,45,14,27,63,80,80,27,28,39,41,74,73,88,91,91,73,49,46,0.138,0.146,0.146,0.163,0.158,0.175,0.176,0.119,0.132,0.151,0.122,0.232,0.127,0.145,0.324,0.196,0.142,66,75,52,59,34,34,56,83,79,45,42,33,53,46,84,26,68,1.1,0.3,0.7,2.1,4.7,3.6,4.2,14.4,28,62,38,45,58,54,62,42,0.532,0.468,0.454,0.0,0.382,0.163,0.164,0.239,0.454,0.789,0.211,0.969,0.031,0.854,0.146,54,50,60,68,46,37,32,13,52,23,74,42,38,23,77,0.059,0.058648699558650326,23,Miami Heat,73,32,41,0.438,461.621667,364,695,0.524,70,214,0.327,91,137,0.664,150,445,595,129,132.2,77,82,31,213,116,889,11.6,14,13,21,20,10,9,10,4,16,14,15,12,10,24,9,6,6,12,21,9,6,18,23,11,9,5,112.4,26.9,109.4,26.4,2.9,0.4,0.656,1.95,2.8,0.26,0.713,0.496,0.034,0.559,0.589,98.8,411.04,342.53,3942,0.518,12,14,6,9,5,24,29,11,18,12,1,4,13,6,148.8,111.6,133.6,474.8,163.0,126.6,142.0,475.2,11,11,9,8,20,20,21,20,0.692,0.308,0.661,0.027,0.236,0.103,0.102,0.141,0.634,0.762,0.238,0.971,0.029,0.802,0.198,4,27,4,22,24,27,24,21,3,5,26,10,21,7,24,0.233,0.537,0.196,0.034,0.287,19,13,2,17,11,397.0,859.4,0.462,128.4,370.4,0.347,125.8,168.6,0.746,108.6,313.6,422.2,252.2,132.8,76.0,44.2,44.0,158.4,145.6,1048.2,20,21,13,21,21,8,19,20,5,20,21,20,20,10,21,22,10,20,11,20,0,2024-25
1630762,Phillip Wheeler,Phillip,1610612755,PHI,23.0,5,0,5,0.0,8.9,0.6,4.2,0.143,0.0,2.0,0.0,0.4,0.4,1.0,0.4,1.2,1.6,0.4,0.2,0.2,0.4,0.2,0.2,0.2,1.6,2.6,5.7,0,0,4.8,91,99,69,99,61,78,44,97,80,40,80,58,71,1,66,55,60,75,83,72,21,55,96,84,80,8,71,35,3,73,1,111.6,110.0,110.0,98.3,96.6,96.6,13.4,13.4,13.4,0.065,2.0,8.0,0.036,0.125,0.077,4.0,4.0,0.143,0.183,0.221,0.227,95.25,96.76,80.64,96.76,-0.005,90,0.6,4.2,25,28,28,13,15,15,9,7,7,73,29,89,62,47,57,10,10,97,99,8,8,98,101,101,97,78,44,0.088,0.239,0.0,0.222,0.1,0.091,0.167,0.171,0.17,0.095,0.333,0.2,0.286,0.5,0.143,0.077,0.081,94,7,80,28,72,79,61,59,60,70,99,43,27,98,9,86,95,0.4,0.0,0.4,1.2,0.4,1.8,0.0,7.2,69,85,65,63,3,30,1,73,0.524,0.476,0.75,0.0,0.0,0.25,0.25,0.25,0.75,0.333,0.667,0.0,0.0,0.333,0.667,57,47,19,68,80,16,10,12,15,83,13,78,43,95,5,0.065,0.06508747902734502,16,Philadelphia 76ers,76,19,57,0.25,632.555333,488,987,0.494,140,407,0.344,167,226,0.739,184,389,573,172,181.0,106,109,56,298,194,1283,-94.8,12,23,26,27,6,6,7,5,6,6,11,7,7,12,6,7,7,9,25,4,4,22,25,7,6,25,108.8,29.1,116.4,31.1,-7.5,-2.0,0.578,1.7,2.9,0.292,0.67,0.475,0.037,0.527,0.59,100.5,375.81,313.17,4956,0.456,7,26,21,28,14,21,19,29,29,16,17,3,23,22,231.2,189.2,210.4,646.8,224.4,218.0,212.6,676.0,6,6,6,6,24,25,25,25,0.588,0.412,0.542,0.042,0.327,0.144,0.13,0.166,0.5,0.557,0.443,0.886,0.114,0.652,0.348,12,19,14,11,18,19,14,15,12,22,9,19,12,21,10,0.239,0.568,0.241,0.04,0.33,16,28,11,9,29,565.0,1161.2,0.487,188.4,492.8,0.382,220.8,280.4,0.787,160.6,443.4,604.0,372.2,198.6,102.0,63.8,68.0,232.0,240.0,1539.2,25,25,28,25,25,28,25,25,20,25,25,25,25,6,25,25,6,25,6,25,0,2024-25
1642439,Quincy Olivari,Quincy,1610612747,LAL,24.0,2,1,1,0.5,5.2,0.5,2.5,0.2,0.5,2.5,0.2,0.0,0.0,0.0,0.0,0.0,0.0,0.5,0.5,0.0,0.0,0.0,0.0,0.5,1.5,-9.0,1.8,0,0,2.5,100,92,94,47,83,86,63,96,45,33,70,95,96,95,95,102,102,63,49,89,82,83,98,58,83,100,97,35,3,90,1,71.8,68.2,68.2,151.7,150.0,150.0,-79.8,-81.8,-81.8,0.2,1.0,14.3,0.0,0.0,0.0,14.3,14.3,0.3,0.3,0.231,0.241,99.36,102.52,85.44,102.52,-0.022,22,0.5,2.5,103,102,102,103,103,103,103,104,104,17,71,60,95,102,102,90,91,93,95,4,5,78,51,51,98,86,63,0.167,0.238,1.0,0.5,0.0,0.0,0.0,0.0,0.0,0.2,0.333,0.0,0.0,0.0,0.0,0.333,0.2,38,8,1,1,95,96,95,102,102,27,99,89,82,1,1,6,16,1.5,0.0,0.0,0.0,2.5,1.0,3.0,8.0,12,85,85,95,30,15,47,68,0.0,1.0,0.0,0.0,1.0,0.0,0.0,1.0,0.0,0.0,0.0,1.0,0.0,1.0,0.0,101,1,97,68,1,85,95,1,95,92,90,1,43,1,90,-0.042,-0.041799567527433266,104,Los Angeles Lakers,78,47,31,0.603,350.401,285,648,0.44,138,384,0.359,77,105,0.733,43,206,249,90,106.4,37,13,33,112,74,785,-42.2,9,3,15,9,12,11,12,16,7,8,7,13,13,16,19,14,15,17,19,16,22,19,14,18,11,23,109.3,24.0,114.7,25.3,-5.3,-1.4,0.636,1.71,2.3,0.288,0.682,0.489,0.032,0.538,0.565,98.6,448.29,373.57,3278,0.474,21,12,19,15,12,28,20,25,24,10,6,9,11,19,118.0,89.0,97.8,344.8,130.0,120.4,124.2,364.0,14,14,13,13,19,19,19,19,0.407,0.593,0.375,0.043,0.527,0.183,0.098,0.168,0.331,0.728,0.272,0.913,0.087,0.818,0.182,28,3,27,10,4,8,26,13,27,7,24,16,15,4,27,0.259,0.547,0.259,0.029,0.318,7,18,18,24,25,301.6,641.2,0.47,98.0,279.6,0.351,126.4,166.2,0.761,87.8,226.2,314.0,198.4,95.2,60.0,33.4,27.8,133.4,132.4,827.6,19,19,18,19,19,11,20,19,7,19,17,19,19,14,19,18,16,18,12,19,0,2024-25
1642366,Quinten Post,Quinten,1610612744,GSW,25.0,42,26,16,0.619,16.3,2.9,6.5,0.449,1.7,4.3,0.408,0.5,0.6,0.778,0.8,2.7,3.5,1.3,0.8,0.4,0.4,0.4,2.0,0.6,8.1,1.0,16.0,0,0,16.3,34,23,38,32,37,21,27,36,5,11,7,49,54,37,30,19,24,29,36,54,20,24,23,50,20,21,27,35,3,25,1,111.9,111.5,111.5,109.9,109.1,109.1,1.9,2.4,2.4,0.131,1.7,14.9,0.049,0.166,0.106,8.8,8.8,0.582,0.595,0.197,0.203,99.5,100.02,83.35,100.02,0.095,1433,2.9,6.5,24,24,24,44,41,41,30,29,29,39,41,55,43,26,28,37,37,18,20,17,21,75,79,79,20,21,27,0.224,0.221,0.307,0.275,0.081,0.084,0.25,0.244,0.245,0.134,0.175,0.137,0.257,0.25,0.323,0.09,0.213,9,17,12,18,82,84,33,26,29,50,71,67,29,81,83,82,9,1.2,1.0,0.6,2.1,5.3,3.8,5.8,14.4,22,24,44,44,62,58,72,41,0.347,0.653,0.294,0.029,0.644,0.076,0.062,0.153,0.265,0.82,0.18,1.0,0.0,0.927,0.073,88,16,85,46,10,74,88,46,80,18,79,1,43,13,87,0.064,0.06399662069924837,18,Golden State Warriors,45,29,16,0.644,151.574333,133,295,0.451,76,189,0.402,24,33,0.727,41,122,163,65,41.2,23,18,16,93,28,366,12.2,24,18,8,7,20,19,19,13,14,16,2,24,24,17,21,18,18,22,6,23,17,9,12,24,19,4,112.4,23.4,109.6,22.8,2.8,0.6,0.765,2.29,3.6,0.279,0.736,0.498,0.027,0.538,0.591,100.1,481.19,400.99,1526,0.515,23,4,4,1,1,14,23,3,15,2,7,2,7,7,64.0,43.4,43.4,122.0,49.4,36.2,50.8,134.8,19,22,22,25,8,9,10,8,0.359,0.641,0.311,0.033,0.623,0.082,0.066,0.15,0.279,0.825,0.175,1.0,0.0,0.925,0.075,29,2,29,18,2,28,29,20,28,1,30,1,24,1,30,0.264,0.544,0.259,0.033,0.264,5,17,17,18,3,124.2,266.0,0.467,41.2,111.6,0.369,55.4,68.8,0.805,31.8,110.8,142.6,79.6,50.2,23.4,14.2,15.2,60.6,59.4,345.0,9,10,15,10,9,24,10,8,28,9,11,10,10,20,7,7,21,10,21,9,4,2024-25
1642484,RayJ Dennis,RayJ,1610612754,IND,24.0,11,7,4,0.636,6.4,1.0,3.0,0.333,0.5,1.9,0.286,0.2,0.2,1.0,0.2,0.9,1.1,1.3,0.5,0.6,0.2,0.3,0.6,0.2,2.7,4.0,7.9,0,0,7.3,70,61,74,27,76,63,58,74,43,42,52,82,90,1,84,66,76,30,58,27,45,40,77,86,62,4,62,35,3,62,1,113.3,113.5,113.5,85.9,86.3,86.3,27.4,27.3,27.3,0.255,2.8,26.4,0.025,0.116,0.073,9.4,9.5,0.424,0.443,0.212,0.218,105.34,105.02,87.52,105.02,0.11,155,1.0,3.0,17,14,14,2,6,6,4,3,3,7,12,14,76,59,62,45,46,73,77,10,11,11,25,25,10,63,58,0.167,0.231,0.429,0.457,0.067,0.054,0.087,0.175,0.15,0.389,0.263,0.368,0.143,0.231,0.259,0.071,0.17,38,12,2,2,88,93,84,57,71,5,95,8,46,80,65,90,33,0.7,0.5,0.0,0.5,2.0,1.2,2.5,5.1,51,51,85,84,21,20,40,85,0.364,0.636,0.333,0.133,0.6,0.0,0.067,0.267,0.2,0.2,0.8,0.667,0.333,0.455,0.545,86,18,78,7,13,85,85,10,88,90,6,71,6,89,10,0.069,0.06917055443772167,12,Indiana Pacers,54,34,20,0.63,127.839333,63,168,0.375,22,84,0.262,34,44,0.773,36,77,113,43,42.0,28,16,17,71,41,182,8.8,20,10,10,8,24,25,24,25,22,22,26,21,21,7,22,25,23,25,7,21,20,10,8,22,24,6,107.5,29.0,106.0,28.6,1.4,0.4,0.594,1.61,3.4,0.332,0.711,0.517,0.04,0.519,0.486,105.4,390.49,325.41,1048,0.519,8,18,7,26,20,15,6,13,8,19,20,24,16,5,63.2,42.0,51.8,156.4,46.4,32.0,45.4,125.2,20,23,21,20,7,6,8,6,0.5,0.5,0.451,0.022,0.363,0.192,0.187,0.313,0.429,0.732,0.268,0.864,0.136,0.778,0.222,24,7,22,25,13,4,2,2,21,6,25,21,9,10,21,0.262,0.539,0.314,0.049,0.289,6,15,27,3,13,104.8,225.6,0.465,33.6,100.0,0.336,52.2,70.8,0.737,28.4,82.6,111.0,66.0,50.2,24.8,18.8,17.6,53.8,55.0,295.4,7,6,14,8,7,6,7,10,4,6,7,7,7,20,8,11,20,8,23,7,0,2024-25
1641736,Reece Beekman,Reece,1610612751,BKN,23.0,36,13,23,0.361,13.0,1.0,3.0,0.327,0.2,1.1,0.175,0.4,0.6,0.762,0.4,0.7,1.1,1.8,0.6,0.9,0.1,0.2,1.0,0.8,2.6,-3.3,8.8,0,0,7.6,39,44,31,68,47,64,61,78,69,59,74,54,57,43,71,76,78,19,45,8,77,51,55,37,64,78,55,35,3,61,2,98.7,98.5,98.5,110.6,110.4,110.4,-11.9,-12.0,-12.0,0.205,3.0,31.3,0.024,0.061,0.041,10.4,10.5,0.36,0.4,0.122,0.126,98.96,99.16,82.63,99.16,0.051,969,1.0,3.0,84,79,79,51,50,50,75,77,77,16,8,10,79,94,97,58,60,85,84,86,86,81,86,86,76,64,61,0.102,0.126,0.062,0.105,0.103,0.106,0.108,0.094,0.098,0.27,0.141,0.371,0.059,0.157,0.173,0.156,0.097,87,88,73,81,71,74,79,94,96,14,50,7,75,50,21,48,92,0.4,0.3,0.3,1.5,4.7,3.1,3.7,13.6,68,63,70,54,60,50,58,47,0.626,0.374,0.602,0.022,0.226,0.118,0.172,0.161,0.581,0.464,0.536,1.0,0.0,0.571,0.429,36,68,40,53,65,60,27,42,37,75,22,1,43,77,23,0.047,0.04725894487561216,42,Brooklyn Nets,42,15,27,0.357,177.039667,98,269,0.364,30,123,0.244,35,49,0.714,32,82,114,94,56.8,39,4,13,74,59,261,-50.0,25,27,13,25,19,22,20,27,20,20,27,20,20,19,23,22,22,15,12,15,27,7,10,19,22,24,99.0,26.6,113.0,30.2,-14.0,-3.7,0.704,1.61,5.6,0.273,0.727,0.477,0.041,0.483,0.449,100.7,375.92,313.26,1388,0.409,16,23,28,2,21,7,25,6,28,20,29,27,22,30,62.6,45.6,61.6,157.2,67.8,41.4,56.8,191.2,21,21,19,19,12,11,12,12,0.543,0.457,0.521,0.023,0.345,0.169,0.134,0.165,0.498,0.618,0.382,1.0,0.0,0.735,0.265,17,14,15,24,16,13,13,17,14,14,17,1,24,14,17,0.247,0.575,0.329,0.043,0.273,12,30,28,6,6,148.6,299.0,0.497,46.4,131.6,0.353,75.2,98.4,0.764,32.0,136.6,168.6,100.4,60.2,30.8,20.2,11.4,68.2,80.4,418.8,12,12,30,12,12,12,12,12,11,10,12,12,12,19,11,12,24,12,19,12,0,2024-25
1642263,Reed Sheppard,Reed,1610612745,HOU,21.0,52,30,22,0.577,12.6,1.6,4.6,0.351,0.9,2.7,0.338,0.3,0.3,0.813,0.3,1.2,1.5,1.4,0.7,0.7,0.3,0.3,1.0,0.2,4.4,-1.0,10.7,0,0,10.3,26,14,32,38,50,50,42,72,26,29,29,76,80,25,74,57,62,26,39,19,24,43,54,83,48,52,45,35,3,46,1,107.5,108.5,108.5,111.8,111.1,111.1,-4.2,-2.7,-2.7,0.153,2.03,20.9,0.022,0.086,0.054,10.3,10.3,0.452,0.465,0.171,0.175,105.11,104.93,87.45,104.93,0.06,1425,1.6,4.6,46,40,40,60,57,57,55,47,47,28,27,25,84,77,83,56,56,64,69,39,43,12,26,26,66,50,42,0.146,0.19,0.273,0.281,0.059,0.051,0.087,0.13,0.118,0.227,0.165,0.278,0.207,0.188,0.196,0.044,0.148,61,34,14,16,90,94,83,75,84,22,65,19,35,61,35,96,56,0.5,0.4,0.8,1.0,4.7,3.9,4.5,14.3,61,61,34,68,59,60,64,43,0.406,0.594,0.314,0.096,0.629,0.192,0.057,0.114,0.218,0.333,0.667,0.833,0.167,0.619,0.381,80,24,83,13,11,21,89,74,87,83,13,62,17,70,29,0.045,0.04451841197915553,43,Houston Rockets,52,30,22,0.577,149.643667,99,269,0.368,52,155,0.335,17,21,0.81,24,80,104,78,52.4,36,24,13,65,14,267,-14.2,21,16,11,12,21,21,20,26,18,19,13,25,25,4,25,24,25,20,11,17,13,7,6,27,21,16,107.0,23.7,111.8,24.5,-4.8,-0.8,0.573,1.43,4.3,0.313,0.7,0.506,0.035,0.53,0.48,105.3,478.26,398.55,1485,0.473,22,9,16,29,25,10,9,18,10,15,13,25,8,20,49.0,46.6,59.0,155.6,55.8,46.8,51.8,164.8,23,20,20,21,11,12,11,11,0.424,0.576,0.352,0.09,0.584,0.172,0.064,0.105,0.262,0.383,0.617,0.846,0.154,0.626,0.374,27,4,28,3,3,11,30,28,29,30,1,24,7,25,6,0.244,0.526,0.29,0.028,0.3,14,9,23,26,18,131.2,287.6,0.456,40.2,113.2,0.355,63.6,83.4,0.763,39.2,108.0,147.2,80.2,42.4,32.0,14.4,20.6,55.4,62.4,366.2,11,11,8,9,11,13,11,11,9,12,10,11,11,23,12,9,19,9,20,11,1,2024-25
1642434,Riley Minix,Riley,1610612759,SAS,24.0,1,0,1,0.0,6.8,0.0,1.0,0.0,0.0,1.0,0.0,0.0,0.0,0.0,0.0,2.0,2.0,0.0,0.0,0.0,0.0,0.0,0.0,0.0,0.0,0.0,2.4,0,0,2.0,103,99,94,99,74,100,92,100,80,63,80,95,96,95,95,37,48,97,96,89,82,83,98,99,101,34,93,35,3,94,1,101.7,93.3,93.3,86.4,93.3,93.3,15.3,0.0,0.0,0.0,0.0,0.0,0.0,0.2,0.118,0.0,0.0,0.0,0.0,0.063,0.068,106.52,106.67,88.89,106.67,0.039,15,0.0,1.0,73,90,90,4,12,12,8,37,37,97,93,97,95,10,21,1,1,100,101,102,102,6,15,15,82,100,92,0.0,0.091,0.0,0.333,0.0,0.0,0.0,0.222,0.2,0.0,0.0,0.0,0.0,0.0,0.0,0.0,0.0,100,97,80,4,95,96,95,34,43,97,1,89,82,1,1,99,101,0.0,0.0,0.0,0.0,2.0,0.0,2.0,6.0,86,85,85,95,21,1,31,78,0.0,1.0,0.0,0.0,0.0,0.0,1.0,0.0,0.0,0.0,0.0,0.0,0.0,0.0,0.0,101,1,97,68,80,85,95,86,95,92,90,78,43,96,90,0.061,0.060560120446497424,21,San Antonio Spurs,81,33,48,0.407,440.704333,425,993,0.428,95,335,0.284,249,344,0.724,91,217,308,335,125.4,77,22,66,166,262,1194,-41.8,5,12,24,23,11,8,6,18,10,9,24,2,2,18,12,13,12,4,20,9,15,26,19,5,7,22,112.3,22.6,114.8,23.3,-2.5,-0.8,0.667,2.03,6.1,0.286,0.681,0.483,0.027,0.543,0.522,102.5,506.68,422.23,4641,0.485,25,8,17,7,3,5,21,27,27,3,5,19,4,16,154.0,119.2,150.0,440.0,168.2,151.8,140.8,482.0,10,10,8,10,22,24,20,21,0.663,0.337,0.553,0.057,0.239,0.188,0.209,0.17,0.496,0.461,0.539,0.789,0.211,0.534,0.466,6,25,12,6,23,5,1,11,15,29,2,28,3,30,1,0.252,0.555,0.209,0.028,0.319,11,22,4,27,27,409.4,853.2,0.48,127.8,353.0,0.362,142.2,178.6,0.796,112.2,310.8,423.0,259.4,129.2,72.8,41.6,49.2,165.0,159.4,1088.8,21,20,25,20,20,21,21,21,23,22,20,21,21,11,20,20,9,22,10,21,0,2024-25
1642265,Rob Dillingham,Rob,1610612750,MIN,20.0,49,30,19,0.612,10.5,1.9,4.3,0.441,0.5,1.5,0.338,0.2,0.3,0.533,0.2,0.8,1.0,2.0,1.1,0.4,0.0,0.2,0.8,0.6,4.5,0.4,8.9,0,0,8.9,30,14,35,34,57,44,43,40,44,50,30,84,82,79,78,74,79,14,21,52,81,63,66,50,47,28,54,35,3,52,1,113.7,112.3,112.3,111.9,111.1,111.1,1.7,1.2,1.2,0.283,1.85,26.6,0.022,0.07,0.046,14.4,14.4,0.5,0.503,0.215,0.224,100.83,101.82,84.85,101.82,0.078,1097,1.9,4.3,16,19,19,62,56,56,31,32,32,5,36,13,83,89,94,92,92,42,54,9,9,66,61,61,40,44,43,0.212,0.221,0.167,0.186,0.039,0.06,0.097,0.116,0.11,0.363,0.366,0.253,0.02,0.143,0.18,0.13,0.178,12,16,44,50,94,91,82,87,89,8,102,25,81,42,26,66,28,1.0,0.4,0.7,2.4,3.3,3.4,2.8,11.2,36,60,42,38,46,53,44,54,0.649,0.351,0.621,0.073,0.342,0.146,0.037,0.215,0.548,0.309,0.691,0.48,0.52,0.355,0.645,33,71,35,16,51,44,94,15,40,87,10,76,4,94,6,0.037,0.03652197919500839,59,Minnesota Timberwolves,62,40,22,0.645,277.899333,204,447,0.456,58,156,0.372,54,73,0.74,50,104,154,158,79.2,64,8,37,129,75,520,12.4,18,5,11,6,16,15,15,11,17,18,3,17,18,11,17,19,19,10,13,12,24,21,15,17,17,3,113.0,30.7,110.2,30.2,2.8,0.6,0.647,1.92,6.0,0.306,0.682,0.493,0.037,0.537,0.543,101.5,372.13,310.11,2155,0.511,5,22,5,11,6,6,14,26,21,17,8,16,24,8,111.6,80.8,81.4,278.4,90.6,83.4,80.6,288.0,15,17,18,16,14,15,15,16,0.651,0.349,0.562,0.038,0.335,0.175,0.104,0.21,0.523,0.527,0.473,0.776,0.224,0.598,0.402,7,24,10,12,17,10,21,4,10,24,7,29,2,27,4,0.266,0.538,0.274,0.042,0.318,4,14,21,7,26,237.6,508.0,0.468,71.8,209.6,0.343,102.6,139.4,0.736,70.0,190.6,260.6,142.8,90.0,45.2,28.0,24.8,113.4,113.8,649.6,16,15,17,14,15,7,14,14,3,16,15,15,15,15,15,14,18,17,16,15,1,2024-25
1641842,Ronald Holland II,Ronald,1610612765,DET,19.0,81,44,37,0.543,15.6,2.4,5.1,0.474,0.4,1.9,0.238,1.1,1.5,0.754,0.5,2.2,2.7,1.0,0.9,0.6,0.2,0.3,1.7,1.4,6.4,-0.7,12.7,0,0,12.2,2,4,19,43,39,37,37,26,51,43,68,18,19,45,57,34,37,42,30,29,42,37,30,20,37,47,38,35,3,40,1,109.2,109.8,109.8,110.2,110.9,110.9,-1.0,-1.0,-1.0,0.095,1.14,13.2,0.03,0.136,0.083,11.6,11.5,0.517,0.556,0.177,0.183,101.62,101.0,84.17,101.0,0.078,2652,2.4,5.1,38,33,33,47,52,52,41,42,42,54,65,67,68,42,51,74,74,40,40,35,36,50,70,70,39,37,37,0.186,0.18,0.103,0.154,0.205,0.212,0.136,0.212,0.192,0.123,0.183,0.226,0.131,0.193,0.243,0.222,0.179,27,45,65,62,17,18,68,41,49,54,75,34,49,65,59,18,25,1.7,0.6,1.9,3.8,6.1,5.1,4.8,15.1,7,38,7,23,67,68,65,38,0.637,0.363,0.617,0.027,0.207,0.301,0.176,0.268,0.59,0.596,0.404,1.0,0.0,0.67,0.33,34,70,36,48,68,8,25,9,34,59,38,1,43,64,36,0.054,0.05387021710319714,31,Detroit Pistons,81,44,37,0.543,270.760333,212,445,0.476,39,163,0.239,95,129,0.736,45,190,235,92,83.6,51,18,25,154,120,558,-11.4,5,4,17,14,17,14,17,9,19,17,28,10,11,13,18,16,17,16,15,13,17,15,17,9,14,15,109.5,23.0,110.7,23.2,-1.2,-0.2,0.632,1.71,2.8,0.311,0.698,0.502,0.031,0.532,0.556,101.2,482.73,402.27,2709,0.49,24,7,11,16,13,23,11,20,13,6,10,11,6,15,108.8,87.8,94.2,268.0,106.4,84.8,79.8,258.8,16,15,15,18,16,16,14,14,0.634,0.366,0.62,0.029,0.21,0.281,0.17,0.26,0.591,0.595,0.405,0.974,0.026,0.665,0.335,8,23,7,20,26,2,5,3,5,21,10,8,23,19,12,0.242,0.536,0.3,0.032,0.302,15,12,24,22,20,222.8,483.4,0.461,72.4,202.4,0.358,116.0,145.0,0.8,62.0,179.0,241.0,135.6,87.6,44.8,25.4,26.4,107.4,123.4,634.0,13,13,12,15,14,15,17,16,26,14,14,13,13,16,14,13,17,14,15,14,0,2024-25
1642346,Ryan Dunn,Ryan,1610612756,PHX,22.0,74,32,42,0.432,19.1,2.8,6.4,0.43,1.1,3.6,0.311,0.3,0.5,0.487,1.2,2.4,3.6,0.8,0.5,0.6,0.5,0.3,2.2,0.4,6.9,-2.3,15.3,3,0,14.7,9,11,12,60,30,25,28,44,17,17,42,75,60,91,15,28,21,58,47,31,16,38,13,70,33,69,29,11,3,29,1,112.5,110.4,110.4,114.0,115.1,115.1,-1.6,-4.7,-4.7,0.059,1.43,9.6,0.063,0.117,0.09,6.8,6.8,0.516,0.517,0.161,0.168,98.14,98.59,82.16,98.59,0.059,2882,2.8,6.4,19,26,26,70,74,74,45,52,52,81,51,82,28,54,44,24,23,41,47,50,50,90,93,93,69,25,28,0.174,0.186,0.209,0.237,0.043,0.07,0.259,0.179,0.2,0.073,0.107,0.201,0.256,0.167,0.297,0.057,0.161,33,37,30,24,93,88,31,56,42,85,31,42,30,53,78,94,45,1.2,1.1,0.9,3.2,6.4,5.7,5.8,18.2,24,21,31,29,69,75,73,31,0.447,0.553,0.481,0.016,0.481,0.131,0.038,0.174,0.466,0.748,0.252,1.0,0.0,0.849,0.151,76,28,57,58,29,53,93,32,49,31,66,1,43,24,76,0.042,0.04230659083090092,51,Phoenix Suns,77,32,45,0.416,497.267,320,671,0.477,84,273,0.308,51,93,0.548,158,335,493,128,135.2,72,69,36,264,78,775,-36.6,11,13,23,22,8,10,11,8,12,10,18,18,15,30,8,8,9,13,22,11,8,20,24,15,12,21,111.4,26.7,112.0,27.4,-0.6,-0.7,0.669,2.03,2.5,0.282,0.697,0.492,0.032,0.536,0.544,98.4,405.8,338.17,4192,0.495,14,16,15,6,2,26,22,21,22,9,9,15,15,11,167.4,143.4,122.4,438.8,167.4,145.8,149.4,486.4,8,9,11,11,21,22,22,22,0.593,0.407,0.609,0.026,0.325,0.108,0.066,0.169,0.583,0.801,0.199,1.0,0.0,0.853,0.147,11,20,8,23,19,24,28,12,6,2,29,1,24,2,29,0.227,0.534,0.247,0.032,0.303,21,10,13,21,21,420.0,918.4,0.457,140.2,394.4,0.355,176.6,227.0,0.778,120.4,341.4,461.8,273.4,135.0,77.4,42.8,54.0,174.8,187.2,1156.8,22,23,9,22,23,14,24,24,17,24,23,23,22,9,22,21,7,23,9,22,9,2024-25
1642461,Spencer Jones,Spencer,1610612743,DEN,24.0,20,13,7,0.65,6.2,0.6,1.7,0.324,0.1,0.9,0.059,0.2,0.2,1.0,0.4,0.5,0.9,0.3,0.3,0.3,0.3,0.0,0.9,0.1,1.3,-2.3,3.9,0,0,3.5,57,44,61,26,77,83,78,80,78,70,79,87,93,1,66,92,85,85,72,66,31,83,63,95,88,68,82,35,3,86,1,94.6,89.4,89.4,109.6,107.4,107.4,-15.1,-18.0,-18.0,0.06,1.0,11.1,0.057,0.067,0.062,11.1,11.0,0.338,0.368,0.128,0.138,100.84,104.76,87.3,104.76,0.013,274,0.6,1.7,90,92,92,42,36,36,86,91,91,79,71,74,34,92,75,65,65,88,88,82,79,63,27,27,95,83,78,0.117,0.147,0.029,0.147,0.13,0.094,0.235,0.097,0.134,0.076,0.106,0.263,0.333,0.0,0.309,0.077,0.106,81,73,79,65,51,78,39,92,78,83,30,24,20,1,81,86,88,0.5,0.1,0.6,0.9,3.2,1.5,1.8,6.1,66,83,46,70,43,22,27,77,0.5,0.5,0.769,0.077,0.115,0.462,0.116,0.346,0.692,0.9,0.1,1.0,0.0,0.909,0.091,64,37,15,14,75,3,62,4,21,9,88,1,43,16,84,0.028,0.02829338304185499,70,Denver Nuggets,37,22,15,0.595,61.606,38,99,0.384,6,42,0.143,9,11,0.818,15,36,51,20,23.4,7,10,3,38,9,91,-14.4,26,21,7,10,27,27,27,24,28,27,29,28,28,3,27,27,27,27,4,27,23,3,5,28,28,17,94.5,26.5,106.9,29.8,-12.4,-3.2,0.699,1.41,3.6,0.276,0.757,0.512,0.051,0.486,0.438,100.5,359.19,299.32,462,0.428,17,20,26,3,26,13,24,2,9,25,28,29,26,28,21.6,14.0,19.0,50.4,27.2,16.4,14.6,54.4,27,27,27,27,5,4,4,4,0.576,0.424,0.703,0.154,0.198,0.187,0.099,0.176,0.549,0.781,0.219,1.0,0.0,0.816,0.184,13,18,2,1,28,6,25,10,8,3,28,1,24,5,26,0.147,0.509,0.366,0.038,0.243,29,4,29,10,2,45.6,105.6,0.432,16.4,47.0,0.349,29.4,38.6,0.762,12.0,48.2,60.2,26.8,17.6,11.6,5.0,6.4,14.0,27.8,137.0,4,4,4,4,4,10,5,5,8,4,4,4,4,28,4,4,27,3,26,4,0,2024-25
1642264,Stephon Castle,Stephon,1610612759,SAS,20.0,81,33,48,0.407,26.7,5.2,12.2,0.428,1.2,4.1,0.285,3.1,4.2,0.724,1.1,2.6,3.7,4.1,2.2,0.9,0.3,0.8,2.0,3.2,14.7,-3.0,26.6,6,0,26.0,2,10,7,64,5,3,2,48,15,12,56,1,1,57,20,21,19,4,2,9,29,3,20,2,2,74,2,8,3,2,1,112.0,111.8,111.8,115.2,116.6,116.6,-3.3,-4.7,-4.7,0.231,1.88,20.1,0.039,0.092,0.066,10.7,10.7,0.476,0.522,0.253,0.259,102.42,101.89,84.91,101.89,0.087,4580,5.2,12.2,22,22,22,75,81,81,50,54,54,11,35,29,60,74,68,63,62,54,45,2,2,40,60,60,27,3,2,0.227,0.246,0.152,0.189,0.323,0.341,0.176,0.145,0.153,0.268,0.288,0.197,0.091,0.322,0.21,0.324,0.232,8,5,49,49,7,6,57,71,69,16,96,46,62,90,44,8,7,2.5,1.3,2.8,7.3,10.2,9.3,8.6,29.4,3,17,3,4,93,100,89,6,0.663,0.337,0.551,0.057,0.239,0.188,0.21,0.171,0.494,0.46,0.54,0.789,0.211,0.534,0.466,31,73,44,22,62,24,12,36,47,76,21,67,13,82,18,0.048,0.04831731008959548,38,San Antonio Spurs,81,33,48,0.407,440.704333,425,993,0.428,95,335,0.284,249,344,0.724,91,217,308,335,125.4,77,22,66,166,262,1194,-41.8,5,12,24,23,11,8,6,18,10,9,24,2,2,18,12,13,12,4,20,9,15,26,19,5,7,22,112.3,22.6,114.8,23.3,-2.5,-0.8,0.667,2.03,6.1,0.286,0.681,0.483,0.027,0.543,0.522,102.5,506.68,422.23,4641,0.485,25,8,17,7,3,5,21,27,27,3,5,19,4,16,154.0,119.2,150.0,440.0,168.2,151.8,140.8,482.0,10,10,8,10,22,24,20,21,0.663,0.337,0.553,0.057,0.239,0.188,0.209,0.17,0.496,0.461,0.539,0.789,0.211,0.534,0.466,6,25,12,6,23,5,1,11,15,29,2,28,3,30,1,0.252,0.555,0.209,0.028,0.319,11,22,4,27,27,409.4,853.2,0.48,127.8,353.0,0.362,142.2,178.6,0.796,112.2,310.8,423.0,259.4,129.2,72.8,41.6,49.2,165.0,159.4,1088.8,21,20,25,20,20,21,21,21,23,22,20,21,21,11,20,20,9,22,10,21,200,2024-25
1630545,Terrence Shannon Jr.,Terrence,1610612750,MIN,24.0,32,21,11,0.656,10.6,1.7,3.6,0.482,0.3,1.0,0.355,0.5,0.7,0.81,0.3,1.2,1.5,1.0,0.5,0.2,0.2,0.6,0.8,0.5,4.3,0.3,8.2,1,0,7.9,43,26,47,25,56,47,48,23,56,68,21,48,53,27,73,60,64,43,55,71,50,12,64,58,49,30,61,17,3,58,1,110.1,107.8,107.8,106.8,107.0,107.0,3.3,0.8,0.8,0.139,2.13,18.8,0.029,0.1,0.065,8.8,8.8,0.531,0.56,0.166,0.174,102.71,103.77,86.47,103.77,0.082,735,1.7,3.6,34,44,44,33,35,35,27,33,33,34,24,36,69,66,69,38,38,36,36,45,44,36,37,37,33,47,48,0.192,0.184,0.118,0.11,0.134,0.134,0.13,0.159,0.152,0.153,0.142,0.13,0.179,0.486,0.203,0.12,0.174,24,40,61,78,49,56,71,65,70,44,51,72,42,97,40,70,31,0.6,0.3,1.3,2.7,3.9,3.0,3.2,11.1,57,66,20,35,54,49,49,55,0.728,0.272,0.638,0.014,0.239,0.29,0.123,0.138,0.623,0.841,0.159,1.0,0.0,0.873,0.127,24,80,32,61,63,9,57,59,31,15,82,1,43,19,81,0.05,0.05047476205279569,35,Minnesota Timberwolves,62,40,22,0.645,277.899333,204,447,0.456,58,156,0.372,54,73,0.74,50,104,154,158,79.2,64,8,37,129,75,520,12.4,18,5,11,6,16,15,15,11,17,18,3,17,18,11,17,19,19,10,13,12,24,21,15,17,17,3,113.0,30.7,110.2,30.2,2.8,0.6,0.647,1.92,6.0,0.306,0.682,0.493,0.037,0.537,0.543,101.5,372.13,310.11,2155,0.511,5,22,5,11,6,6,14,26,21,17,8,16,24,8,111.6,80.8,81.4,278.4,90.6,83.4,80.6,288.0,15,17,18,16,14,15,15,16,0.651,0.349,0.562,0.038,0.335,0.175,0.104,0.21,0.523,0.527,0.473,0.776,0.224,0.598,0.402,7,24,10,12,17,10,21,4,10,24,7,29,2,27,4,0.266,0.538,0.274,0.042,0.318,4,14,21,7,26,237.6,508.0,0.468,71.8,209.6,0.343,102.6,139.4,0.736,70.0,190.6,260.6,142.8,90.0,45.2,28.0,24.8,113.4,113.8,649.6,16,15,17,14,15,7,14,14,3,16,15,15,15,15,15,14,18,17,16,15,0,2024-25
1642275,Tidjane Salaün,Tidjane,1610612766,CHA,19.0,60,12,48,0.2,20.7,1.9,5.8,0.33,1.0,3.4,0.283,1.1,1.6,0.713,1.2,3.5,4.7,1.2,1.0,0.5,0.2,0.5,1.4,1.3,5.9,-5.4,14.5,2,0,14.2,21,48,7,85,25,43,31,76,24,18,57,19,17,58,16,12,13,31,26,42,36,18,45,24,40,87,31,15,3,31,1,98.1,99.4,99.4,111.7,111.2,111.2,-13.6,-11.9,-11.9,0.092,1.28,14.2,0.05,0.168,0.106,11.2,11.2,0.414,0.457,0.15,0.153,98.97,98.5,82.08,98.5,0.065,2545,1.9,5.8,87,77,77,59,58,58,81,76,76,56,59,61,38,24,27,67,67,76,71,62,65,80,94,94,62,43,31,0.124,0.154,0.18,0.205,0.184,0.188,0.219,0.252,0.243,0.131,0.132,0.142,0.143,0.201,0.184,0.176,0.14,79,67,40,42,23,30,42,20,30,51,44,65,46,71,28,40,69,0.8,0.7,0.8,1.7,9.0,5.3,6.9,20.0,45,37,37,48,85,70,80,27,0.406,0.594,0.317,0.023,0.493,0.13,0.19,0.142,0.295,0.643,0.357,0.879,0.121,0.763,0.237,81,23,82,52,27,55,18,55,77,48,49,57,23,46,54,0.069,0.06884010883975293,12,Charlotte Hornets,71,13,58,0.183,513.746667,272,804,0.338,109,406,0.268,133,174,0.764,126,319,445,254,179.4,81,23,57,172,185,786,-163.0,15,28,27,30,7,12,9,29,8,7,25,8,8,9,10,9,10,5,24,7,14,24,20,8,10,27,98.8,26.1,115.2,29.9,-16.4,-3.8,0.62,1.33,5.1,0.316,0.696,0.497,0.044,0.481,0.446,99.4,379.98,316.65,4052,0.415,18,21,29,20,28,8,8,22,17,23,30,28,19,29,161.4,166.2,115.0,460.0,231.6,148.4,178.0,500.4,9,7,12,9,25,23,24,23,0.495,0.505,0.415,0.036,0.416,0.135,0.169,0.135,0.379,0.466,0.534,0.826,0.174,0.61,0.39,25,6,25,13,9,20,6,23,24,28,3,25,6,26,5,0.236,0.559,0.227,0.035,0.304,18,25,5,13,22,445.4,939.6,0.474,160.2,439.8,0.364,168.2,213.2,0.789,120.0,362.0,482.0,292.8,144.8,99.0,56.0,40.8,192.4,187.6,1219.2,24,24,20,24,24,22,22,23,22,23,24,24,24,8,24,24,11,24,8,24,0,2024-25
1642449,Tolu Smith,Tolu,1610612765,DET,24.0,1,0,1,0.0,22.4,6.0,9.0,0.667,0.0,0.0,0.0,2.0,3.0,0.667,4.0,4.0,8.0,0.0,2.0,0.0,0.0,2.0,3.0,4.0,14.0,7.0,21.6,0,0,22.0,103,99,94,99,16,1,7,6,80,97,80,3,2,68,1,9,3,97,4,89,82,1,1,1,3,1,12,35,3,7,1,111.6,117.4,117.4,102.8,104.4,104.4,8.8,12.9,12.9,0.0,0.0,0.0,0.129,0.2,0.157,16.7,16.2,0.667,0.678,0.2,0.211,101.07,97.72,81.43,97.72,0.149,46,6.0,9.0,27,4,4,21,27,27,13,8,8,97,93,97,4,10,5,96,96,9,7,14,14,60,97,97,2,1,7,0.316,0.184,0.0,0.0,0.25,0.3,0.4,0.25,0.308,0.0,0.4,0.0,0.0,0.5,0.333,0.4,0.259,1,39,80,97,10,8,12,21,10,97,103,89,82,98,85,4,5,2.0,8.0,0.0,12.0,11.0,4.0,2.0,16.0,4,1,85,1,99,61,31,35,1.0,0.0,0.857,0.0,0.0,0.0,0.143,0.143,0.857,0.667,0.333,0.0,0.0,0.667,0.333,1,97,6,68,80,85,42,51,3,43,52,78,43,65,34,0.113,0.1129446209940769,3,Detroit Pistons,81,44,37,0.543,270.760333,212,445,0.476,39,163,0.239,95,129,0.736,45,190,235,92,83.6,51,18,25,154,120,558,-11.4,5,4,17,14,17,14,17,9,19,17,28,10,11,13,18,16,17,16,15,13,17,15,17,9,14,15,109.5,23.0,110.7,23.2,-1.2,-0.2,0.632,1.71,2.8,0.311,0.698,0.502,0.031,0.532,0.556,101.2,482.73,402.27,2709,0.49,24,7,11,16,13,23,11,20,13,6,10,11,6,15,108.8,87.8,94.2,268.0,106.4,84.8,79.8,258.8,16,15,15,18,16,16,14,14,0.634,0.366,0.62,0.029,0.21,0.281,0.17,0.26,0.591,0.595,0.405,0.974,0.026,0.665,0.335,8,23,7,20,26,2,5,3,5,21,10,8,23,19,12,0.242,0.536,0.3,0.032,0.302,15,12,24,22,20,222.8,483.4,0.461,72.4,202.4,0.358,116.0,145.0,0.8,62.0,179.0,241.0,135.6,87.6,44.8,25.4,26.4,107.4,123.4,634.0,13,13,12,15,14,15,17,16,26,14,14,13,13,16,14,13,17,14,15,14,0,2024-25
1642280,Trentyn Flowers,Trentyn,1610612746,LAC,20.0,6,4,2,0.667,4.4,0.7,1.8,0.364,0.0,0.3,0.0,0.5,0.5,1.0,0.2,0.5,0.7,0.0,0.2,0.0,0.0,0.0,0.7,0.3,1.8,-1.0,2.5,0,0,2.5,84,70,88,19,89,72,74,70,80,83,80,49,65,1,85,85,86,97,87,89,82,83,73,74,73,53,92,35,3,90,1,94.5,88.5,88.5,105.6,101.7,101.7,-11.2,-13.2,-13.2,0.0,0.0,0.0,0.042,0.097,0.073,7.7,7.5,0.364,0.446,0.194,0.211,103.15,108.62,90.51,108.62,0.029,61,0.7,1.8,91,93,93,28,20,20,71,81,81,97,93,97,53,69,62,28,27,84,74,19,15,28,11,11,86,72,74,0.222,0.262,0.0,0.118,0.25,0.214,0.167,0.143,0.148,0.0,0.067,0.0,0.0,0.0,0.267,0.182,0.204,10,2,80,74,10,17,61,72,72,97,11,89,82,1,70,31,13,0.0,0.0,0.5,1.3,2.3,1.8,1.2,6.3,86,85,56,57,26,32,16,76,0.818,0.182,0.727,0.0,0.0,0.273,0.273,0.0,0.727,0.5,0.5,0.0,0.0,0.5,0.5,17,87,21,68,80,12,9,86,17,68,25,78,43,86,12,0.029,0.028960376341153535,68,LA Clippers,13,10,3,0.769,17.032667,11,35,0.314,2,15,0.133,5,7,0.714,4,12,16,6,7.8,5,1,1,8,5,29,-3.2,30,30,1,4,30,30,30,30,30,29,30,30,30,19,30,30,30,30,2,29,30,1,1,30,30,12,101.4,28.1,107.8,30.6,-6.4,-2.5,0.525,0.82,3.9,0.313,0.663,0.5,0.062,0.497,0.381,99.7,355.08,295.9,126,0.453,10,24,24,30,30,12,10,30,14,30,26,30,27,23,5.0,5.6,5.0,16.0,8.0,7.8,6.4,21.2,30,30,29,30,2,2,1,1,0.571,0.429,0.621,0.0,0.207,0.345,0.172,0.345,0.621,0.556,0.444,1.0,0.0,0.636,0.364,16,15,6,30,27,1,4,1,4,23,8,1,24,22,9,0.28,0.51,0.37,0.041,0.337,3,5,30,8,30,14.4,30.8,0.468,2.6,12.2,0.213,7.2,11.4,0.632,5.2,11.2,16.4,9.6,5.2,2.2,2.0,2.0,6.4,9.2,38.6,1,1,16,1,1,1,1,2,1,1,1,1,1,29,1,1,30,1,29,1,0,2024-25
1641725,Trey Alexander,Trey,1610612743,DEN,22.0,24,14,10,0.583,4.9,0.5,1.7,0.317,0.1,0.7,0.176,0.1,0.2,0.75,0.0,0.5,0.5,0.5,0.2,0.1,0.0,0.0,0.4,0.2,1.3,-1.0,2.8,0,0,2.7,51,40,51,37,85,84,77,84,74,75,73,90,91,47,94,91,93,69,82,85,79,81,87,87,87,55,88,35,3,89,1,94.4,94.2,94.2,110.0,105.1,105.1,-15.6,-10.9,-10.9,0.136,2.2,18.6,0.008,0.087,0.047,8.5,8.5,0.354,0.374,0.165,0.17,102.95,105.44,87.87,105.44,0.029,259,0.5,1.7,92,87,87,46,29,29,87,72,72,36,21,37,94,76,93,33,33,86,87,46,47,31,20,20,87,84,77,0.138,0.186,0.097,0.163,0.12,0.114,0.045,0.122,0.107,0.177,0.111,0.111,0.1,0.083,0.179,0.133,0.131,64,35,67,58,55,69,94,78,92,34,34,79,58,27,24,64,74,0.2,0.0,0.1,0.4,1.8,1.6,1.3,4.4,79,85,80,87,19,24,19,87,0.585,0.415,0.625,0.313,0.281,0.094,0.094,0.156,0.313,0.6,0.4,1.0,0.0,0.692,0.308,42,62,33,2,58,67,72,45,74,55,39,1,43,61,39,0.026,0.025743809376338588,75,Denver Nuggets,37,22,15,0.595,61.606,38,99,0.384,6,42,0.143,9,11,0.818,15,36,51,20,23.4,7,10,3,38,9,91,-14.4,26,21,7,10,27,27,27,24,28,27,29,28,28,3,27,27,27,27,4,27,23,3,5,28,28,17,94.5,26.5,106.9,29.8,-12.4,-3.2,0.699,1.41,3.6,0.276,0.757,0.512,0.051,0.486,0.438,100.5,359.19,299.32,462,0.428,17,20,26,3,26,13,24,2,9,25,28,29,26,28,21.6,14.0,19.0,50.4,27.2,16.4,14.6,54.4,27,27,27,27,5,4,4,4,0.576,0.424,0.703,0.154,0.198,0.187,0.099,0.176,0.549,0.781,0.219,1.0,0.0,0.816,0.184,13,18,2,1,28,6,25,10,8,3,28,1,24,5,26,0.147,0.509,0.366,0.038,0.243,29,4,29,10,2,45.6,105.6,0.432,16.4,47.0,0.349,29.4,38.6,0.762,12.0,48.2,60.2,26.8,17.6,11.6,5.0,6.4,14.0,27.8,137.0,4,4,4,4,4,10,5,5,8,4,4,4,4,28,4,4,27,3,26,4,0,2024-25
1641783,Tristan da Silva,Tristan,1610612753,ORL,24.0,74,35,39,0.473,22.0,2.7,6.5,0.412,1.1,3.2,0.335,0.7,0.9,0.873,1.0,2.3,3.3,1.5,0.8,0.4,0.2,0.3,1.3,0.8,7.2,-1.7,14.8,1,0,14.5,9,8,15,55,19,28,26,53,18,20,32,35,43,17,26,30,29,25,37,47,35,32,49,39,26,65,30,17,3,30,1,105.0,106.1,106.1,109.5,110.3,110.3,-4.5,-4.2,-4.2,0.105,2.02,16.6,0.042,0.114,0.076,8.2,8.2,0.495,0.522,0.149,0.153,97.81,96.97,80.81,96.97,0.074,3295,2.7,6.5,57,49,49,41,49,49,56,51,51,52,28,44,51,61,59,32,32,47,46,63,66,92,99,99,47,28,26,0.156,0.166,0.209,0.196,0.098,0.086,0.189,0.171,0.176,0.143,0.116,0.111,0.09,0.161,0.144,0.085,0.152,50,55,28,48,73,83,50,61,58,46,39,78,63,51,10,85,52,1.5,1.0,1.3,3.0,8.5,5.5,6.3,21.8,13,28,18,32,82,74,76,23,0.505,0.495,0.447,0.034,0.45,0.176,0.103,0.206,0.413,0.613,0.387,0.95,0.05,0.749,0.251,63,41,63,43,32,34,70,18,59,53,44,46,34,52,48,0.079,0.0788402668306271,7,Orlando Magic,74,35,39,0.473,325.722333,199,483,0.412,80,239,0.335,55,63,0.873,73,172,245,113,96.6,33,18,24,94,57,533,-25.4,13,9,19,18,13,16,14,20,13,12,14,16,19,1,14,17,16,14,17,19,17,14,13,20,15,20,105.0,21.2,109.5,22.1,-4.5,-0.8,0.618,1.63,2.9,0.302,0.718,0.496,0.029,0.504,0.522,97.8,484.83,404.03,3295,0.476,29,3,18,22,19,22,16,10,19,5,24,18,5,18,121.8,100.6,91.8,307.6,125.6,81.2,93.0,322.8,13,12,16,14,18,13,16,17,0.505,0.495,0.447,0.034,0.45,0.176,0.103,0.206,0.413,0.613,0.387,0.95,0.05,0.749,0.251,23,8,23,16,7,9,23,5,23,16,15,12,19,12,19,0.252,0.553,0.269,0.032,0.282,10,21,20,20,10,265.8,552.0,0.482,78.6,211.8,0.371,114.4,148.4,0.771,61.4,225.2,286.6,156.2,105.8,54.4,29.8,39.8,133.4,130.6,724.6,17,17,26,16,16,26,16,17,12,13,16,16,17,12,17,15,12,18,13,17,0,2024-25
1641803,Tristen Newton,Tristen,1610612750,MIN,24.0,8,2,6,0.25,2.0,0.1,1.0,0.125,0.0,0.4,0.0,0.1,0.1,1.0,0.3,0.3,0.5,0.3,0.3,0.1,0.0,0.1,0.5,0.1,0.4,-0.6,1.5,0,0,1.4,78,86,64,80,102,99,92,99,80,82,80,90,94,1,77,99,93,85,72,79,82,66,82,93,99,46,99,35,3,99,2,87.9,83.3,83.3,104.5,97.6,97.6,-16.6,-14.2,-14.2,0.182,1.0,16.7,0.071,0.111,0.087,16.7,16.1,0.125,0.178,0.185,0.209,116.13,123.38,102.82,123.38,-0.068,42,0.1,1.0,95,96,96,25,17,17,88,84,84,20,71,42,20,62,47,96,95,99,100,25,17,1,1,1,102,99,92,0.083,0.205,0.0,0.231,0.125,0.091,0.2,0.222,0.211,0.25,0.333,0.2,0.0,0.333,0.571,0.167,0.086,95,22,80,27,53,79,45,34,37,18,99,43,82,91,103,44,94,0.0,0.0,0.0,0.3,0.8,1.0,0.9,2.3,86,85,85,91,7,15,12,98,0.625,0.375,0.667,0.0,0.0,0.0,0.333,0.0,0.667,0.0,1.0,0.0,0.0,0.0,1.0,37,67,26,68,80,85,3,86,24,92,1,78,43,96,1,0.018,0.018109116859303206,82,Minnesota Timberwolves,62,40,22,0.645,277.899333,204,447,0.456,58,156,0.372,54,73,0.74,50,104,154,158,79.2,64,8,37,129,75,520,12.4,18,5,11,6,16,15,15,11,17,18,3,17,18,11,17,19,19,10,13,12,24,21,15,17,17,3,113.0,30.7,110.2,30.2,2.8,0.6,0.647,1.92,6.0,0.306,0.682,0.493,0.037,0.537,0.543,101.5,372.13,310.11,2155,0.511,5,22,5,11,6,6,14,26,21,17,8,16,24,8,111.6,80.8,81.4,278.4,90.6,83.4,80.6,288.0,15,17,18,16,14,15,15,16,0.651,0.349,0.562,0.038,0.335,0.175,0.104,0.21,0.523,0.527,0.473,0.776,0.224,0.598,0.402,7,24,10,12,17,10,21,4,10,24,7,29,2,27,4,0.266,0.538,0.274,0.042,0.318,4,14,21,7,26,237.6,508.0,0.468,71.8,209.6,0.343,102.6,139.4,0.736,70.0,190.6,260.6,142.8,90.0,45.2,28.0,24.8,113.4,113.8,649.6,16,15,17,14,15,7,14,14,3,16,15,15,15,15,15,14,18,17,16,15,0,2024-25
1642278,Tyler Kolek,Tyler,1610612752,NYK,24.0,41,27,14,0.659,7.2,0.7,2.0,0.329,0.3,1.1,0.298,0.3,0.4,0.765,0.2,0.5,0.7,1.7,0.4,0.3,0.1,0.1,0.6,0.5,2.0,0.0,6.1,0,0,5.5,36,21,42,24,72,77,69,77,57,58,49,69,69,42,83,90,89,22,59,63,69,75,78,57,70,36,69,35,3,68,1,106.7,104.1,104.1,105.9,104.4,104.4,0.8,-0.3,-0.3,0.321,3.89,39.3,0.027,0.059,0.043,10.1,10.1,0.415,0.453,0.152,0.159,100.39,102.35,85.29,102.35,0.072,632,0.7,2.0,50,57,57,29,26,26,34,38,38,3,5,4,72,96,95,54,54,75,73,60,61,71,54,54,52,77,69,0.11,0.153,0.157,0.197,0.165,0.175,0.133,0.086,0.096,0.422,0.186,0.3,0.167,0.103,0.248,0.216,0.123,85,69,47,47,32,35,69,97,97,4,77,17,43,32,61,19,76,0.3,0.3,0.3,0.5,2.4,2.0,1.7,8.0,76,67,71,85,28,35,25,67,0.427,0.573,0.321,0.049,0.519,0.148,0.16,0.16,0.272,0.231,0.769,1.0,0.0,0.63,0.37,77,27,81,30,22,43,33,43,79,89,8,1,43,69,31,0.04,0.039671399853490566,53,New York Knicks,51,34,17,0.667,135.205667,64,160,0.4,20,68,0.294,25,38,0.658,26,81,107,90,48.2,18,22,8,74,43,173,-18.2,22,10,9,5,23,24,25,22,25,25,20,23,22,25,24,23,24,17,10,25,15,6,10,21,25,18,103.2,27.5,109.8,29.1,-6.6,-1.6,0.651,1.46,7.1,0.254,0.713,0.494,0.045,0.532,0.489,100.7,379.33,316.11,1067,0.48,11,19,20,10,24,4,30,12,20,24,11,23,20,17,45.6,28.2,37.8,125.2,53.2,38.8,35.6,147.6,24,25,23,23,10,10,6,10,0.575,0.425,0.509,0.058,0.347,0.127,0.145,0.162,0.451,0.705,0.295,1.0,0.0,0.797,0.203,15,16,17,5,14,22,9,18,18,8,23,1,24,8,23,0.222,0.51,0.256,0.032,0.287,22,6,16,23,12,113.8,253.4,0.449,30.8,101.4,0.304,53.0,64.8,0.818,32.6,92.2,124.8,66.8,34.2,22.4,12.2,12.6,48.0,51.4,311.4,8,8,6,7,8,2,8,7,30,11,8,8,8,24,6,6,23,7,24,8,0,2024-25
1641890,Tyler Smith,Tyler,1610612749,MIL,20.0,23,12,11,0.522,5.3,1.0,2.2,0.48,0.6,1.3,0.433,0.3,0.3,0.75,0.3,0.8,1.1,0.2,0.3,0.1,0.2,0.0,0.5,0.3,2.9,0.3,5.0,0,0,5.3,52,48,47,45,82,62,66,25,40,53,4,74,75,47,76,72,77,91,66,78,46,80,86,78,61,29,76,35,3,69,1,103.7,103.4,103.4,101.5,96.3,96.3,2.2,7.1,7.1,0.056,0.5,6.2,0.05,0.143,0.098,12.3,12.2,0.61,0.626,0.205,0.215,102.33,105.22,87.68,105.22,0.123,261,1.0,2.2,65,64,64,16,14,14,29,15,15,85,87,92,41,37,33,81,80,14,14,12,12,42,23,23,5,62,66,0.253,0.237,0.351,0.297,0.14,0.129,0.231,0.238,0.236,0.071,0.167,0.13,0.444,0.1,0.22,0.149,0.248,6,11,8,13,45,59,40,29,32,87,67,71,16,29,48,55,6,0.5,0.4,0.4,0.9,2.6,1.8,1.0,4.3,59,56,67,71,31,29,15,88,0.4,0.6,0.328,0.03,0.582,0.134,0.09,0.179,0.299,0.818,0.182,0.923,0.077,0.875,0.125,82,22,79,45,17,50,79,31,75,19,77,52,28,18,82,0.043,0.04298248878108417,46,Milwaukee Bucks,32,18,14,0.563,44.458,34,77,0.442,16,37,0.432,12,20,0.6,13,31,44,13,18.6,6,6,7,20,18,96,3.2,27,24,6,13,28,28,28,15,26,28,1,26,26,27,28,28,28,28,3,28,25,5,3,26,27,7,96.1,26.7,94.1,25.2,2.0,1.5,0.601,1.05,3.1,0.311,0.729,0.527,0.053,0.496,0.559,103.5,380.04,316.7,348,0.522,15,11,2,23,29,19,13,5,4,28,27,10,18,4,21.6,10.4,9.6,34.4,23.0,13.2,10.4,32.4,27,28,28,28,3,3,2,3,0.519,0.481,0.375,0.021,0.5,0.146,0.125,0.188,0.354,0.778,0.222,0.875,0.125,0.824,0.176,22,9,26,26,5,18,16,8,25,4,27,20,11,3,28,0.29,0.472,0.275,0.053,0.271,2,1,22,2,5,30.8,77.8,0.396,11.8,38.8,0.304,16.2,21.4,0.757,11.0,30.0,41.0,18.0,19.0,8.6,4.2,4.2,17.2,18.4,89.6,3,3,1,3,3,3,3,3,6,3,3,3,3,27,3,3,28,4,28,3,0,2024-25
1630623,Tyson Etienne,Tyson,1610612751,BKN,25.0,7,1,6,0.143,21.6,2.4,7.4,0.327,1.9,6.3,0.295,1.1,1.4,0.8,0.4,0.9,1.3,1.7,1.1,0.4,0.1,0.3,2.4,1.1,7.9,-10.0,12.5,0,0,13.9,81,92,64,91,20,38,16,79,2,1,50,16,20,28,62,69,71,20,17,50,52,36,7,28,21,102,40,35,3,33,1,99.4,98.8,98.8,121.5,119.3,119.3,-22.1,-20.5,-20.5,0.126,1.5,15.6,0.018,0.046,0.03,10.4,10.5,0.452,0.488,0.177,0.183,103.88,105.16,87.63,105.16,0.024,330,2.4,7.4,82,78,78,91,90,90,94,95,95,40,47,50,88,100,100,57,59,63,64,34,35,22,24,24,90,38,16,0.152,0.192,0.283,0.314,0.143,0.133,0.125,0.063,0.075,0.143,0.167,0.103,0.111,0.1,0.243,0.127,0.169,56,32,13,8,41,57,75,100,100,47,67,85,56,29,60,68,36,1.6,0.1,2.1,0.9,8.6,5.4,9.4,24.3,9,76,5,72,83,73,98,15,0.154,0.846,0.145,0.036,0.709,0.273,0.146,0.2,0.109,1.0,0.0,1.0,0.0,1.0,0.0,100,4,94,40,6,12,39,21,93,1,90,1,43,1,90,0.024,0.023534063371596987,78,Brooklyn Nets,42,15,27,0.357,177.039667,98,269,0.364,30,123,0.244,35,49,0.714,32,82,114,94,56.8,39,4,13,74,59,261,-50.0,25,27,13,25,19,22,20,27,20,20,27,20,20,19,23,22,22,15,12,15,27,7,10,19,22,24,99.0,26.6,113.0,30.2,-14.0,-3.7,0.704,1.61,5.6,0.273,0.727,0.477,0.041,0.483,0.449,100.7,375.92,313.26,1388,0.409,16,23,28,2,21,7,25,6,28,20,29,27,22,30,62.6,45.6,61.6,157.2,67.8,41.4,56.8,191.2,21,21,19,19,12,11,12,12,0.543,0.457,0.521,0.023,0.345,0.169,0.134,0.165,0.498,0.618,0.382,1.0,0.0,0.735,0.265,17,14,15,24,16,13,13,17,14,14,17,1,24,14,17,0.247,0.575,0.329,0.043,0.273,12,30,28,6,6,148.6,299.0,0.497,46.4,131.6,0.353,75.2,98.4,0.764,32.0,136.6,168.6,100.4,60.2,30.8,20.2,11.4,68.2,80.4,418.8,12,12,30,12,12,12,12,12,11,10,12,12,12,19,11,12,24,12,19,12,0,2024-25
1642279,Ulrich Chomche,Ulrich,1610612761,TOR,19.0,7,3,4,0.429,4.6,0.3,0.7,0.4,0.0,0.0,0.0,0.1,0.3,0.5,0.6,0.6,1.1,0.3,0.3,0.0,0.1,0.0,0.7,0.1,0.7,-3.4,2.7,0,0,2.4,81,78,74,61,87,95,99,59,80,97,80,88,84,80,43,82,75,82,70,89,52,83,68,92,96,80,90,35,3,92,1,105.8,96.9,96.9,145.5,140.3,140.3,-39.7,-43.4,-43.4,0.111,1.0,20.0,0.129,0.182,0.151,20.0,20.2,0.4,0.425,0.108,0.115,89.03,94.73,78.94,94.73,0.02,65,0.3,0.7,55,83,83,102,102,102,102,102,102,47,71,30,4,16,6,100,100,80,79,96,95,102,103,103,94,95,99,0.1,0.102,0.0,0.0,0.053,0.083,0.444,0.286,0.348,0.167,0.222,0.0,0.5,0.0,0.385,0.059,0.079,88,94,80,97,92,85,6,11,5,38,90,89,8,1,95,93,96,0.0,0.1,0.0,0.6,1.6,1.3,2.1,5.1,86,76,85,82,15,21,35,84,1.0,0.0,0.8,0.0,0.0,0.0,0.2,0.0,0.8,1.0,0.0,0.0,0.0,1.0,0.0,1,97,13,68,80,85,13,86,9,1,90,78,43,1,90,-0.021,-0.02120819819116392,101,Toronto Raptors,82,30,52,0.366,985.913667,670,1605,0.417,259,738,0.351,196,254,0.772,239,513,752,598,318.8,173,65,113,486,267,1795,-153.0,1,16,25,24,2,2,2,19,2,2,9,6,6,8,3,5,5,3,29,2,9,29,29,4,2,26,105.7,37.0,112.6,39.5,-6.9,-2.5,0.695,1.8,8.0,0.311,0.679,0.487,0.053,0.512,0.523,102.0,291.04,242.54,5972,0.457,2,29,23,4,10,3,12,28,26,27,22,17,29,21,392.6,309.4,331.6,1030.4,384.0,318.6,347.2,1064.4,2,2,2,2,28,29,28,29,0.54,0.46,0.458,0.045,0.433,0.152,0.109,0.167,0.413,0.606,0.394,0.942,0.058,0.736,0.264,19,12,21,8,8,16,20,14,22,17,14,14,17,13,18,0.22,0.547,0.303,0.054,0.321,23,19,26,1,28,846.8,1778.8,0.476,252.6,727.6,0.347,417.8,538.2,0.776,240.4,695.6,936.0,519.6,325.0,186.0,118.0,84.4,360.8,447.2,2364.0,29,29,21,28,28,9,29,29,15,29,29,29,28,2,29,28,3,29,2,29,0,2024-25
1642530,Yuki Kawamura,Yuki,1610612763,MEM,24.0,22,17,5,0.773,4.2,0.5,1.4,0.367,0.3,1.0,0.304,0.3,0.4,0.778,0.0,0.5,0.5,0.9,0.2,0.1,0.0,0.0,0.4,0.3,1.6,1.2,3.6,0,0,3.5,54,35,69,15,91,86,87,69,60,62,45,68,70,37,95,83,91,54,77,83,82,83,90,80,79,18,86,35,3,84,1,120.5,114.6,114.6,101.8,102.5,102.5,18.8,12.1,12.1,0.257,3.8,32.8,0.0,0.114,0.063,8.6,8.6,0.483,0.53,0.167,0.178,103.91,106.19,88.49,106.19,0.086,206,0.5,1.4,5,13,13,17,21,21,5,10,10,6,6,9,95,60,74,34,34,52,42,43,39,21,17,17,30,86,87,0.129,0.181,0.233,0.284,0.194,0.2,0.0,0.182,0.135,0.339,0.152,0.125,0.0,0.0,0.286,0.176,0.153,74,43,20,15,20,28,95,51,77,9,57,75,82,1,76,38,51,0.1,0.1,0.1,0.2,1.6,1.7,1.3,5.5,83,79,79,93,18,28,21,81,0.233,0.767,0.222,0.111,0.583,0.083,0.195,0.083,0.111,0.5,0.5,0.429,0.571,0.455,0.545,98,6,92,12,16,69,16,81,92,68,25,77,3,89,10,0.025,0.024946034700471405,77,Memphis Grizzlies,82,48,34,0.585,761.351667,583,1222,0.477,182,519,0.351,227,290,0.783,331,527,858,253,255.0,91,94,65,359,288,1575,83.6,1,2,16,11,4,4,4,7,3,4,10,4,5,6,2,4,3,6,27,5,5,25,27,3,3,1,115.1,32.3,110.6,30.8,4.5,1.5,0.624,1.75,3.4,0.353,0.721,0.538,0.043,0.553,0.584,105.5,377.33,314.44,5978,0.524,4,25,3,18,11,16,3,8,2,21,2,6,21,2,286.8,288.4,253.0,890.8,313.0,223.4,266.8,762.8,3,3,4,4,26,26,26,26,0.575,0.425,0.509,0.044,0.347,0.103,0.144,0.133,0.465,0.651,0.349,0.901,0.099,0.729,0.271,14,17,16,9,15,26,10,24,16,12,19,17,14,16,15,0.231,0.539,0.242,0.038,0.279,20,16,12,11,8,671.6,1457.6,0.461,228.4,623.0,0.367,274.4,353.4,0.776,172.2,485.4,657.6,438.8,228.0,143.0,86.4,87.4,315.4,319.0,1846.0,26,27,11,26,26,23,27,27,16,26,26,26,26,4,26,27,2,27,4,26,0,2024-25
1641879,Yuri Collins,Yuri,1610612744,GSW,24.0,2,2,0,1.0,8.2,0.5,1.5,0.333,0.0,0.0,0.0,0.0,0.0,0.0,1.0,0.5,1.5,2.0,0.0,1.0,0.0,0.0,2.5,0.5,1.0,-2.5,8.8,0,0,6.5,100,86,100,1,65,86,82,74,80,97,80,95,96,95,25,85,62,14,96,2,82,83,6,58,90,70,56,35,3,64,1,101.1,94.4,94.4,107.5,111.4,111.4,-6.4,-17.0,-17.0,0.333,0.0,57.1,0.083,0.071,0.079,0.0,0.0,0.333,0.333,0.068,0.072,102.95,104.54,87.12,104.54,0.048,36,0.5,1.5,77,86,86,35,60,60,61,90,90,2,93,2,13,88,55,1,1,89,92,101,101,32,31,31,79,86,82,0.077,0.083,0.0,0.0,0.0,0.0,0.25,0.125,0.188,0.364,0.0,0.333,0.0,0.0,0.417,0.167,0.059,96,100,80,97,95,96,33,76,53,7,1,10,82,1,101,44,99,0.0,0.0,0.0,0.0,3.0,5.0,0.0,9.0,86,85,85,95,39,67,1,61,1.0,0.0,1.0,1.0,0.0,0.0,0.0,0.0,0.0,0.0,1.0,0.0,0.0,0.0,1.0,1,97,1,1,80,85,95,86,95,92,1,78,43,96,1,0.027,0.027433574766378584,72,Golden State Warriors,45,29,16,0.644,151.574333,133,295,0.451,76,189,0.402,24,33,0.727,41,122,163,65,41.2,23,18,16,93,28,366,12.2,24,18,8,7,20,19,19,13,14,16,2,24,24,17,21,18,18,22,6,23,17,9,12,24,19,4,112.4,23.4,109.6,22.8,2.8,0.6,0.765,2.29,3.6,0.279,0.736,0.498,0.027,0.538,0.591,100.1,481.19,400.99,1526,0.515,23,4,4,1,1,14,23,3,15,2,7,2,7,7,64.0,43.4,43.4,122.0,49.4,36.2,50.8,134.8,19,22,22,25,8,9,10,8,0.359,0.641,0.311,0.033,0.623,0.082,0.066,0.15,0.279,0.825,0.175,1.0,0.0,0.925,0.075,29,2,29,18,2,28,29,20,28,1,30,1,24,1,30,0.264,0.544,0.259,0.033,0.264,5,17,17,18,3,124.2,266.0,0.467,41.2,111.6,0.369,55.4,68.8,0.805,31.8,110.8,142.6,79.6,50.2,23.4,14.2,15.2,60.6,59.4,345.0,9,10,15,10,9,24,10,8,28,9,11,10,10,20,7,7,21,10,21,9,0,2024-25
1642274,Yves Missi,Yves,1610612740,NOP,21.0,73,19,54,0.26,26.8,3.7,6.7,0.547,0.0,0.0,0.0,1.7,2.8,0.623,3.5,4.7,8.2,1.4,1.1,0.5,1.3,0.9,2.0,2.3,9.1,-7.0,25.4,14,0,22.4,11,29,4,79,4,11,23,16,80,96,80,5,3,73,3,4,2,28,18,40,3,2,22,4,14,93,3,2,3,6,1,107.2,107.8,107.8,118.9,120.5,120.5,-11.7,-12.7,-12.7,0.072,1.21,12.9,0.122,0.177,0.149,10.7,10.8,0.547,0.572,0.141,0.143,100.78,99.85,83.21,99.85,0.09,4069,3.7,6.7,49,43,43,86,93,93,74,80,80,68,63,68,7,20,9,62,63,31,32,73,74,67,80,80,23,11,23,0.164,0.136,0.0,0.001,0.195,0.231,0.478,0.279,0.339,0.097,0.134,0.109,0.462,0.285,0.219,0.232,0.152,44,80,80,96,19,14,5,14,6,69,47,82,15,87,47,16,53,1.1,3.0,0.6,7.3,11.1,9.0,10.7,30.3,30,2,45,3,101,99,103,4,0.998,0.002,0.809,0.012,0.0,0.068,0.191,0.116,0.797,0.677,0.323,0.0,0.0,0.677,0.323,8,96,11,64,80,78,17,73,11,42,55,78,43,63,37,0.018,0.017618870547962864,82,New Orleans Pelicans,82,21,61,0.256,759.387,574,1093,0.525,86,239,0.36,213,317,0.672,353,596,949,200,242.8,91,154,96,328,250,1447,-187.4,1,22,28,26,5,5,5,3,11,12,6,5,4,22,1,3,2,7,26,5,2,27,26,6,5,28,106.9,28.2,118.1,31.3,-11.2,-3.1,0.642,1.69,2.7,0.304,0.689,0.492,0.04,0.521,0.587,101.2,383.11,319.26,6061,0.446,9,27,25,13,15,25,15,23,23,18,19,5,17,25,246.4,241.4,251.8,814.0,317.0,255.6,284.0,816.4,5,5,5,5,27,27,27,27,0.781,0.219,0.674,0.033,0.178,0.107,0.147,0.128,0.641,0.701,0.299,0.919,0.081,0.733,0.267,2,29,3,17,29,25,7,27,2,9,22,15,16,15,16,0.238,0.572,0.236,0.035,0.311,17,29,8,14,23,697.8,1427.4,0.489,238.0,644.0,0.37,262.4,336.8,0.779,184.6,527.0,711.6,459.6,213.8,153.2,81.2,79.8,274.6,277.4,1896.0,27,26,29,27,27,25,26,26,18,27,27,27,27,5,27,26,4,26,5,27,90,2024-25
1642258,Zaccharie Risacher,Zaccharie,1610612737,ATL,20.0,75,38,37,0.507,24.6,4.8,10.4,0.458,1.6,4.6,0.355,1.4,2.0,0.711,1.1,2.4,3.6,1.2,1.2,0.7,0.5,0.7,2.0,1.4,12.6,-1.6,21.0,1,0,21.4,7,6,19,46,13,6,5,31,9,7,22,10,10,59,17,25,22,32,15,18,18,7,21,18,5,64,15,17,3,10,1,111.4,112.3,112.3,114.0,115.0,115.0,-2.6,-2.7,-2.7,0.068,1.0,9.0,0.044,0.099,0.071,9.0,8.9,0.537,0.558,0.203,0.207,105.48,104.57,87.14,104.57,0.071,4011,4.8,10.4,28,18,18,69,73,73,48,48,48,70,71,86,48,67,66,40,40,34,39,13,18,8,30,30,53,6,5,0.208,0.219,0.236,0.246,0.191,0.201,0.183,0.147,0.157,0.078,0.148,0.131,0.189,0.261,0.204,0.167,0.209,14,19,18,21,22,27,54,70,67,81,54,70,39,85,41,43,10,2.5,1.5,3.2,5.8,10.2,6.8,9.3,26.9,1,14,1,7,94,87,97,10,0.558,0.442,0.499,0.034,0.389,0.254,0.112,0.202,0.465,0.732,0.268,0.975,0.025,0.815,0.185,49,55,55,42,45,14,67,20,50,33,64,39,41,30,70,0.055,0.055006928538850995,29,Atlanta Hawks,78,39,39,0.5,483.220667,438,966,0.453,158,443,0.357,119,162,0.735,97,232,329,175,163.0,80,46,56,198,119,1153,-22.2,9,6,19,16,9,7,8,12,5,5,8,9,9,15,11,11,11,8,23,8,11,22,22,10,8,19,110.5,24.5,112.2,24.9,-1.7,-0.4,0.688,1.86,3.1,0.292,0.719,0.502,0.034,0.551,0.556,104.5,471.93,393.28,4746,0.491,20,10,13,5,8,20,18,9,12,14,3,12,9,13,185.4,145.4,183.8,563.2,197.8,135.4,171.4,507.6,7,8,7,7,23,21,23,24,0.541,0.459,0.486,0.035,0.411,0.223,0.103,0.19,0.451,0.675,0.325,0.949,0.051,0.774,0.226,18,13,18,14,10,3,22,6,17,11,20,13,18,11,20,0.208,0.557,0.234,0.034,0.281,27,23,7,16,9,435.0,907.6,0.479,141.4,375.2,0.377,171.6,212.6,0.807,108.6,333.4,442.0,286.6,161.8,94.8,50.4,49.8,163.4,188.6,1183.0,23,22,24,23,22,27,23,22,29,20,22,22,23,7,23,23,8,21,7,23,199,2024-25
1641744,Zach Edey,Zach,1610612763,MEM,23.0,66,35,31,0.53,21.5,3.8,6.6,0.58,0.3,0.8,0.346,1.4,1.9,0.709,3.5,4.8,8.3,1.0,1.3,0.5,1.3,0.5,2.8,1.8,9.2,2.5,24.9,12,0,22.5,17,8,27,44,21,9,25,13,63,71,26,12,12,60,2,3,1,47,13,37,4,20,4,11,13,9,4,4,3,5,1,115.3,116.8,116.8,110.5,111.5,111.5,4.7,5.3,5.3,0.059,0.74,10.2,0.153,0.204,0.179,13.9,13.7,0.6,0.624,0.156,0.162,105.38,104.2,86.84,104.2,0.111,3074,3.8,6.6,13,6,6,50,61,61,23,20,20,80,84,80,2,9,3,89,88,16,15,53,56,10,34,34,9,9,25,0.186,0.155,0.046,0.05,0.178,0.202,0.513,0.298,0.362,0.081,0.177,0.165,0.509,0.195,0.3,0.197,0.17,28,66,75,87,26,26,2,9,4,78,73,56,7,66,79,25,34,1.1,3.0,0.3,7.0,9.4,6.0,7.7,20.8,25,3,68,5,86,78,84,24,0.88,0.12,0.764,0.01,0.089,0.038,0.147,0.121,0.754,0.635,0.365,1.0,0.0,0.661,0.339,13,91,16,65,77,82,37,68,14,50,47,1,43,67,33,0.069,0.06936657920007229,12,Memphis Grizzlies,82,48,34,0.585,761.351667,583,1222,0.477,182,519,0.351,227,290,0.783,331,527,858,253,255.0,91,94,65,359,288,1575,83.6,1,2,16,11,4,4,4,7,3,4,10,4,5,6,2,4,3,6,27,5,5,25,27,3,3,1,115.1,32.3,110.6,30.8,4.5,1.5,0.624,1.75,3.4,0.353,0.721,0.538,0.043,0.553,0.584,105.5,377.33,314.44,5978,0.524,4,25,3,18,11,16,3,8,2,21,2,6,21,2,286.8,288.4,253.0,890.8,313.0,223.4,266.8,762.8,3,3,4,4,26,26,26,26,0.575,0.425,0.509,0.044,0.347,0.103,0.144,0.133,0.465,0.651,0.349,0.901,0.099,0.729,0.271,14,17,16,9,15,26,10,24,16,12,19,17,14,16,15,0.231,0.539,0.242,0.038,0.279,20,16,12,11,8,671.6,1457.6,0.461,228.4,623.0,0.367,274.4,353.4,0.776,172.2,485.4,657.6,438.8,228.0,143.0,86.4,87.4,315.4,319.0,1846.0,26,27,11,26,26,23,27,27,16,26,26,26,26,4,26,27,2,27,4,26,173,2024-25
1642389,Zyon Pullin,Zyon,1610612763,MEM,24.0,3,1,2,0.333,0.9,0.0,0.3,0.0,0.0,0.0,0.0,0.0,0.0,0.0,0.0,0.0,0.0,0.0,0.0,0.0,0.0,0.0,0.0,0.0,0.0,0.3,0.0,0,0,0.0,97,92,88,70,104,100,102,100,80,97,80,95,96,95,95,102,102,97,96,89,82,83,98,99,101,31,104,35,3,104,1,100.0,83.3,83.3,100.0,66.7,66.7,0.0,16.7,16.7,0.0,0.0,0.0,0.0,0.0,0.0,0.0,0.0,0.0,0.0,0.167,0.2,83.02,110.7,92.25,110.7,-0.087,6,0.0,0.3,80,96,96,14,2,2,36,6,6,97,93,97,95,102,102,1,1,100,101,43,23,104,7,7,104,100,102,0.0,0.2,0.0,0.0,0.0,0.0,0.0,0.0,0.0,0.0,0.0,0.0,0.0,0.0,0.0,0.0,0.0,100,25,80,97,95,96,95,102,102,97,1,89,82,1,1,99,101,0.0,0.0,0.0,0.0,0.0,0.0,0.0,1.3,86,85,85,95,1,1,1,103,1.0,0.0,0.0,0.0,0.0,0.0,1.0,0.0,0.0,0.0,0.0,0.0,0.0,0.0,0.0,1,97,97,68,80,85,95,86,95,92,90,78,43,96,90,0.015,0.014854224093906737,88,Memphis Grizzlies,82,48,34,0.585,761.351667,583,1222,0.477,182,519,0.351,227,290,0.783,331,527,858,253,255.0,91,94,65,359,288,1575,83.6,1,2,16,11,4,4,4,7,3,4,10,4,5,6,2,4,3,6,27,5,5,25,27,3,3,1,115.1,32.3,110.6,30.8,4.5,1.5,0.624,1.75,3.4,0.353,0.721,0.538,0.043,0.553,0.584,105.5,377.33,314.44,5978,0.524,4,25,3,18,11,16,3,8,2,21,2,6,21,2,286.8,288.4,253.0,890.8,313.0,223.4,266.8,762.8,3,3,4,4,26,26,26,26,0.575,0.425,0.509,0.044,0.347,0.103,0.144,0.133,0.465,0.651,0.349,0.901,0.099,0.729,0.271,14,17,16,9,15,26,10,24,16,12,19,17,14,16,15,0.231,0.539,0.242,0.038,0.279,20,16,12,11,8,671.6,1457.6,0.461,228.4,623.0,0.367,274.4,353.4,0.776,172.2,485.4,657.6,438.8,228.0,143.0,86.4,87.4,315.4,319.0,1846.0,26,27,11,26,26,23,27,27,16,26,26,26,26,4,26,27,2,27,4,26,0,2024-25
